<?xml version="1.0" encoding="utf-8"?>
<COLLADA xmlns="http://www.collada.org/2005/11/COLLADASchema" version="1.4.1">
  <asset>
    <unit meter="1" name="meter"/>
    <up_axis>Z_UP</up_axis>
  </asset>
  <library_images>
    <image id="img-0" name="ddd/concrete.hi.base"><init_from>../../../../../../../../../../Refuze_Unity/Assets/StaticAssets/Interiors/pantry_01/concrete.hi.base.jpg</init_from></image>
    <image id="img-1" name="ddd/parquet.hi.base"><init_from>../../../../../../../../../../Refuze_Unity/Assets/StaticAssets/Interiors/pantry_01/parquet.hi.base.jpg</init_from></image>
    <image id="img-2" name="ddd/ceiling.hi.base"><init_from>../../../../../../../../../../Refuze_Unity/Assets/StaticAssets/Interiors/pantry_01/ceiling.hi.base.jpg</init_from></image>
    <image id="img-3" name="ddd/wall_down.hi.base"><init_from>../../../../../../../../../../Refuze_Unity/Assets/StaticAssets/Interiors/pantry_01/wall_down.hi.base.jpg</init_from></image>
    <image id="img-4" name="ddd/wall_middle.hi.base"><init_from>../../../../../../../../../../Refuze_Unity/Assets/StaticAssets/Interiors/pantry_01/wall_middle.hi.base.jpg</init_from></image>
    <image id="img-5" name="ddd/wall_up.hi.base"><init_from>../../../../../../../../../../Refuze_Unity/Assets/StaticAssets/Interiors/pantry_01/wall_up.hi.base.jpg</init_from></image>
    <image id="img-6" name="ddd/wardrobe.hi.base"><init_from>../../../../../../../../../../Refuze_Unity/Assets/StaticAssets/Interiors/pantry_01/wardrobe.hi.base.jpg</init_from></image>
    <image id="img-7" name="ddd/plinth.hi.base"><init_from>../../../../../../../../../../Refuze_Unity/Assets/StaticAssets/Interiors/pantry_01/plinth.hi.base.jpg</init_from></image>
    <image id="img-8" name="ddd/door.hi.base"><init_from>../../../../../../../../../../Refuze_Unity/Assets/StaticAssets/Interiors/pantry_01/door.hi.base.jpg</init_from></image>
    <image id="img-9" name="ddd/door_center.hi.base"><init_from>../../../../../../../../../../Refuze_Unity/Assets/StaticAssets/Interiors/pantry_01/door_center.hi.base.jpg</init_from></image>
    <image id="img-10" name="ddd/hatch.hi.base"><init_from>../../../../../../../../../../Refuze_Unity/Assets/StaticAssets/Interiors/pantry_01/hatch.hi.base.jpg</init_from></image>
    <image id="img-11" name="ddd/box.hi.base"><init_from>../../../../../../../../../../Refuze_Unity/Assets/StaticAssets/Interiors/pantry_01/box.hi.base.jpg</init_from></image>
  </library_images>
  <library_materials>
    <material id="mat-0" name="ddd/concrete.hi.base"><instance_effect url="#mat-0-fx"/></material>
    <material id="mat-1" name="ddd/parquet.hi.base"><instance_effect url="#mat-1-fx"/></material>
    <material id="mat-2" name="ddd/ceiling.hi.base"><instance_effect url="#mat-2-fx"/></material>
    <material id="mat-3" name="ddd/wall_down.hi.base"><instance_effect url="#mat-3-fx"/></material>
    <material id="mat-4" name="ddd/wall_middle.hi.base"><instance_effect url="#mat-4-fx"/></material>
    <material id="mat-5" name="ddd/wall_up.hi.base"><instance_effect url="#mat-5-fx"/></material>
    <material id="mat-6" name="ddd/wardrobe.hi.base"><instance_effect url="#mat-6-fx"/></material>
    <material id="mat-7" name="ddd/plinth.hi.base"><instance_effect url="#mat-7-fx"/></material>
    <material id="mat-8" name="ddd/door.hi.base"><instance_effect url="#mat-8-fx"/></material>
    <material id="mat-9" name="ddd/door_center.hi.base"><instance_effect url="#mat-9-fx"/></material>
    <material id="mat-10" name="ddd/hatch.hi.base"><instance_effect url="#mat-10-fx"/></material>
    <material id="mat-11" name="ddd/box.hi.base"><instance_effect url="#mat-11-fx"/></material>
  </library_materials>
  <library_effects>
    <effect id="mat-0-fx" name="ddd/concrete.hi.base">
      <profile_COMMON>
        <newparam sid="mat-0-surface">
          <surface type="2D">
            <init_from>img-0</init_from>
          </surface>
        </newparam>
        <newparam sid="mat-0-sampler">
          <sampler2D>
            <source>mat-0-surface</source>
          </sampler2D>
        </newparam>
        <technique sid="common">
          <lambert>
            <diffuse><texture texture="mat-0-sampler" texcoord="UVMap"/></diffuse>
          </lambert>
        </technique>
      </profile_COMMON>
    </effect>
    <effect id="mat-1-fx" name="ddd/parquet.hi.base">
      <profile_COMMON>
        <newparam sid="mat-1-surface">
          <surface type="2D">
            <init_from>img-1</init_from>
          </surface>
        </newparam>
        <newparam sid="mat-1-sampler">
          <sampler2D>
            <source>mat-1-surface</source>
          </sampler2D>
        </newparam>
        <technique sid="common">
          <lambert>
            <diffuse><texture texture="mat-1-sampler" texcoord="UVMap"/></diffuse>
          </lambert>
        </technique>
      </profile_COMMON>
    </effect>
    <effect id="mat-2-fx" name="ddd/ceiling.hi.base">
      <profile_COMMON>
        <newparam sid="mat-2-surface">
          <surface type="2D">
            <init_from>img-2</init_from>
          </surface>
        </newparam>
        <newparam sid="mat-2-sampler">
          <sampler2D>
            <source>mat-2-surface</source>
          </sampler2D>
        </newparam>
        <technique sid="common">
          <lambert>
            <diffuse><texture texture="mat-2-sampler" texcoord="UVMap"/></diffuse>
          </lambert>
        </technique>
      </profile_COMMON>
    </effect>
    <effect id="mat-3-fx" name="ddd/wall_down.hi.base">
      <profile_COMMON>
        <newparam sid="mat-3-surface">
          <surface type="2D">
            <init_from>img-3</init_from>
          </surface>
        </newparam>
        <newparam sid="mat-3-sampler">
          <sampler2D>
            <source>mat-3-surface</source>
          </sampler2D>
        </newparam>
        <technique sid="common">
          <lambert>
            <diffuse><texture texture="mat-3-sampler" texcoord="UVMap"/></diffuse>
          </lambert>
        </technique>
      </profile_COMMON>
    </effect>
    <effect id="mat-4-fx" name="ddd/wall_middle.hi.base">
      <profile_COMMON>
        <newparam sid="mat-4-surface">
          <surface type="2D">
            <init_from>img-4</init_from>
          </surface>
        </newparam>
        <newparam sid="mat-4-sampler">
          <sampler2D>
            <source>mat-4-surface</source>
          </sampler2D>
        </newparam>
        <technique sid="common">
          <lambert>
            <diffuse><texture texture="mat-4-sampler" texcoord="UVMap"/></diffuse>
          </lambert>
        </technique>
      </profile_COMMON>
    </effect>
    <effect id="mat-5-fx" name="ddd/wall_up.hi.base">
      <profile_COMMON>
        <newparam sid="mat-5-surface">
          <surface type="2D">
            <init_from>img-5</init_from>
          </surface>
        </newparam>
        <newparam sid="mat-5-sampler">
          <sampler2D>
            <source>mat-5-surface</source>
          </sampler2D>
        </newparam>
        <technique sid="common">
          <lambert>
            <diffuse><texture texture="mat-5-sampler" texcoord="UVMap"/></diffuse>
          </lambert>
        </technique>
      </profile_COMMON>
    </effect>
    <effect id="mat-6-fx" name="ddd/wardrobe.hi.base">
      <profile_COMMON>
        <newparam sid="mat-6-surface">
          <surface type="2D">
            <init_from>img-6</init_from>
          </surface>
        </newparam>
        <newparam sid="mat-6-sampler">
          <sampler2D>
            <source>mat-6-surface</source>
          </sampler2D>
        </newparam>
        <technique sid="common">
          <lambert>
            <diffuse><texture texture="mat-6-sampler" texcoord="UVMap"/></diffuse>
          </lambert>
        </technique>
      </profile_COMMON>
    </effect>
    <effect id="mat-7-fx" name="ddd/plinth.hi.base">
      <profile_COMMON>
        <newparam sid="mat-7-surface">
          <surface type="2D">
            <init_from>img-7</init_from>
          </surface>
        </newparam>
        <newparam sid="mat-7-sampler">
          <sampler2D>
            <source>mat-7-surface</source>
          </sampler2D>
        </newparam>
        <technique sid="common">
          <lambert>
            <diffuse><texture texture="mat-7-sampler" texcoord="UVMap"/></diffuse>
          </lambert>
        </technique>
      </profile_COMMON>
    </effect>
    <effect id="mat-8-fx" name="ddd/door.hi.base">
      <profile_COMMON>
        <newparam sid="mat-8-surface">
          <surface type="2D">
            <init_from>img-8</init_from>
          </surface>
        </newparam>
        <newparam sid="mat-8-sampler">
          <sampler2D>
            <source>mat-8-surface</source>
          </sampler2D>
        </newparam>
        <technique sid="common">
          <lambert>
            <diffuse><texture texture="mat-8-sampler" texcoord="UVMap"/></diffuse>
          </lambert>
        </technique>
      </profile_COMMON>
    </effect>
    <effect id="mat-9-fx" name="ddd/door_center.hi.base">
      <profile_COMMON>
        <newparam sid="mat-9-surface">
          <surface type="2D">
            <init_from>img-9</init_from>
          </surface>
        </newparam>
        <newparam sid="mat-9-sampler">
          <sampler2D>
            <source>mat-9-surface</source>
          </sampler2D>
        </newparam>
        <technique sid="common">
          <lambert>
            <diffuse><texture texture="mat-9-sampler" texcoord="UVMap"/></diffuse>
          </lambert>
        </technique>
      </profile_COMMON>
    </effect>
    <effect id="mat-10-fx" name="ddd/hatch.hi.base">
      <profile_COMMON>
        <newparam sid="mat-10-surface">
          <surface type="2D">
            <init_from>img-10</init_from>
          </surface>
        </newparam>
        <newparam sid="mat-10-sampler">
          <sampler2D>
            <source>mat-10-surface</source>
          </sampler2D>
        </newparam>
        <technique sid="common">
          <lambert>
            <diffuse><texture texture="mat-10-sampler" texcoord="UVMap"/></diffuse>
          </lambert>
        </technique>
      </profile_COMMON>
    </effect>
    <effect id="mat-11-fx" name="ddd/box.hi.base">
      <profile_COMMON>
        <newparam sid="mat-11-surface">
          <surface type="2D">
            <init_from>img-11</init_from>
          </surface>
        </newparam>
        <newparam sid="mat-11-sampler">
          <sampler2D>
            <source>mat-11-surface</source>
          </sampler2D>
        </newparam>
        <technique sid="common">
          <lambert>
            <diffuse><texture texture="mat-11-sampler" texcoord="UVMap"/></diffuse>
          </lambert>
        </technique>
      </profile_COMMON>
    </effect>
  </library_effects>
  <library_geometries>
    <geometry id="Detail0-mesh" name="Detail0-mesh">
      <mesh>
        <source id="Detail0-mesh-positions">
          <float_array id="Detail0-mesh-positions-array" count="21660">66.875000 52.500000 -104.562500 66.875000 -52.500000 -104.562500 -68.125000 -52.500000 -104.562500 -68.125000 52.500000 -104.562500 66.875000 52.500000 -104.531250 66.875000 52.500000 -104.562500 -68.125000 52.500000 -104.562500 -68.125000 52.500000 -104.531250 -68.125000 -52.500000 -104.562500 66.875000 -52.500000 -104.562500 66.875000 -52.500000 -104.531250 -68.125000 -52.500000 -104.531250 66.875000 -52.500000 -104.562500 66.875000 52.500000 -104.562500 66.875000 52.500000 -104.531250 66.875000 -52.500000 -104.531250 -68.125000 52.500000 -104.562500 -68.125000 -52.500000 -104.562500 -68.125000 -52.500000 -104.531250 -68.125000 52.500000 -104.531250 -15.812500 -33.125000 -97.031250 -5.000000 -33.125000 -97.031250 -5.000000 -10.718750 -97.031250 -5.000000 -7.312500 -97.031250 -15.812500 -7.312500 -97.031250 -15.812500 4.375000 -97.031250 -15.812500 -7.312500 -97.031250 -5.000000 -7.312500 -97.031250 28.968750 -7.312500 -97.031250 51.093750 -7.312500 -97.031250 51.093750 4.375000 -97.031250 -29.968750 -51.281250 -97.031250 -29.968750 4.375000 -97.031250 -29.968750 48.781250 -97.031250 -52.687500 48.781250 -97.031250 -52.687500 4.375000 -97.031250 -52.687500 -5.843750 -97.031250 -52.687500 -51.281250 -97.031250 28.968750 -10.718750 -97.031250 13.500000 -10.718750 -97.031250 13.500000 -28.875000 -97.031250 13.500000 -51.281250 -97.031250 28.968750 -51.281250 -97.031250 1.625000 -51.281250 -97.031250 1.625000 -42.625000 -97.031250 -15.812500 -42.625000 -97.031250 -15.812500 -51.281250 -97.031250 -1.218750 -10.718750 -97.031250 -1.218750 -33.125000 -97.031250 1.625000 -33.125000 -97.031250 9.718750 -33.125000 -97.031250 9.718750 -28.875000 -97.031250 9.718750 -10.718750 -97.031250 -15.812500 -38.968750 -97.031250 1.625000 -38.968750 -97.031250 1.625000 -33.125000 -97.031250 -1.218750 -33.125000 -97.031250 -5.000000 -33.125000 -97.031250 -15.812500 -33.125000 -97.031250 9.718750 -28.875000 -97.031250 13.500000 -28.875000 -97.031250 13.500000 -10.718750 -97.031250 9.718750 -10.718750 -97.031250 1.625000 -33.125000 -97.031250 1.625000 -38.968750 -97.031250 1.625000 -42.625000 -97.031250 1.625000 -51.281250 -97.031250 9.718750 -51.281250 -97.031250 9.718750 -33.125000 -97.031250 66.875000 52.500000 -104.531250 -68.125000 52.500000 -104.531250 -80.718750 52.500000 -104.531250 -81.250000 52.500000 -104.531250 -81.250000 66.062500 -104.531250 79.468750 66.062500 -104.531250 79.468750 52.500000 -104.531250 79.468750 66.062500 -104.531250 -81.250000 66.062500 -104.531250 -81.250000 66.062500 -92.250000 -53.250000 66.062500 -92.250000 -52.000000 66.062500 -92.250000 -51.583332 66.062500 -92.250000 -36.916668 66.062500 -92.250000 -35.250000 66.062500 -92.250000 79.468750 66.062500 -92.250000 -81.250000 52.500000 -92.250000 -81.250000 66.062500 -92.250000 -81.250000 66.062500 -104.531250 -81.250000 52.500000 -104.531250 79.468750 52.500000 -104.531250 79.468750 66.062500 -104.531250 79.468750 66.062500 -92.250000 79.468750 52.500000 -92.250000 51.093750 -7.312500 -97.031250 51.093750 -7.312500 -93.000000 51.093750 -2.000000 -93.000000 51.093750 -1.136429 -93.000000 51.093750 0.411873 -93.000000 51.093750 0.937500 -93.000000 51.093750 4.375000 -93.000000 51.093750 4.375000 -97.031250 1.625000 -38.968750 -93.000000 1.625000 -38.968750 -97.031250 -15.812500 -38.968750 -97.031250 -15.812500 -38.968750 -93.000000 1.625000 -42.625000 -97.031250 1.625000 -42.625000 -93.000000 -15.812500 -42.625000 -93.000000 -15.812500 -42.625000 -97.031250 1.625000 -38.968750 -97.031250 1.625000 -38.968750 -93.000000 1.625000 -42.625000 -93.000000 1.625000 -42.625000 -97.031250 -1.218750 -33.125000 -97.031250 -1.218750 -33.125000 -93.000000 -5.000000 -33.125000 -93.000000 -5.000000 -33.125000 -97.031250 -1.218750 -23.750000 -93.000000 -1.218750 -26.483393 -93.000000 -1.218750 -26.687500 -93.000000 -1.218750 -33.125000 -93.000000 -1.218750 -33.125000 -97.031250 -1.218750 -10.718750 -97.031250 -1.218750 -10.718750 -93.000000 13.500000 -28.875000 -93.000000 13.500000 -28.875000 -97.031250 9.718750 -28.875000 -97.031250 9.718750 -28.875000 -93.000000 13.500000 -28.875000 -97.031250 13.500000 -28.875000 -93.000000 13.500000 -43.778709 -93.000000 13.500000 -44.206905 -93.000000 13.500000 -45.406250 -93.000000 13.500000 -46.843750 -93.000000 13.500000 -51.281250 -93.000000 13.500000 -51.281250 -97.031250 9.718750 -46.843750 -93.000000 9.718750 -45.406250 -93.000000 9.718750 -44.420364 -93.000000 9.718750 -43.900715 -93.000000 9.718750 -33.125000 -93.000000 9.718750 -28.875000 -93.000000 9.718750 -28.875000 -97.031250 9.718750 -33.125000 -97.031250 9.718750 -51.281250 -97.031250 9.718750 -51.281250 -93.000000 -1.218750 -10.718750 -93.000000 -1.218750 -10.718750 -97.031250 9.718750 -10.718750 -97.031250 13.500000 -10.718750 -97.031250 28.968750 -10.718750 -97.031250 28.968750 -10.718750 -93.000000 -5.000000 -7.312500 -93.000000 -5.000000 -7.312500 -97.031250 -5.000000 -10.718750 -97.031250 -5.000000 -10.718750 -93.000000 -5.000000 -33.125000 -97.031250 -5.000000 -33.125000 -93.000000 -5.000000 -26.687500 -93.000000 -5.000000 -26.440178 -93.000000 -5.000000 -23.750000 -93.000000 -5.000000 -10.718750 -93.000000 -5.000000 -10.718750 -97.031250 -15.812500 -42.625000 -97.031250 -15.812500 -42.625000 -93.000000 -15.812500 -44.724495 -93.000000 -15.812500 -45.406250 -93.000000 -15.812500 -46.843750 -93.000000 -15.812500 -51.281250 -93.000000 -15.812500 -51.281250 -97.031250 -15.812500 0.937500 -93.000000 -15.812500 -0.354074 -93.000000 -15.812500 -0.883036 -93.000000 -15.812500 -2.000000 -93.000000 -15.812500 -7.312500 -93.000000 -15.812500 -23.750000 -93.000000 -15.812500 -24.011154 -93.000000 -15.812500 -26.316607 -93.000000 -15.812500 -26.687500 -93.000000 -15.812500 -33.125000 -93.000000 -15.812500 -38.968750 -93.000000 -15.812500 -38.968750 -97.031250 -15.812500 -33.125000 -97.031250 -15.812500 -7.312500 -97.031250 -15.812500 4.375000 -97.031250 -15.812500 4.375000 -93.000000 -29.968750 43.062500 -93.000000 -29.968750 43.678928 -93.000000 -29.968750 45.440819 -93.000000 -29.968750 46.000000 -93.000000 -29.968750 48.781250 -93.000000 -29.968750 48.781250 -97.031250 -29.968750 4.375000 -97.031250 -29.968750 4.375000 -93.000000 -29.968750 -51.281250 -97.031250 -29.968750 -51.281250 -93.000000 -29.968750 -46.843750 -93.000000 -29.968750 -45.406250 -93.000000 -29.968750 -45.181255 -93.000000 -29.968750 -26.687500 -93.000000 -29.968750 -26.154821 -93.000000 -29.968750 -24.428743 -93.000000 -29.968750 -23.750000 -93.000000 -29.968750 -2.000000 -93.000000 -29.968750 -0.721250 -93.000000 -29.968750 0.937500 -93.000000 -29.968750 4.375000 -93.000000 -29.968750 4.375000 -97.031250 -15.812500 4.375000 -93.000000 -15.812500 4.375000 -97.031250 51.093750 4.375000 -97.031250 51.093750 4.375000 -93.000000 -29.968750 48.781250 -97.031250 -29.968750 48.781250 -93.000000 -52.687500 48.781250 -93.000000 -52.687500 48.781250 -97.031250 -52.687500 0.937500 -93.000000 -52.687500 -0.461607 -93.000000 -52.687500 -2.000000 -93.000000 -52.687500 -5.843750 -93.000000 -52.687500 -5.843750 -97.031250 -52.687500 4.375000 -97.031250 -52.687500 4.375000 -93.000000 -52.687500 48.781250 -97.031250 -52.687500 48.781250 -93.000000 -52.687500 46.000000 -93.000000 -52.687500 44.770649 -93.000000 -52.687500 43.938572 -93.000000 -52.687500 43.062500 -93.000000 -52.687500 4.375000 -93.000000 -52.687500 4.375000 -97.031250 -52.687500 -5.843750 -97.031250 -52.687500 -5.843750 -93.000000 -52.687500 -23.750000 -93.000000 -52.687500 -25.098913 -93.000000 -52.687500 -25.895178 -93.000000 -52.687500 -26.687500 -93.000000 -52.687500 -45.406250 -93.000000 -52.687500 -46.843750 -93.000000 -52.687500 -51.281250 -93.000000 -52.687500 -51.281250 -97.031250 -29.968750 -51.281250 -93.000000 -29.968750 -51.281250 -97.031250 -52.687500 -51.281250 -97.031250 -52.687500 -51.281250 -93.000000 1.625000 -51.281250 -97.031250 -15.812500 -51.281250 -97.031250 -15.812500 -51.281250 -93.000000 9.718750 -51.281250 -93.000000 9.718750 -51.281250 -97.031250 13.500000 -51.281250 -97.031250 13.500000 -51.281250 -93.000000 28.968750 -51.281250 -93.000000 28.968750 -51.281250 -97.031250 28.968750 -46.843750 -93.000000 28.968750 -45.406250 -93.000000 28.968750 -43.333668 -93.000000 28.968750 -43.279602 -93.000000 28.968750 -26.687500 -93.000000 28.968750 -23.750000 -93.000000 28.968750 -10.718750 -93.000000 28.968750 -10.718750 -97.031250 28.968750 -51.281250 -97.031250 28.968750 -51.281250 -93.000000 51.093750 -7.312500 -93.000000 51.093750 -7.312500 -97.031250 28.968750 -7.312500 -97.031250 28.968750 -7.312500 -93.000000 -5.000000 -7.312500 -97.031250 -5.000000 -7.312500 -93.000000 28.968750 -7.312500 -93.000000 28.968750 -7.312500 -97.031250 49.843750 0.375000 -92.250000 49.843750 0.375000 -93.000000 50.093750 -1.125000 -93.000000 50.093750 -1.125000 -92.250000 49.625000 -1.119643 -92.250000 49.625000 -1.119643 -93.000000 49.625000 -2.000000 -93.000000 49.625000 -2.000000 -92.250000 49.625000 0.368547 -93.000000 49.625000 0.368547 -92.250000 49.625000 0.937500 -92.250000 49.625000 0.937500 -93.000000 39.250000 0.062500 -93.000000 39.250000 0.062500 -92.250000 39.156250 -1.000000 -92.250000 39.156250 -1.000000 -93.000000 49.843750 0.375000 -93.000000 49.843750 0.375000 -92.250000 49.625000 0.368547 -92.250000 49.625000 0.368547 -93.000000 39.250000 0.062500 -92.250000 39.250000 0.062500 -93.000000 39.343750 0.065265 -93.000000 39.343750 0.065265 -92.250000 8.008379 -0.644024 -93.000000 8.008379 -0.644024 -92.250000 7.843750 0.343750 -92.250000 7.843750 0.343750 -93.000000 8.008379 -0.644024 -92.250000 8.008379 -0.644024 -93.000000 8.093750 -1.156250 -93.000000 8.093750 -1.156250 -92.250000 50.093750 -1.125000 -92.250000 50.093750 -1.125000 -93.000000 49.625000 -1.119643 -93.000000 49.625000 -1.119643 -92.250000 39.156250 -1.000000 -93.000000 39.156250 -1.000000 -92.250000 39.343750 -1.002143 -92.250000 39.343750 -1.002143 -93.000000 39.343750 -1.002143 -93.000000 39.343750 -1.002143 -92.250000 39.343750 -1.513393 -92.250000 39.343750 -1.513393 -93.000000 39.343750 0.065265 -92.250000 39.343750 0.065265 -93.000000 39.343750 0.937500 -93.000000 39.343750 0.937500 -92.250000 39.343750 -1.513393 -93.000000 39.343750 -1.513393 -92.250000 39.343750 -2.000000 -92.250000 39.343750 -2.000000 -93.000000 7.656250 0.338219 -93.000000 7.656250 0.338219 -92.250000 7.656250 0.937500 -92.250000 7.656250 0.937500 -93.000000 7.656250 -1.151250 -92.250000 7.656250 -1.151250 -93.000000 7.656250 -2.000000 -93.000000 7.656250 -2.000000 -92.250000 -2.843750 -1.031250 -92.250000 -2.843750 -1.031250 -93.000000 -2.750000 0.031250 -93.000000 -2.750000 0.031250 -92.250000 7.656250 0.338219 -92.250000 7.656250 0.338219 -93.000000 7.843750 0.343750 -93.000000 7.843750 0.343750 -92.250000 -2.625000 0.034937 -93.000000 -2.625000 0.034937 -92.250000 -2.750000 0.031250 -92.250000 -2.750000 0.031250 -93.000000 -2.625000 -1.033750 -93.000000 -2.625000 -1.033750 -92.250000 -2.625000 -2.000000 -92.250000 -2.625000 -2.000000 -93.000000 -2.625000 0.034937 -92.250000 -2.625000 0.034937 -93.000000 -2.625000 0.937500 -93.000000 -2.625000 0.937500 -92.250000 -2.625000 -1.033750 -92.250000 -2.625000 -1.033750 -93.000000 -2.843750 -1.031250 -93.000000 -2.843750 -1.031250 -92.250000 7.656250 -1.151250 -93.000000 7.656250 -1.151250 -92.250000 8.093750 -1.156250 -92.250000 8.093750 -1.156250 -93.000000 -36.187500 43.750000 -93.000000 -36.187500 43.750000 -92.250000 -36.437500 45.250000 -92.250000 -36.437500 45.250000 -93.000000 -36.531250 45.247234 -93.000000 -36.531250 45.247234 -92.250000 -36.531250 46.000000 -92.250000 -36.531250 46.000000 -93.000000 -36.531250 43.753929 -92.250000 -36.531250 43.753929 -93.000000 -36.531250 43.062500 -93.000000 -36.531250 43.062500 -92.250000 -47.125000 43.875000 -92.250000 -47.125000 43.875000 -93.000000 -47.031250 44.937500 -93.000000 -47.031250 44.937500 -92.250000 -36.531250 45.247234 -92.250000 -36.531250 45.247234 -93.000000 -36.437500 45.250000 -93.000000 -36.437500 45.250000 -92.250000 -46.812500 44.943954 -93.000000 -46.812500 44.943954 -92.250000 -47.031250 44.937500 -92.250000 -47.031250 44.937500 -93.000000 -46.812500 44.943954 -92.250000 -46.812500 44.943954 -93.000000 -46.812500 46.000000 -93.000000 -46.812500 46.000000 -92.250000 -46.812500 43.871429 -93.000000 -46.812500 43.871429 -92.250000 -46.812500 43.062500 -92.250000 -46.812500 43.062500 -93.000000 -46.812500 43.871429 -92.250000 -46.812500 43.871429 -93.000000 -47.125000 43.875000 -93.000000 -47.125000 43.875000 -92.250000 -36.531250 43.753929 -93.000000 -36.531250 43.753929 -92.250000 -36.187500 43.750000 -92.250000 -36.187500 43.750000 -93.000000 -36.531250 46.000000 -93.000000 -36.531250 46.000000 -92.250000 -46.812500 46.000000 -92.250000 -46.812500 46.000000 -93.000000 7.656250 0.937500 -93.000000 7.656250 0.937500 -92.250000 -2.625000 0.937500 -92.250000 -2.625000 0.937500 -93.000000 49.625000 0.937500 -93.000000 49.625000 0.937500 -92.250000 39.343750 0.937500 -92.250000 39.343750 0.937500 -93.000000 -36.531250 43.062500 -92.250000 -36.531250 43.062500 -93.000000 -46.812500 43.062500 -93.000000 -46.812500 43.062500 -92.250000 -35.562500 -24.593750 -92.250000 -35.562500 -24.593750 -93.000000 -35.312500 -26.093750 -93.000000 -35.312500 -26.093750 -92.250000 -35.718750 -26.089108 -92.250000 -35.718750 -26.089108 -93.000000 -35.718750 -26.687500 -93.000000 -35.718750 -26.687500 -92.250000 -35.718750 -24.598360 -93.000000 -35.718750 -24.598360 -92.250000 -35.718750 -23.750000 -92.250000 -35.718750 -23.750000 -93.000000 -46.156250 -24.906250 -93.000000 -46.156250 -24.906250 -92.250000 -46.250000 -25.968750 -92.250000 -46.250000 -25.968750 -93.000000 -35.718750 -24.598360 -92.250000 -35.718750 -24.598360 -93.000000 -35.562500 -24.593750 -93.000000 -35.562500 -24.593750 -92.250000 -46.000000 -24.901640 -93.000000 -46.000000 -24.901640 -92.250000 -46.156250 -24.906250 -92.250000 -46.156250 -24.906250 -93.000000 -46.000000 -25.971607 -93.000000 -46.000000 -25.971607 -92.250000 -46.000000 -26.687500 -92.250000 -46.000000 -26.687500 -93.000000 -46.000000 -24.901640 -92.250000 -46.000000 -24.901640 -93.000000 -46.000000 -23.750000 -93.000000 -46.000000 -23.750000 -92.250000 -46.000000 -25.971607 -92.250000 -46.000000 -25.971607 -93.000000 -46.250000 -25.968750 -93.000000 -46.250000 -25.968750 -92.250000 -35.718750 -26.089108 -93.000000 -35.718750 -26.089108 -92.250000 -35.312500 -26.093750 -92.250000 -35.312500 -26.093750 -93.000000 7.656250 -2.000000 -92.250000 7.656250 -2.000000 -93.000000 -2.625000 -2.000000 -93.000000 -2.625000 -2.000000 -92.250000 49.625000 -2.000000 -92.250000 49.625000 -2.000000 -93.000000 39.343750 -2.000000 -93.000000 39.343750 -2.000000 -92.250000 -35.718750 -23.750000 -93.000000 -35.718750 -23.750000 -92.250000 -46.000000 -23.750000 -92.250000 -46.000000 -23.750000 -93.000000 23.250000 -46.843750 -93.000000 23.250000 -46.843750 -92.250000 23.250000 -45.406250 -92.250000 23.250000 -45.406250 -93.000000 18.531250 -46.256771 -93.000000 18.531250 -46.256771 -92.250000 18.531250 -46.843750 -92.250000 18.531250 -46.843750 -93.000000 18.531250 -46.256771 -92.250000 18.531250 -46.256771 -93.000000 17.843750 -46.125000 -93.000000 17.843750 -46.125000 -92.250000 17.346189 -44.270271 -93.000000 17.346189 -44.270271 -92.250000 17.093750 -45.406250 -92.250000 17.093750 -45.406250 -93.000000 17.737122 -44.285664 -92.250000 17.737122 -44.285664 -93.000000 17.718750 -43.968750 -93.000000 17.718750 -43.968750 -92.250000 17.843750 -46.125000 -92.250000 17.843750 -46.125000 -93.000000 17.802084 -45.406250 -93.000000 17.802084 -45.406250 -92.250000 17.737122 -44.285664 -93.000000 17.737122 -44.285664 -92.250000 17.346189 -44.270271 -92.250000 17.346189 -44.270271 -93.000000 21.593750 -44.437500 -93.000000 21.593750 -44.437500 -92.250000 21.593750 -43.750000 -92.250000 21.593750 -43.750000 -93.000000 21.593750 -44.437500 -92.250000 21.593750 -44.437500 -93.000000 22.156250 -45.406250 -93.000000 22.156250 -45.406250 -92.250000 20.533636 -43.551765 -92.250000 20.533636 -43.551765 -93.000000 20.850525 -43.791958 -93.000000 20.850525 -43.791958 -92.250000 18.263889 -43.625000 -93.000000 18.263889 -43.625000 -92.250000 18.252094 -43.938641 -92.250000 18.252094 -43.938641 -93.000000 18.252094 -43.938641 -93.000000 18.252094 -43.938641 -92.250000 17.718750 -43.968750 -92.250000 17.718750 -43.968750 -93.000000 20.850525 -43.791958 -92.250000 20.850525 -43.791958 -93.000000 21.593750 -43.750000 -93.000000 21.593750 -43.750000 -92.250000 -46.000000 -26.687500 -92.250000 -35.718750 -26.687500 -92.250000 -35.718750 -26.687500 -93.000000 -46.000000 -26.687500 -93.000000 17.093750 -45.406250 -93.000000 17.093750 -45.406250 -92.250000 17.802084 -45.406250 -92.250000 17.802084 -45.406250 -93.000000 22.156250 -45.406250 -92.250000 22.156250 -45.406250 -93.000000 23.250000 -45.406250 -93.000000 23.250000 -45.406250 -92.250000 20.533636 -43.551765 -93.000000 20.533636 -43.551765 -92.250000 18.263889 -43.625000 -92.250000 18.263889 -43.625000 -93.000000 -35.718750 -26.687500 -93.000000 -35.718750 -26.089108 -93.000000 -35.312500 -26.093750 -93.000000 -29.968750 -26.154821 -93.000000 -29.968750 -26.687500 -93.000000 13.500000 -26.687500 -93.000000 9.718750 -26.687500 -93.000000 -1.218750 -26.687500 -93.000000 -1.218750 -26.483393 -93.000000 16.640625 -26.687500 -93.000000 -36.942001 -45.406250 -93.000000 -29.968750 -45.181255 -93.000000 -29.968750 -45.406250 -93.000000 -52.687500 -5.843750 -93.000000 -52.687500 -2.000000 -93.000000 -29.968750 -2.000000 -93.000000 -29.968750 -23.750000 -93.000000 -35.718750 -23.750000 -93.000000 -46.000000 -23.750000 -93.000000 -52.687500 -23.750000 -93.000000 -15.812500 -2.000000 -93.000000 -2.625000 -2.000000 -93.000000 7.656250 -2.000000 -93.000000 39.343750 -2.000000 -93.000000 49.625000 -2.000000 -93.000000 51.093750 -2.000000 -93.000000 51.093750 -7.312500 -93.000000 28.968750 -7.312500 -93.000000 -5.000000 -7.312500 -93.000000 -15.812500 -7.312500 -93.000000 39.250000 0.062500 -93.000000 39.156250 -1.000000 -93.000000 13.263025 -0.704077 -93.000000 -6.959375 -23.750000 -93.000000 -15.812500 -24.011154 -93.000000 -15.812500 -23.750000 -93.000000 -29.968750 -24.428743 -93.000000 -35.562500 -24.593750 -93.000000 -35.718750 -24.598360 -93.000000 -35.718750 -23.750000 -93.000000 -29.968750 -23.750000 -93.000000 -5.000000 -10.718750 -93.000000 -5.000000 -23.750000 -93.000000 -6.959375 -23.750000 -93.000000 -15.812500 -23.750000 -93.000000 -15.812500 -7.312500 -93.000000 -5.000000 -7.312500 -93.000000 -52.687500 -25.098913 -93.000000 -46.156250 -24.906250 -93.000000 -46.250000 -25.968750 -93.000000 -52.687500 -25.895178 -93.000000 -15.812500 -24.011154 -93.000000 -6.959375 -23.750000 -93.000000 -5.000000 -23.750000 -93.000000 -5.000000 -26.440178 -93.000000 -15.812500 -26.316607 -93.000000 51.093750 0.411873 -93.000000 49.843750 0.375000 -93.000000 49.625000 0.368547 -93.000000 49.625000 0.937500 -93.000000 51.093750 0.937500 -93.000000 -29.968750 -45.181255 -93.000000 -36.942001 -45.406250 -93.000000 -52.687500 -45.406250 -93.000000 -52.687500 -26.687500 -93.000000 -46.000000 -26.687500 -93.000000 -35.718750 -26.687500 -93.000000 -29.968750 -26.687500 -93.000000 39.343750 0.065265 -93.000000 39.250000 0.062500 -93.000000 13.263025 -0.704077 -93.000000 8.008379 -0.644024 -93.000000 7.843750 0.343750 -93.000000 27.971874 0.937500 -93.000000 39.343750 0.937500 -93.000000 9.718750 -26.687500 -93.000000 13.500000 -26.687500 -93.000000 13.500000 -28.875000 -93.000000 9.718750 -28.875000 -93.000000 28.968750 -43.279602 -93.000000 20.533636 -43.551765 -93.000000 18.263889 -43.625000 -93.000000 13.500000 -43.778709 -93.000000 13.500000 -28.875000 -93.000000 13.500000 -26.687500 -93.000000 16.640625 -26.687500 -93.000000 28.968750 -26.687500 -93.000000 49.625000 -1.119643 -93.000000 50.093750 -1.125000 -93.000000 51.093750 -1.136429 -93.000000 51.093750 -2.000000 -93.000000 49.625000 -2.000000 -93.000000 16.640625 -26.687500 -93.000000 -1.218750 -26.483393 -93.000000 -1.218750 -23.750000 -93.000000 28.968750 -23.750000 -93.000000 28.968750 -26.687500 -93.000000 1.625000 -33.125000 -93.000000 -1.218750 -33.125000 -93.000000 -1.218750 -26.687500 -93.000000 9.718750 -26.687500 -93.000000 9.718750 -28.875000 -93.000000 9.718750 -33.125000 -93.000000 8.093750 -1.156250 -93.000000 8.008379 -0.644024 -93.000000 13.263025 -0.704077 -93.000000 39.156250 -1.000000 -93.000000 39.343750 -1.002143 -93.000000 39.343750 -1.513393 -93.000000 -15.812500 -26.687500 -93.000000 -5.000000 -26.687500 -93.000000 -5.000000 -33.125000 -93.000000 -15.812500 -33.125000 -93.000000 1.625000 -38.968750 -93.000000 -15.812500 -38.968750 -93.000000 -15.812500 -33.125000 -93.000000 -5.000000 -33.125000 -93.000000 -1.218750 -33.125000 -93.000000 1.625000 -33.125000 -93.000000 51.093750 0.937500 -93.000000 49.625000 0.937500 -93.000000 39.343750 0.937500 -93.000000 27.971874 0.937500 -93.000000 7.656250 0.937500 -93.000000 -2.625000 0.937500 -93.000000 -15.812500 0.937500 -93.000000 -15.812500 4.375000 -93.000000 51.093750 4.375000 -93.000000 -52.687500 4.375000 -93.000000 -52.687500 43.062500 -93.000000 -46.812500 43.062500 -93.000000 -36.531250 43.062500 -93.000000 -29.968750 43.062500 -93.000000 -29.968750 4.375000 -93.000000 -29.968750 0.937500 -93.000000 -52.687500 0.937500 -93.000000 17.718750 -43.968750 -93.000000 17.737122 -44.285664 -93.000000 17.346189 -44.270271 -93.000000 14.418965 -44.155029 -93.000000 28.968750 -46.843750 -93.000000 23.250000 -46.843750 -93.000000 23.250000 -45.406250 -93.000000 28.968750 -45.406250 -93.000000 50.093750 -1.125000 -93.000000 49.843750 0.375000 -93.000000 51.093750 0.411873 -93.000000 51.093750 -1.136429 -93.000000 -29.968750 48.781250 -93.000000 -29.968750 46.000000 -93.000000 -36.531250 46.000000 -93.000000 -46.812500 46.000000 -93.000000 -52.687500 46.000000 -93.000000 -52.687500 48.781250 -93.000000 1.625000 -44.161865 -93.000000 -15.812500 -44.724495 -93.000000 -15.812500 -42.625000 -93.000000 1.625000 -42.625000 -93.000000 7.843750 0.343750 -93.000000 7.656250 0.338219 -93.000000 7.656250 0.937500 -93.000000 27.971874 0.937500 -93.000000 9.718750 -43.900715 -93.000000 1.625000 -44.161865 -93.000000 1.625000 -42.625000 -93.000000 1.625000 -38.968750 -93.000000 1.625000 -33.125000 -93.000000 9.718750 -33.125000 -93.000000 13.500000 -43.778709 -93.000000 18.263889 -43.625000 -93.000000 18.252094 -43.938641 -93.000000 17.718750 -43.968750 -93.000000 14.418965 -44.155029 -93.000000 13.500000 -44.206905 -93.000000 17.843750 -46.125000 -93.000000 18.531250 -46.256771 -93.000000 18.531250 -46.843750 -93.000000 17.885416 -46.843750 -93.000000 -52.687500 43.938572 -93.000000 -47.125000 43.875000 -93.000000 -46.812500 43.871429 -93.000000 -46.812500 43.062500 -93.000000 -52.687500 43.062500 -93.000000 7.656250 -2.000000 -93.000000 7.656250 -1.151250 -93.000000 8.093750 -1.156250 -93.000000 39.343750 -1.513393 -93.000000 39.343750 -2.000000 -93.000000 -15.812500 -44.724495 -93.000000 1.625000 -44.161865 -93.000000 9.718750 -43.900715 -93.000000 9.718750 -44.420364 -93.000000 -7.745536 -45.406250 -93.000000 -15.812500 -45.406250 -93.000000 -46.000000 -23.750000 -93.000000 -46.000000 -24.901640 -93.000000 -46.156250 -24.906250 -93.000000 -52.687500 -25.098913 -93.000000 -52.687500 -23.750000 -93.000000 23.250000 -45.406250 -93.000000 22.156250 -45.406250 -93.000000 21.593750 -44.437500 -93.000000 21.593750 -43.750000 -93.000000 28.968750 -43.333668 -93.000000 28.968750 -45.406250 -93.000000 -15.812500 -26.316607 -93.000000 -5.000000 -26.440178 -93.000000 -5.000000 -26.687500 -93.000000 -15.812500 -26.687500 -93.000000 -46.812500 46.000000 -93.000000 -46.812500 44.943954 -93.000000 -47.031250 44.937500 -93.000000 -52.687500 44.770649 -93.000000 -52.687500 46.000000 -93.000000 21.593750 -43.750000 -93.000000 20.850525 -43.791958 -93.000000 20.533636 -43.551765 -93.000000 28.968750 -43.279602 -93.000000 28.968750 -43.333668 -93.000000 -47.031250 44.937500 -93.000000 -47.125000 43.875000 -93.000000 -52.687500 43.938572 -93.000000 -52.687500 44.770649 -93.000000 -29.968750 -46.843750 -93.000000 -52.687500 -46.843750 -93.000000 -52.687500 -45.406250 -93.000000 -36.942001 -45.406250 -93.000000 -29.968750 -45.406250 -93.000000 17.093750 -45.406250 -93.000000 17.802084 -45.406250 -93.000000 17.843750 -46.125000 -93.000000 17.885416 -46.843750 -93.000000 13.500000 -46.843750 -93.000000 13.500000 -45.406250 -93.000000 -2.750000 0.031250 -93.000000 -2.843750 -1.031250 -93.000000 -15.812500 -0.883036 -93.000000 -15.812500 -0.354074 -93.000000 -36.531250 43.062500 -93.000000 -36.531250 43.753929 -93.000000 -36.187500 43.750000 -93.000000 -29.968750 43.678928 -93.000000 -29.968750 43.062500 -93.000000 9.718750 -46.843750 -93.000000 -15.812500 -46.843750 -93.000000 -15.812500 -45.406250 -93.000000 -7.745536 -45.406250 -93.000000 9.718750 -45.406250 -93.000000 -52.687500 -25.895178 -93.000000 -46.250000 -25.968750 -93.000000 -46.000000 -25.971607 -93.000000 -46.000000 -26.687500 -93.000000 -52.687500 -26.687500 -93.000000 -35.312500 -26.093750 -93.000000 -35.562500 -24.593750 -93.000000 -29.968750 -24.428743 -93.000000 -29.968750 -26.154821 -93.000000 -29.968750 45.440819 -93.000000 -36.437500 45.250000 -93.000000 -36.531250 45.247234 -93.000000 -36.531250 46.000000 -93.000000 -29.968750 46.000000 -93.000000 -52.687500 -46.843750 -93.000000 -29.968750 -46.843750 -93.000000 -29.968750 -51.281250 -93.000000 -52.687500 -51.281250 -93.000000 13.500000 -44.206905 -93.000000 14.418965 -44.155029 -93.000000 17.346189 -44.270271 -93.000000 17.093750 -45.406250 -93.000000 13.500000 -45.406250 -93.000000 -29.968750 -0.721250 -93.000000 -52.687500 -0.461607 -93.000000 -52.687500 0.937500 -93.000000 -29.968750 0.937500 -93.000000 -29.968750 43.678928 -93.000000 -36.187500 43.750000 -93.000000 -36.437500 45.250000 -93.000000 -29.968750 45.440819 -93.000000 -7.745536 -45.406250 -93.000000 9.718750 -44.420364 -93.000000 9.718750 -45.406250 -93.000000 -15.812500 -0.883036 -93.000000 -2.843750 -1.031250 -93.000000 -2.625000 -1.033750 -93.000000 -2.625000 -2.000000 -93.000000 -15.812500 -2.000000 -93.000000 -52.687500 -0.461607 -93.000000 -29.968750 -0.721250 -93.000000 -29.968750 -2.000000 -93.000000 -52.687500 -2.000000 -93.000000 -2.625000 0.937500 -93.000000 -2.625000 0.034937 -93.000000 -2.750000 0.031250 -93.000000 -15.812500 -0.354074 -93.000000 -15.812500 0.937500 -93.000000 13.500000 -51.281250 -93.000000 13.500000 -46.843750 -93.000000 17.885416 -46.843750 -93.000000 18.531250 -46.843750 -93.000000 23.250000 -46.843750 -93.000000 28.968750 -46.843750 -93.000000 28.968750 -51.281250 -93.000000 -15.812500 -51.281250 -93.000000 -15.812500 -46.843750 -93.000000 9.718750 -46.843750 -93.000000 9.718750 -51.281250 -93.000000 28.968750 -23.750000 -93.000000 -1.218750 -23.750000 -93.000000 -1.218750 -10.718750 -93.000000 28.968750 -10.718750 -93.000000 -28.736975 -0.735327 -92.250000 -2.750000 0.031250 -92.250000 -2.625000 0.034937 -92.250000 -2.625000 0.937500 -92.250000 -35.250046 0.937500 -92.250000 -67.437500 0.937500 -92.250000 -67.437500 -0.293036 -92.250000 -2.625000 -2.000000 -92.250000 -2.625000 -1.033750 -92.250000 -2.843750 -1.031250 -92.250000 -28.736975 -0.735327 -92.250000 -67.437500 -0.293036 -92.250000 -67.437500 -2.000000 -92.250000 -36.437500 45.250000 -92.250000 -36.187500 43.750000 -92.250000 -23.812500 43.608570 -92.250000 -23.812500 45.622417 -92.250000 -35.250046 46.000000 -92.250000 -36.531250 46.000000 -92.250000 -36.531250 45.247234 -92.250000 -36.437500 45.250000 -92.250000 -23.812500 45.622417 -92.250000 -23.812500 46.000000 -92.250000 -23.812500 43.608570 -92.250000 -36.187500 43.750000 -92.250000 -36.531250 43.753929 -92.250000 -36.531250 43.062500 -92.250000 -35.250046 43.062500 -92.250000 -23.812544 43.062500 -92.250000 -23.812500 43.062500 -92.250000 -28.736975 -0.735327 -92.250000 -2.843750 -1.031250 -92.250000 -2.750000 0.031250 -92.250000 -67.437500 44.107143 -92.250000 -47.125000 43.875000 -92.250000 -47.031250 44.937500 -92.250000 -67.437500 44.335545 -92.250000 -67.437500 44.335545 -92.250000 -47.031250 44.937500 -92.250000 -46.812500 44.943954 -92.250000 -46.812500 46.000000 -92.250000 -53.250000 46.000000 -92.250000 -67.437500 46.000000 -92.250000 -46.812500 43.062500 -92.250000 -46.812500 43.871429 -92.250000 -47.125000 43.875000 -92.250000 -67.437500 44.107143 -92.250000 -67.437500 43.062500 -92.250000 39.343750 -1.513393 -92.250000 8.093750 -1.156250 -92.250000 7.656250 -1.151250 -92.250000 7.656250 -2.000000 -92.250000 39.343750 -2.000000 -92.250000 -35.250046 46.000000 -92.250000 -23.812500 46.000000 -92.250000 -23.812500 51.812466 -92.250000 -35.250046 51.812462 -92.250000 -53.250000 52.500000 -92.250000 -53.250164 52.500000 -92.250000 -53.250160 51.812458 -92.250000 -53.250000 51.812458 -92.250000 7.656250 0.937500 -92.250000 7.656250 0.338219 -92.250000 7.843750 0.343750 -92.250000 27.971874 0.937500 -92.250000 -67.437500 46.000000 -92.250000 -53.250000 46.000000 -92.250000 -53.250000 51.812458 -92.250000 -53.250160 51.812458 -92.250000 -67.437500 51.812458 -92.250000 -35.250046 51.812462 -92.250000 -35.250046 52.500000 -92.250000 -36.500000 52.500000 -92.250000 -36.916668 52.500000 -92.250000 -51.583332 52.500000 -92.250000 -52.000000 52.500000 -92.250000 -53.250000 52.500000 -92.250000 -53.250000 51.812458 -92.250000 -53.250000 46.000000 -92.250000 -46.812500 46.000000 -92.250000 -36.531250 46.000000 -92.250000 -35.250046 46.000000 -92.250000 58.271122 7.500000 -92.250000 66.187500 7.499981 -92.250000 66.187500 7.500000 -92.250000 -23.812500 7.500199 -92.250000 -23.812500 43.062500 -92.250000 -23.812544 43.062500 -92.250000 -23.812544 7.500199 -92.250000 39.343750 -1.002143 -92.250000 39.156250 -1.000000 -92.250000 13.263025 -0.704077 -92.250000 8.008379 -0.644024 -92.250000 8.093750 -1.156250 -92.250000 39.343750 -1.513393 -92.250000 -23.812544 6.812502 -92.250000 -23.812544 7.500199 -92.250000 -23.812544 43.062500 -92.250000 -35.250046 43.062500 -92.250000 -35.250046 6.812500 -92.250000 -35.250046 0.937500 -92.250000 -2.625000 0.937500 -92.250000 7.656250 0.937500 -92.250000 27.971874 0.937500 -92.250000 39.343750 0.937500 -92.250000 49.625000 0.937500 -92.250000 66.187500 0.937500 -92.250000 66.187500 6.812513 -92.250000 -23.812544 6.812502 -92.250000 -35.250046 6.812500 -92.250000 -6.959375 -23.750000 -92.250000 -35.562500 -24.593750 -92.250000 -35.312500 -26.093750 -92.250000 9.468795 -26.605536 -92.250000 9.468794 -25.781250 -92.250000 9.468791 -23.750000 -92.250000 37.031250 -23.750000 -92.250000 9.468791 -23.750000 -92.250000 9.468794 -25.781250 -92.250000 37.031250 -25.781250 -92.250000 9.468795 -26.605536 -92.250000 16.640625 -26.687500 -92.250000 23.534142 -26.687500 -92.250000 24.524248 -26.687500 -92.250000 60.531250 -26.687500 -92.250000 60.531250 -25.781250 -92.250000 37.031250 -25.781250 -92.250000 9.468794 -25.781250 -92.250000 7.843750 0.343750 -92.250000 8.008379 -0.644024 -92.250000 13.263025 -0.704077 -92.250000 39.250000 0.062500 -92.250000 39.343750 0.065265 -92.250000 39.343750 0.937500 -92.250000 27.971874 0.937500 -92.250000 65.437500 -26.687500 -92.250000 65.440475 -26.687500 -92.250000 66.187500 -26.687500 -92.250000 66.187500 -23.750000 -92.250000 60.531250 -23.750000 -92.250000 60.531250 -25.781250 -92.250000 60.531250 -26.687500 -92.250000 65.440361 -46.843750 -92.250000 65.437500 -46.843750 -92.250000 65.437500 -51.812317 -92.250000 65.440331 -51.812317 -92.250000 39.156250 -1.000000 -92.250000 39.250000 0.062500 -92.250000 13.263025 -0.704077 -92.250000 -32.531250 -23.750000 -92.250000 -35.718750 -23.750000 -92.250000 -35.718750 -24.598360 -92.250000 -35.562500 -24.593750 -92.250000 -6.959375 -23.750000 -92.250000 16.640625 -26.687500 -92.250000 9.468795 -26.605536 -92.250000 -35.312500 -26.093750 -92.250000 -35.718750 -26.089108 -92.250000 -35.718750 -26.687500 -92.250000 66.187500 -1.308929 -92.250000 50.093750 -1.125000 -92.250000 49.625000 -1.119643 -92.250000 49.625000 -2.000000 -92.250000 66.187500 -2.000000 -92.250000 -46.250000 -25.968750 -92.250000 -46.156250 -24.906250 -92.250000 -67.437500 -25.534016 -92.250000 -67.437500 -25.726606 -92.250000 -67.437500 -25.534016 -92.250000 -46.156250 -24.906250 -92.250000 -46.000000 -24.901640 -92.250000 -46.000000 -23.750000 -92.250000 -67.437500 -23.750000 -92.250000 -56.375000 -26.687500 -92.250000 -46.000000 -26.687500 -92.250000 -46.000000 -25.971607 -92.250000 -46.250000 -25.968750 -92.250000 -67.437500 -25.726606 -92.250000 -67.437500 -26.687500 -92.250000 9.468770 -9.125000 -92.250000 9.468769 -7.875000 -92.250000 8.843750 -7.875000 -92.250000 -31.906250 -7.875000 -92.250000 -32.531250 -7.875000 -92.250000 -32.531250 -23.750000 -92.250000 -6.959375 -23.750000 -92.250000 9.468791 -23.750000 -92.250000 -31.906250 -6.270156 -92.250000 -31.906250 -6.271653 -92.250000 -31.906250 -6.274710 -92.250000 -31.906250 -7.875000 -92.250000 8.843750 -7.875000 -92.250000 8.843750 -6.274710 -92.250000 8.843750 -6.271653 -92.250000 8.843750 -6.270156 -92.250000 49.625000 0.937500 -92.250000 49.625000 0.368547 -92.250000 49.843750 0.375000 -92.250000 66.187500 0.857117 -92.250000 66.187500 0.937500 -92.250000 -31.906250 -7.875000 -92.250000 -31.906250 -6.274710 -92.250000 -32.531250 -6.274710 -92.250000 -32.531250 -7.875000 -92.250000 66.187500 0.857117 -92.250000 49.843750 0.375000 -92.250000 50.093750 -1.125000 -92.250000 66.187500 -1.308929 -92.250000 9.468766 -6.274710 -92.250000 8.843750 -6.274710 -92.250000 8.843750 -7.875000 -92.250000 9.468769 -7.875000 -92.250000 -67.437500 -6.270156 -92.250000 -67.437500 -23.750000 -92.250000 -46.000000 -23.750000 -92.250000 -35.718750 -23.750000 -92.250000 -32.531250 -23.750000 -92.250000 -32.531250 -7.875000 -92.250000 -32.531250 -6.274710 -92.250000 -32.531250 -6.270156 -92.250000 9.468791 -23.750000 -92.250000 37.031250 -23.750000 -92.250000 37.031250 -9.125000 -92.250000 9.468770 -9.125000 -92.250000 9.468766 -6.274710 -92.250000 9.468769 -7.875000 -92.250000 9.468770 -9.125000 -92.250000 37.031250 -9.125000 -92.250000 60.531250 -9.125000 -92.250000 60.531250 -6.270156 -92.250000 9.468766 -6.270156 -92.250000 60.531250 -9.125000 -92.250000 60.531250 -23.750000 -92.250000 66.187500 -23.750000 -92.250000 66.187500 -6.270156 -92.250000 60.531250 -6.270156 -92.250000 66.187500 -2.000000 -92.250000 49.625000 -2.000000 -92.250000 39.343750 -2.000000 -92.250000 7.656250 -2.000000 -92.250000 -2.625000 -2.000000 -92.250000 -67.437500 -2.000000 -92.250000 -67.437500 -6.270156 -92.250000 -32.531250 -6.270156 -92.250000 -31.906250 -6.270156 -92.250000 8.843750 -6.270156 -92.250000 9.468766 -6.270156 -92.250000 60.531250 -6.270156 -92.250000 66.187500 -6.270156 -92.250000 65.437500 -46.843750 -92.250000 65.440361 -46.843750 -92.250000 65.440369 -45.406250 -92.250000 65.437500 -45.406250 -92.250000 23.250000 -45.406250 -92.250000 23.250000 -46.843750 -92.250000 23.534063 -46.843750 -92.250000 23.534069 -45.406250 -92.250000 18.531250 -46.843750 -92.250000 18.531250 -46.256771 -92.250000 17.843750 -46.125000 -92.250000 17.885416 -46.843750 -92.250000 -56.375000 -46.843750 -92.250000 17.885416 -46.843750 -92.250000 17.843750 -46.125000 -92.250000 17.802084 -45.406250 -92.250000 17.093750 -45.406250 -92.250000 -7.745536 -45.406250 -92.250000 -36.942001 -45.406250 -92.250000 -56.375000 -45.406250 -92.250000 17.093750 -45.406250 -92.250000 17.346189 -44.270271 -92.250000 14.418965 -44.155029 -92.250000 -7.745536 -45.406250 -92.250000 17.346189 -44.270271 -92.250000 17.737122 -44.285664 -92.250000 17.718750 -43.968750 -92.250000 14.418965 -44.155029 -92.250000 65.440392 -41.274788 -92.250000 65.437500 -41.274948 -92.250000 65.437500 -45.406250 -92.250000 65.440369 -45.406250 -92.250000 21.593750 -43.750000 -92.250000 21.593750 -44.437500 -92.250000 22.156250 -45.406250 -92.250000 23.250000 -45.406250 -92.250000 23.534069 -45.406250 -92.250000 23.534071 -45.152199 -92.250000 23.534077 -43.640465 -92.250000 23.534077 -43.454956 -92.250000 20.533636 -43.551765 -92.250000 20.850525 -43.791958 -92.250000 21.593750 -43.750000 -92.250000 23.534077 -43.640465 -92.250000 14.418965 -44.155029 -92.250000 17.718750 -43.968750 -92.250000 18.252094 -43.938641 -92.250000 18.263889 -43.625000 -92.250000 -36.942001 -45.406250 -92.250000 -7.745536 -45.406250 -92.250000 24.524248 -26.869604 -92.250000 24.524237 -39.375000 -92.250000 65.437500 -39.375000 -92.250000 65.437500 -26.687500 -92.250000 60.531250 -26.687500 -92.250000 24.524248 -26.687500 -92.250000 65.440407 -38.416855 -92.250000 66.187500 -38.416855 -92.250000 66.187500 -26.687500 -92.250000 65.440475 -26.687500 -92.250000 65.437500 -39.375000 -92.250000 65.437500 -39.531250 -92.250000 65.437500 -41.274948 -92.250000 65.440392 -41.274788 -92.250000 65.440399 -39.531250 -92.250000 65.440407 -38.416855 -92.250000 65.440475 -26.687500 -92.250000 65.437500 -26.687500 -92.250000 23.534096 -38.416855 -92.250000 24.408989 -38.416855 -92.250000 24.408922 -26.869604 -92.250000 23.534142 -26.869604 -92.250000 24.408922 -26.869604 -92.250000 24.408989 -38.416855 -92.250000 24.408995 -39.375000 -92.250000 24.524237 -39.375000 -92.250000 24.524248 -26.869604 -92.250000 23.534142 -26.687500 -92.250000 23.534142 -26.869604 -92.250000 24.408922 -26.869604 -92.250000 24.524248 -26.869604 -92.250000 24.524248 -26.687500 -92.250000 -56.375000 -40.999939 -92.250000 -57.032753 -40.970100 -92.250000 -57.062546 -40.999901 -92.250000 -57.062546 -41.000000 -92.250000 -57.062500 -41.000000 -92.250000 -56.375000 -41.000000 -92.250000 -56.375160 -40.312298 -92.250000 -56.383904 -40.321045 -92.250000 -56.375000 -40.312546 -92.250000 -56.375000 -40.312298 -92.250000 -57.062660 -40.312298 -92.250000 -57.062664 -41.000000 -92.250000 -57.062546 -41.000000 -92.250000 -57.062546 -40.999901 -92.250000 -57.062546 -40.312298 -92.250000 -67.437500 -26.687500 -92.250000 -67.437500 -40.312298 -92.250000 -57.062660 -40.312298 -92.250000 -57.062546 -40.312298 -92.250000 -56.375160 -40.312298 -92.250000 -56.375000 -40.312298 -92.250000 -56.375000 -26.687500 -92.250000 -56.375000 -40.312298 -92.250000 -56.375000 -40.312546 -92.250000 -56.375000 -40.999939 -92.250000 -56.375000 -41.000000 -92.250000 -56.375000 -45.406250 -92.250000 -36.942001 -45.406250 -92.250000 18.263889 -43.625000 -92.250000 20.533636 -43.551765 -92.250000 23.534077 -43.454956 -92.250000 23.534077 -43.432034 -92.250000 23.534096 -38.416855 -92.250000 23.534142 -26.869604 -92.250000 23.534142 -26.687500 -92.250000 16.640625 -26.687500 -92.250000 -35.718750 -26.687500 -92.250000 -46.000000 -26.687500 -92.250000 -56.375000 -26.687500 -92.250000 -35.250046 6.812500 -92.250000 -35.250046 43.062500 -92.250000 -36.531250 43.062500 -92.250000 -46.812500 43.062500 -92.250000 -67.437500 43.062500 -92.250000 -67.437500 0.937500 -92.250000 -35.250046 0.937500 -92.250000 -47.238934 -52.500000 -92.250000 23.534042 -52.500000 -92.250000 23.534042 -52.499866 -92.250000 23.534063 -47.282799 -92.250000 23.534063 -46.843750 -92.250000 23.250000 -46.843750 -92.250000 18.531250 -46.843750 -92.250000 17.885416 -46.843750 -92.250000 -56.375000 -46.843750 -92.250000 -56.375000 -51.812298 -92.250000 23.534044 -51.812309 -92.250000 65.437500 -52.500000 -92.250000 65.440331 -52.500000 -92.250000 65.440331 -52.499790 -92.250000 65.437500 -52.499790 -92.250000 -35.250046 52.500145 -92.250000 -35.250000 52.500145 -92.250000 -35.250000 54.593750 -92.250000 -35.250046 54.593750 -92.250000 -36.500000 52.500000 -92.250000 -35.250046 52.500000 -92.250000 -35.250046 52.500145 -92.250000 -35.250046 54.593750 -92.250000 -36.500000 54.593750 -92.250000 -36.916668 52.500000 -92.250000 -36.500000 52.500000 -92.250000 -36.500000 54.593750 -92.250000 -36.500000 55.218750 -92.250000 -36.916668 55.218750 -92.250000 -35.250000 66.062500 -92.250000 -36.916668 66.062500 -92.250000 -36.916668 59.406250 -92.250000 -36.500000 59.406250 -92.250000 -35.250000 59.406250 -92.250000 -52.000000 66.062500 -92.250000 -53.250000 66.062500 -92.250000 -53.250000 59.406250 -92.250000 -52.000000 59.406250 -92.250000 -53.250000 52.500000 -92.250000 -52.000000 52.500000 -92.250000 -52.000000 54.593750 -92.250000 -53.250000 54.593750 -92.250000 -51.583332 66.062500 -92.250000 -52.000000 66.062500 -92.250000 -52.000000 59.406250 -92.250000 -52.000000 58.968750 -92.250000 -51.583332 58.968750 -92.250000 -52.000000 54.593750 -92.250000 -52.000000 52.500000 -92.250000 -51.583332 52.500000 -92.250000 -51.583332 55.281250 -92.250000 -52.000000 55.281250 -92.250000 -51.583332 55.281250 -92.250000 -51.583332 52.500000 -92.250000 -36.916668 52.500000 -92.250000 -36.916668 55.218750 -92.250000 -36.916668 55.906250 -92.250000 -51.583332 55.906250 -92.250000 -36.916668 59.406250 -92.250000 -36.916668 66.062500 -92.250000 -51.583332 66.062500 -92.250000 -51.583332 58.968750 -92.250000 -51.583332 58.656250 -92.250000 -36.916668 58.656250 -92.250000 23.250000 -46.843750 -92.250000 23.250000 -46.843750 -93.000000 18.531250 -46.843750 -93.000000 18.531250 -46.843750 -92.250000 -81.250000 52.500000 -104.531250 -80.718750 52.500000 -104.531250 -80.718750 52.500000 -93.000000 -80.718750 52.500000 -92.250000 -81.250000 52.500000 -92.250000 25.218750 -52.500000 -72.437500 25.218750 -39.531250 -72.437500 25.218750 -39.531250 -71.343750 25.218750 -46.291855 -71.343750 25.218750 -52.500000 -71.343750 24.524237 -39.531250 -71.343750 24.533770 -39.531250 -71.343750 25.218750 -39.531250 -71.343750 25.218750 -39.531250 -72.437500 24.408995 -39.531250 -72.437500 24.408995 -39.531250 -71.343750 25.218750 -39.531250 -72.437500 25.218750 -52.500000 -72.437500 24.409069 -52.500000 -72.437500 24.409039 -47.207962 -72.437500 24.409012 -42.497375 -72.437500 24.409008 -41.946095 -72.437500 24.408995 -39.531250 -72.437500 24.524231 -46.291859 -71.343750 24.524237 -39.531250 -71.343750 24.408995 -39.531250 -71.343750 24.409008 -41.864063 -71.343750 24.409010 -42.359505 -71.343750 24.409039 -47.321453 -71.343750 24.409069 -52.500000 -71.343750 24.524225 -52.500000 -71.343750 24.524231 -46.291859 -71.343750 24.533770 -46.291859 -71.343750 24.533770 -39.531250 -71.343750 24.524237 -39.531250 -71.343750 25.218750 -52.500000 -71.343750 25.218750 -46.291855 -71.343750 24.533770 -46.291859 -71.343750 24.524231 -46.291859 -71.343750 24.524225 -52.500000 -71.343750 79.468750 -66.062500 -17.250000 -57.062500 -66.062500 -17.250000 -57.062500 -66.062500 -23.593750 79.468750 -66.062500 -23.593750 -81.250000 -66.062500 -4.937500 -81.250000 -66.062500 -17.250000 -57.062500 -66.062500 -17.250000 79.468750 -66.062500 -17.250000 79.468750 -66.062500 -4.937500 -80.718750 -41.000000 -23.562500 -80.718750 -41.000000 -17.250000 -80.718750 52.500000 -17.250000 -80.718750 52.500000 -23.531223 -80.718750 52.500000 -23.562500 -80.718750 52.500000 -17.250000 -80.718750 -41.000000 -17.250000 -80.718750 -52.500000 -17.250000 -80.718750 -52.500000 -4.937500 -80.718750 52.500000 -4.937500 79.468750 66.062500 -23.531216 -81.250000 66.062500 -23.531216 -81.250000 66.062500 -4.937500 79.468750 66.062500 -4.937500 -81.250000 66.062500 -23.531216 -81.250000 52.500000 -23.531223 -81.250000 52.500000 -4.937500 -81.250000 66.062500 -4.937500 -81.250000 -52.500000 -17.250000 -81.250000 -66.062500 -17.250000 -81.250000 -66.062500 -4.937500 -81.250000 -52.500000 -4.937500 79.468750 -52.500000 -4.937500 79.468750 -66.062500 -4.937500 79.468750 -66.062500 -17.250000 79.468750 -66.062500 -23.593750 79.468750 -52.500000 -23.593750 79.468750 52.500000 -23.531223 79.468750 66.062500 -23.531216 79.468750 66.062500 -4.937500 79.468750 52.500000 -4.937500 79.468750 52.500000 -23.531223 79.468750 52.500000 -4.937500 79.468750 -52.500000 -4.937500 79.468750 -52.500000 -23.593750 79.468750 52.500000 -23.593750 -57.062500 -66.062500 -23.625000 -57.062500 -66.062500 -23.593750 -57.062500 -66.062500 -17.250000 -57.062500 -66.875000 -17.250000 -57.062500 -66.875000 -23.625000 -57.062500 -52.500000 -23.593750 -57.062500 -52.500000 -23.625000 -57.062500 -41.000000 -23.625000 -57.062500 -41.000000 -17.250000 -57.062500 -52.500000 -17.250000 -147.062500 -66.875000 -17.250000 -147.062500 -52.500000 -17.250000 -147.062500 -41.000000 -17.250000 -147.062500 -41.000000 -23.625000 -147.062500 -66.875000 -23.625000 -68.125000 -41.000000 -23.562500 -68.125000 -41.000000 -17.250000 -57.062500 -41.000000 -17.250000 -57.062500 -41.000000 -23.625000 -68.125000 -41.000000 -23.625000 -147.062500 -41.000000 -17.250000 -80.718750 -41.000000 -17.250000 -80.718750 -41.000000 -23.562500 -80.718750 -41.000000 -23.625000 -147.062500 -41.000000 -23.625000 -57.062500 -66.875000 -23.625000 -57.062500 -66.875000 -17.250000 -81.250000 -66.875000 -17.250000 -147.062500 -66.875000 -17.250000 -147.062500 -66.875000 -23.625000 -23.125000 7.500000 -17.250000 -23.125000 52.500000 -17.250000 -23.125000 52.500000 -23.531223 -23.125000 52.500000 -23.625000 -23.125000 7.500000 -23.625000 66.875000 7.500000 -23.593750 66.875000 7.500000 -17.250000 -23.125000 7.500000 -17.250000 -23.125000 7.500000 -23.625000 66.875000 7.500000 -23.625000 -57.062500 -66.062500 -17.250000 -81.250000 -66.062500 -17.250000 -81.250000 -66.875000 -17.250000 -57.062500 -66.875000 -17.250000 -81.250000 -66.875000 -17.250000 -81.250000 -66.062500 -17.250000 -81.250000 -52.500000 -17.250000 -147.062500 -52.500000 -17.250000 -147.062500 -66.875000 -17.250000 -81.250000 -52.500000 -17.250000 -80.718750 -52.500000 -17.250000 -80.718750 -41.000000 -17.250000 -147.062500 -41.000000 -17.250000 -147.062500 -52.500000 -17.250000 66.875000 -52.500000 -17.250000 -23.125000 -52.500000 -17.250000 -23.125000 7.500000 -17.250000 66.875000 7.500000 -17.250000 -23.125000 7.500000 -17.250000 -23.125000 -52.500000 -17.250000 -57.062500 -52.500000 -17.250000 -57.062500 -41.000000 -17.250000 -57.062500 52.500000 -17.250000 -23.125000 52.500000 -17.250000 -57.062500 -41.000000 -17.250000 -68.125000 -41.000000 -17.250000 -68.125000 52.500000 -17.250000 -57.062500 52.500000 -17.250000 -80.718750 52.500000 -4.937500 -80.718750 -52.500000 -4.937500 -68.125000 -52.500000 -4.937500 -68.125000 52.500000 -4.937500 79.468750 -52.500000 -4.937500 79.468750 52.500000 -4.937500 66.875000 52.500000 -4.937500 66.875000 -52.500000 -4.937500 66.875000 -52.500000 -4.937500 -68.125000 -52.500000 -4.937500 -80.718750 -52.500000 -4.937500 -81.250000 -52.500000 -4.937500 -81.250000 -66.062500 -4.937500 79.468750 -66.062500 -4.937500 79.468750 -52.500000 -4.937500 -68.125000 52.500000 -4.937500 -68.125000 -52.500000 -4.937500 66.875000 -52.500000 -4.937500 66.875000 52.500000 -4.937500 -81.250000 66.062500 -4.937500 -81.250000 52.500000 -4.937500 -80.718750 52.500000 -4.937500 -68.125000 52.500000 -4.937500 66.875000 52.500000 -4.937500 79.468750 52.500000 -4.937500 79.468750 66.062500 -4.937500 -23.125000 52.500000 -17.250000 -57.062500 52.500000 -17.250000 -68.125000 52.500000 -17.250000 -68.125000 52.500000 -23.531223 -23.125000 52.500000 -23.531223 -80.718750 52.500000 -23.531223 -80.718750 52.500000 -17.250000 -80.718750 52.500000 -4.937500 -81.250000 52.500000 -4.937500 -81.250000 52.500000 -23.531223 -57.062500 -52.500000 -23.593750 -57.062500 -52.500000 -17.250000 -23.125000 -52.500000 -17.250000 66.875000 -52.500000 -17.250000 66.875000 -52.500000 -23.593750 -80.718750 -52.500000 -4.937500 -80.718750 -52.500000 -17.250000 -81.250000 -52.500000 -17.250000 -81.250000 -52.500000 -4.937500 66.875000 -52.500000 -23.593750 66.875000 -52.500000 -17.250000 66.875000 7.500000 -17.250000 66.875000 7.500000 -23.593750 -68.125000 52.500000 -23.531223 -68.125000 52.500000 -17.250000 -68.125000 -41.000000 -17.250000 -68.125000 -41.000000 -23.562500 -68.125000 52.500000 -23.562500 48.875000 -64.312500 -30.156250 48.875000 -64.312500 -40.343750 48.875000 -64.312500 -41.250000 48.875000 -66.062500 -41.250000 48.875000 -66.062500 -29.250000 48.875000 -64.312500 -29.250000 48.875000 -52.500000 -41.250000 48.875000 -62.781250 -41.250000 48.875000 -62.781250 -40.343750 48.875000 -62.781250 -30.156250 48.875000 -62.781250 -29.250000 48.875000 -52.500000 -29.250000 30.875000 -66.062500 -29.250000 30.875000 -66.062500 -41.250000 30.875000 -64.312500 -41.250000 30.875000 -64.312500 -40.343750 30.875000 -64.312500 -30.156250 30.875000 -64.312500 -29.250000 30.875000 -52.500000 -29.250000 30.875000 -62.781250 -29.250000 30.875000 -62.781250 -30.156250 30.875000 -62.781250 -40.343750 30.875000 -62.781250 -41.250000 30.875000 -52.500000 -41.250000 12.875000 -52.500000 -41.250000 12.875000 -62.781250 -41.250000 12.875000 -62.781250 -40.343750 12.875000 -62.781250 -30.156250 12.875000 -62.781250 -29.250000 12.875000 -52.500000 -29.250000 12.875000 -64.312500 -30.156250 12.875000 -64.312500 -40.343750 12.875000 -64.312500 -41.250000 12.875000 -66.062500 -41.250000 12.875000 -66.062500 -29.250000 12.875000 -64.312500 -29.250000 -5.125000 -52.500000 -29.250000 -5.125000 -62.781250 -29.250000 -5.125000 -62.781250 -30.156250 -5.125000 -62.781250 -40.343750 -5.125000 -62.781250 -41.250000 -5.125000 -52.500000 -41.250000 -5.125000 -66.062500 -29.250000 -5.125000 -66.062500 -41.250000 -5.125000 -64.312500 -41.250000 -5.125000 -64.312500 -40.343750 -5.125000 -64.312500 -30.156250 -5.125000 -64.312500 -29.250000 -41.125000 -52.500000 -29.250000 -41.125000 -62.781250 -29.250000 -41.125000 -62.781250 -30.156250 -41.125000 -62.781250 -40.343750 -41.125000 -62.781250 -41.250000 -41.125000 -52.500000 -41.250000 -41.125000 -66.062500 -29.250000 -41.125000 -66.062500 -41.250000 -41.125000 -64.312500 -41.250000 -41.125000 -64.312500 -40.343750 -41.125000 -64.312500 -30.156250 -41.125000 -64.312500 -29.250000 -57.062500 -66.062500 -53.937500 -57.062500 -66.062500 -92.250000 79.468750 -66.062500 -92.250000 79.468750 -66.062500 -53.937500 79.468750 -66.062500 -92.250000 -57.062500 -66.062500 -92.250000 -81.250000 -66.062500 -92.250000 -81.250000 -66.062500 -104.531250 79.468750 -66.062500 -104.531250 -80.718750 -26.687500 -93.000000 -80.718750 52.500000 -93.000000 -80.718750 52.500000 -104.531250 -80.718750 -52.500000 -104.531250 -80.718750 -52.500000 -93.000000 -80.718750 -52.500000 -93.000000 -80.718750 -52.500000 -92.250000 -80.718750 -41.000000 -92.250000 -80.718750 -26.687500 -92.250000 -80.718750 -26.687500 -93.000000 -80.718750 -26.687500 -92.250000 -80.718750 -41.000000 -92.250000 -80.718750 -41.000000 -53.937500 -80.718750 -26.687500 -53.937500 -80.718750 52.500000 -53.937500 -80.718750 52.500000 -92.250000 -80.718750 52.500000 -93.000000 -80.718750 -26.687500 -93.000000 -80.718750 -26.687500 -92.250000 -80.718750 -26.687500 -53.937500 -35.250000 52.500145 -92.250000 -35.250000 52.500145 -90.187500 -35.250000 54.593750 -90.187500 -35.250000 54.593750 -92.250000 -35.250000 54.593750 -53.937500 -35.250000 54.593750 -90.187500 -35.250000 52.500145 -90.187500 -35.250000 52.500000 -90.187500 -35.250000 52.500000 -53.937500 -35.250000 66.062500 -53.937500 -35.250000 66.062500 -92.250000 -35.250000 59.406250 -92.250000 -35.250000 59.406250 -53.937500 -53.250000 52.500000 -53.937500 -53.250000 52.500000 -90.187500 -53.250000 52.500000 -92.250000 -53.250000 54.593750 -92.250000 -53.250000 54.593750 -53.937500 -53.250000 59.406250 -92.250000 -53.250000 66.062500 -92.250000 -53.250000 66.062500 -53.937500 -53.250000 59.406250 -53.937500 79.468750 -66.062500 -104.531250 -81.250000 -66.062500 -104.531250 -81.250000 -52.500000 -104.531250 -80.718750 -52.500000 -104.531250 -68.125000 -52.500000 -104.531250 66.875000 -52.500000 -104.531250 79.468750 -52.500000 -104.531250 -80.718750 -52.500000 -104.531250 -80.718750 52.500000 -104.531250 -68.125000 52.500000 -104.531250 -68.125000 -52.500000 -104.531250 79.468750 52.500000 -104.531250 79.468750 -52.500000 -104.531250 66.875000 -52.500000 -104.531250 66.875000 52.500000 -104.531250 79.468750 66.062500 -53.937500 79.468750 66.062500 -92.250000 -35.250000 66.062500 -92.250000 -35.250000 66.062500 -53.937500 -53.250000 66.062500 -92.250000 -81.250000 66.062500 -92.250000 -81.250000 66.062500 -53.937500 -53.250000 66.062500 -53.937500 -81.250000 -52.500000 -104.531250 -81.250000 -66.062500 -104.531250 -81.250000 -66.062500 -92.250000 -81.250000 -52.500000 -92.250000 -81.250000 66.062500 -92.250000 -81.250000 52.500000 -92.250000 -81.250000 52.500000 -53.937500 -81.250000 66.062500 -53.937500 79.468750 66.062500 -92.250000 79.468750 66.062500 -53.937500 79.468750 52.500000 -53.937500 79.468750 52.500000 -92.250000 79.468750 -52.500000 -104.531250 79.468750 52.500000 -104.531250 79.468750 52.500000 -92.250000 79.468750 52.500000 -53.937500 79.468750 -52.500000 -53.937500 79.468750 -52.500000 -53.937500 79.468750 -66.062500 -53.937500 79.468750 -66.062500 -92.250000 79.468750 -66.062500 -104.531250 79.468750 -52.500000 -104.531250 -23.125000 -66.062500 -41.250000 -23.125000 -64.312500 -41.250000 -41.125000 -64.312500 -41.250000 -41.125000 -66.062500 -41.250000 30.875000 -62.781250 -41.250000 48.875000 -62.781250 -41.250000 48.875000 -52.500000 -41.250000 30.875000 -52.500000 -41.250000 48.875000 -66.062500 -41.250000 48.875000 -64.312500 -41.250000 30.875000 -64.312500 -41.250000 30.875000 -66.062500 -41.250000 -5.125000 -62.781250 -41.250000 12.875000 -62.781250 -41.250000 12.875000 -52.500000 -41.250000 -5.125000 -52.500000 -41.250000 12.875000 -66.062500 -41.250000 12.875000 -64.312500 -41.250000 -5.125000 -64.312500 -41.250000 -5.125000 -66.062500 -41.250000 -41.125000 -62.781250 -41.250000 -23.125000 -62.781250 -41.250000 -23.125000 -52.500000 -41.250000 -41.125000 -52.500000 -41.250000 -23.125000 -52.500000 -29.250000 -23.125000 -62.781250 -29.250000 -41.125000 -62.781250 -29.250000 -41.125000 -52.500000 -29.250000 12.875000 -52.500000 -29.250000 12.875000 -62.781250 -29.250000 -5.125000 -62.781250 -29.250000 -5.125000 -52.500000 -29.250000 48.875000 -52.500000 -29.250000 48.875000 -62.781250 -29.250000 30.875000 -62.781250 -29.250000 30.875000 -52.500000 -29.250000 -5.125000 -64.312500 -29.250000 12.875000 -64.312500 -29.250000 12.875000 -66.062500 -29.250000 -5.125000 -66.062500 -29.250000 -41.125000 -64.312500 -29.250000 -23.125000 -64.312500 -29.250000 -23.125000 -66.062500 -29.250000 -41.125000 -66.062500 -29.250000 30.875000 -64.312500 -29.250000 48.875000 -64.312500 -29.250000 48.875000 -66.062500 -29.250000 30.875000 -66.062500 -29.250000 -57.062500 -66.875000 -92.250000 -57.062500 -66.062500 -92.250000 -57.062500 -66.062500 -53.937500 -57.062500 -66.875000 -53.937500 -57.062500 -52.156067 -90.187500 -57.062500 -41.000000 -90.187500 -57.062500 -41.000000 -53.937500 -57.062500 -52.500000 -53.937500 -57.062500 -52.500000 -90.187500 -147.062500 -41.000000 -92.250000 -147.062500 -52.500000 -92.250000 -147.062500 -66.875000 -92.250000 -147.062500 -66.875000 -53.937500 -147.062500 -41.000000 -53.937500 -80.718750 -41.000000 -53.937500 -80.718750 -41.000000 -92.250000 -147.062500 -41.000000 -92.250000 -147.062500 -41.000000 -53.937500 -57.062664 -41.000000 -90.187500 -68.125000 -41.000000 -90.187500 -68.125000 -41.000000 -53.937500 -57.062500 -41.000000 -53.937500 -57.062500 -41.000000 -90.187500 -57.062546 -41.000000 -92.250000 -57.062664 -41.000000 -92.250000 -57.062664 -41.000000 -90.187500 -57.062500 -41.000000 -90.187500 -57.062500 -41.000000 -92.250000 -147.062500 -66.875000 -92.250000 -81.250000 -66.875000 -92.250000 -57.062500 -66.875000 -92.250000 -57.062500 -66.875000 -53.937500 -147.062500 -66.875000 -53.937500 -23.125000 -64.312500 -30.156250 -23.125000 -64.312500 -40.343750 -23.125000 -64.312500 -41.250000 -23.125000 -66.062500 -41.250000 -23.125000 -66.062500 -29.250000 -23.125000 -64.312500 -29.250000 -23.125000 52.500000 -53.937500 -23.125000 52.500000 -90.187500 -23.125000 52.156235 -90.187500 -23.125000 7.500000 -90.187500 -23.125000 7.500000 -53.937500 -23.125000 -52.500000 -41.250000 -23.125000 -62.781250 -41.250000 -23.125000 -62.781250 -40.343750 -23.125000 -62.781250 -30.156250 -23.125000 -62.781250 -29.250000 -23.125000 -52.500000 -29.250000 66.875000 7.500000 -53.937500 -23.125000 7.500000 -53.937500 -23.125000 7.500000 -90.187500 58.271122 7.500000 -90.187500 66.531250 7.500000 -90.187500 66.875000 7.500000 -90.187500 58.271122 7.500000 -90.187500 58.271122 7.500000 -92.250000 66.187500 7.500000 -92.250000 66.531250 7.500000 -90.187500 -81.250000 -66.875000 -92.250000 -81.250000 -66.062500 -92.250000 -57.062500 -66.062500 -92.250000 -57.062500 -66.875000 -92.250000 -147.062500 -41.000000 -92.250000 -80.718750 -41.000000 -92.250000 -80.718750 -52.500000 -92.250000 -81.250000 -52.500000 -92.250000 -147.062500 -52.500000 -92.250000 -147.062500 -52.500000 -92.250000 -81.250000 -52.500000 -92.250000 -81.250000 -66.062500 -92.250000 -81.250000 -66.875000 -92.250000 -147.062500 -66.875000 -92.250000 -81.250000 52.500000 -92.250000 -80.718750 52.500000 -92.250000 -80.718750 52.500000 -53.937500 -81.250000 52.500000 -53.937500 -23.125151 52.500000 -90.187500 -23.125000 52.500000 -90.187500 -23.125000 52.500000 -53.937500 -35.250000 52.500000 -53.937500 -35.250000 52.500000 -90.187500 -53.250000 52.500000 -90.187500 -53.250164 52.500000 -90.187500 -53.250164 52.500000 -92.250000 -53.250000 52.500000 -92.250000 -68.125000 52.500000 -53.937500 -68.125000 52.500000 -90.187500 -67.781250 52.500000 -90.187500 -53.250164 52.500000 -90.187500 -53.250000 52.500000 -90.187500 -53.250000 52.500000 -53.937500 33.552597 -52.500000 -53.937500 23.713732 -52.500000 -63.968750 23.039417 -52.500000 -64.656250 23.034027 -52.500000 -64.656250 -31.906250 -52.500000 -64.656250 -31.906250 -52.500000 -53.937500 -31.906250 -52.500000 -90.187500 -31.906250 -52.500000 -65.343750 23.034027 -52.500000 -65.343750 23.534042 -52.500000 -65.343750 23.534042 -52.500000 -86.116432 23.534042 -52.500000 -90.187500 -81.250000 -52.500000 -92.250000 -80.718750 -52.500000 -92.250000 -80.718750 -52.500000 -93.000000 -80.718750 -52.500000 -104.531250 -81.250000 -52.500000 -104.531250 -47.238934 -52.500000 -92.250000 -47.238934 -52.500000 -90.187500 -31.906250 -52.500000 -90.187500 23.534042 -52.500000 -90.187500 23.534042 -52.500000 -92.250000 65.440331 -52.500000 -65.343750 65.440331 -52.500000 -71.343750 45.562500 -52.500000 -71.343750 44.909119 -52.500000 -71.343750 44.312500 -52.500000 -71.343750 25.218750 -52.500000 -71.343750 24.524225 -52.500000 -71.343750 24.409069 -52.500000 -71.343750 24.409069 -52.500000 -65.343750 -31.906250 -52.500000 -53.937500 -31.906250 -52.500000 -64.656250 -31.906250 -52.500000 -65.343750 -31.906250 -52.500000 -90.187500 -47.238934 -52.500000 -90.187500 -57.062500 -52.500000 -90.187500 -57.062500 -52.500000 -53.937500 66.875000 -52.500000 -90.187500 66.874916 -52.500000 -90.187500 66.531250 -52.500000 -90.187500 66.315353 -52.500000 -90.187500 66.315353 -52.500000 -71.406250 66.315353 -52.500000 -65.343750 66.875000 -52.500000 -65.343750 66.875000 -52.500000 -53.937500 66.875000 -52.500000 -63.968750 66.190399 -52.500000 -63.968750 23.713732 -52.500000 -63.968750 33.552597 -52.500000 -53.937500 66.875000 -52.500000 -64.653526 66.190399 -52.500000 -63.968750 66.875000 -52.500000 -63.968750 25.218750 -52.500000 -72.437500 44.312500 -52.500000 -72.437500 45.562500 -52.500000 -72.437500 45.562500 -52.500000 -90.062500 24.524225 -52.500000 -90.062500 24.409069 -52.500000 -90.062500 24.409069 -52.500000 -86.116432 24.409069 -52.500000 -72.437500 65.440331 -52.500000 -71.343750 65.440331 -52.500000 -71.406250 64.718750 -52.500000 -71.406250 45.562500 -52.500000 -71.406250 45.562500 -52.500000 -71.343750 44.312500 -52.500000 -72.437500 25.218750 -52.500000 -72.437500 25.218750 -52.500000 -71.343750 44.312500 -52.500000 -71.343750 64.718750 -52.500000 -71.406250 64.718750 -52.500000 -72.500000 64.718750 -52.500000 -90.062500 45.562500 -52.500000 -90.062500 45.562500 -52.500000 -72.437500 45.562500 -52.500000 -71.406250 64.718750 -52.500000 -72.500000 65.440331 -52.500000 -72.500000 65.440331 -52.500000 -90.062500 65.437500 -52.500000 -90.062500 64.718750 -52.500000 -90.062500 65.440331 -52.500000 -90.062500 65.440331 -52.500000 -90.187500 65.440331 -52.500000 -92.250000 65.437500 -52.500000 -92.250000 65.437500 -52.500000 -90.187500 65.437500 -52.500000 -90.062500 66.315353 -52.500000 -91.482880 66.315353 -52.500000 -90.187500 66.531250 -52.500000 -90.187500 23.034027 -52.500000 -64.656250 23.034027 -52.500000 -65.343750 -31.906250 -52.500000 -65.343750 -31.906250 -52.500000 -64.656250 66.875000 -37.481068 -64.653557 66.875000 -52.500000 -64.653526 66.875000 -52.500000 -63.968750 66.875000 -37.979126 -63.968750 66.875000 -37.479084 -64.656250 66.875000 -37.479107 -64.656250 66.875000 -37.481068 -64.653557 66.875000 -37.979126 -63.968750 66.875000 -26.687500 -63.968750 66.875000 -26.687500 -64.656250 66.875000 -26.687500 -63.968750 66.875000 -37.979126 -63.968750 66.875000 -52.500000 -63.968750 66.875000 -52.500000 -53.937500 66.875000 -26.687500 -53.937500 66.875000 -38.416851 -65.343750 66.875000 -37.354103 -65.343750 66.875000 -26.687500 -65.343750 66.875000 -26.687500 -90.187500 66.875000 -41.520271 -90.187500 66.875000 -52.500000 -90.187500 66.875000 -52.500000 -65.343750 66.875000 7.499979 -90.187500 66.875000 7.156279 -90.187500 66.875000 -26.687500 -90.187500 66.875000 -26.687500 -65.343750 66.875000 -26.687500 -64.656250 66.875000 -26.687500 -63.968750 66.875000 -26.687500 -53.937500 66.875000 7.500000 -53.937500 66.875000 7.500000 -90.187500 66.875000 -37.354103 -65.343750 66.875000 -37.479084 -64.656250 66.875000 -26.687500 -64.656250 66.875000 -26.687500 -65.343750 -68.125000 -41.000000 -53.937500 -68.125000 -41.000000 -90.187500 -68.125000 -40.656067 -90.187500 -68.125000 52.500000 -90.187500 -68.125000 52.500000 -53.937500 79.468750 -66.062500 -52.906250 -57.062500 -66.062500 -52.906250 -57.062500 -66.062500 -53.937500 79.468750 -66.062500 -53.937500 -80.718750 -26.687500 -53.937500 -80.718750 -41.000000 -53.937500 -80.718750 -41.000000 -52.875000 -80.718750 52.500000 -52.875000 -80.718750 52.500000 -53.937500 -35.250000 59.406250 -53.937500 -35.250000 59.406250 -52.875000 -35.250000 66.062500 -52.875000 -35.250000 66.062500 -53.937500 -35.250000 52.500000 -52.875000 -35.250000 54.593750 -52.875000 -35.250000 54.593750 -53.937500 -35.250000 52.500000 -53.937500 -53.250000 54.593750 -53.937500 -53.250000 54.593750 -52.875000 -53.250000 52.500000 -52.875000 -53.250000 52.500000 -53.937500 -53.250000 66.062500 -52.875000 -53.250000 59.406250 -52.875000 -53.250000 59.406250 -53.937500 -53.250000 66.062500 -53.937500 -35.250000 66.062500 -52.875000 79.468750 66.062500 -52.875000 79.468750 66.062500 -53.937500 -35.250000 66.062500 -53.937500 -81.250000 66.062500 -53.937500 -81.250000 66.062500 -52.875000 -53.250000 66.062500 -52.875000 -53.250000 66.062500 -53.937500 -81.250000 52.500000 -52.875000 -81.250000 66.062500 -52.875000 -81.250000 66.062500 -53.937500 -81.250000 52.500000 -53.937500 79.468750 52.500000 -53.937500 79.468750 52.500000 -52.906250 79.468750 -52.500000 -52.906250 79.468750 -52.500000 -53.937500 79.468750 -52.500000 -52.906250 79.468750 -66.062500 -52.906250 79.468750 -66.062500 -53.937500 79.468750 -52.500000 -53.937500 79.468750 66.062500 -53.937500 79.468750 66.062500 -52.875000 79.468750 52.500000 -52.875000 79.468750 52.500000 -52.906250 79.468750 52.500000 -53.937500 -57.062500 -41.000000 -53.937500 -57.062500 -41.000000 -52.875000 -57.062500 -52.500000 -52.875000 -57.062500 -52.500000 -52.906250 -57.062500 -52.500000 -53.937500 -57.062500 -66.062500 -53.937500 -57.062500 -66.062500 -52.906250 -57.062500 -66.062500 -52.875000 -57.062500 -66.875000 -52.875000 -57.062500 -66.875000 -53.937500 -147.062500 -66.875000 -53.937500 -147.062500 -66.875000 -52.875000 -147.062500 -41.000000 -52.875000 -147.062500 -41.000000 -53.937500 -80.718750 -41.000000 -52.875000 -80.718750 -41.000000 -53.937500 -147.062500 -41.000000 -53.937500 -147.062500 -41.000000 -52.875000 -68.125000 -41.000000 -53.937500 -68.125000 -41.000000 -52.875000 -57.062500 -41.000000 -52.875000 -57.062500 -41.000000 -53.937500 -57.062500 -66.875000 -53.937500 -57.062500 -66.875000 -52.875000 -147.062500 -66.875000 -52.875000 -147.062500 -66.875000 -53.937500 -23.125000 7.500000 -53.937500 -23.125000 7.500000 -52.875000 -23.125000 52.500000 -52.875000 -23.125000 52.500000 -53.937500 66.875000 7.500000 -52.906250 66.875000 7.500000 -52.875000 9.375000 7.500000 -52.875000 -23.125000 7.500000 -52.875000 -23.125000 7.500000 -53.937500 66.875000 7.500000 -53.937500 -80.718750 52.500000 -53.937500 -80.718750 52.500000 -52.875000 -81.250000 52.500000 -52.875000 -81.250000 52.500000 -53.937500 -23.125000 52.500000 -53.937500 -23.125000 52.500000 -52.875000 -35.250000 52.500000 -52.875000 -35.250000 52.500000 -53.937500 -53.250000 52.500000 -52.875000 -68.125000 52.500000 -52.875000 -68.125000 52.500000 -53.937500 -53.250000 52.500000 -53.937500 66.875000 -52.500000 -52.906250 66.875000 -52.500000 -53.937500 33.552597 -52.500000 -53.937500 -31.906250 -52.500000 -53.937500 -57.062500 -52.500000 -53.937500 -57.062500 -52.500000 -52.906250 66.875000 -26.687500 -53.937500 66.875000 -52.500000 -53.937500 66.875000 -52.500000 -52.906250 66.875000 7.500000 -52.906250 66.875000 7.500000 -53.937500 -68.125000 -41.000000 -52.875000 -68.125000 -41.000000 -53.937500 -68.125000 52.500000 -53.937500 -68.125000 52.500000 -52.875000 -23.125000 -66.062500 -29.250000 -23.125000 -66.062500 -41.250000 -5.125000 -66.062500 -41.250000 -5.125000 -66.062500 -29.250000 -57.062500 -66.062500 -29.250000 -57.062500 -66.062500 -41.250000 -41.125000 -66.062500 -41.250000 -41.125000 -66.062500 -29.250000 12.875000 -66.062500 -29.250000 12.875000 -66.062500 -41.250000 30.875000 -66.062500 -41.250000 30.875000 -66.062500 -29.250000 48.875000 -66.062500 -41.250000 79.468750 -66.062500 -41.250000 79.468750 -66.062500 -29.250000 48.875000 -66.062500 -29.250000 79.468750 -66.062500 -23.593750 -57.062500 -66.062500 -23.593750 -57.062500 -66.062500 -23.625000 -57.062500 -66.062500 -29.250000 -41.125000 -66.062500 -29.250000 -23.125000 -66.062500 -29.250000 -5.125000 -66.062500 -29.250000 12.875000 -66.062500 -29.250000 30.875000 -66.062500 -29.250000 48.875000 -66.062500 -29.250000 79.468750 -66.062500 -29.250000 48.875000 -66.062500 -41.250000 30.875000 -66.062500 -41.250000 12.875000 -66.062500 -41.250000 -5.125000 -66.062500 -41.250000 -23.125000 -66.062500 -41.250000 -41.125000 -66.062500 -41.250000 -57.062500 -66.062500 -41.250000 -57.062500 -66.062500 -52.875000 -57.062500 -66.062500 -52.906250 79.468750 -66.062500 -52.906250 79.468750 -66.062500 -41.250000 -80.718750 52.500000 -44.250000 -80.718750 52.500000 -52.875000 -80.718750 -41.000000 -52.875000 -80.718750 -41.000000 -23.625000 -80.718750 -41.000000 -23.562500 -80.718750 52.500000 -23.562500 -35.250000 54.593750 -47.431816 -35.250000 54.593750 -52.875000 -35.250000 52.500000 -52.875000 -35.250000 52.500000 -44.250000 -35.250000 54.593750 -44.250000 -35.250000 66.062500 -52.875000 -35.250000 59.406250 -52.875000 -35.250000 59.406250 -47.886364 -35.250000 59.406250 -44.250000 -35.250000 66.062500 -44.250000 -53.250000 52.500000 -52.875000 -53.250000 54.593750 -52.875000 -53.250000 54.593750 -47.431816 -53.250000 54.593750 -44.250000 -53.250000 52.500000 -44.250000 -53.250000 59.406250 -44.250000 -53.250000 59.406250 -47.886364 -53.250000 59.406250 -52.875000 -53.250000 66.062500 -52.875000 -53.250000 66.062500 -44.250000 -35.250000 66.062500 -44.250000 -35.250000 59.406250 -44.250000 -53.250000 59.406250 -44.250000 -53.250000 66.062500 -44.250000 -53.250000 54.593750 -44.250000 -35.250000 54.593750 -44.250000 -35.250000 52.500000 -44.250000 -53.250000 52.500000 -44.250000 -53.250000 66.062500 -52.875000 -81.250000 66.062500 -52.875000 -81.250000 66.062500 -44.250000 -53.250000 66.062500 -44.250000 -35.250000 66.062500 -44.250000 -53.250000 66.062500 -44.250000 -81.250000 66.062500 -44.250000 -81.250000 66.062500 -23.531216 79.468750 66.062500 -23.531216 79.468750 66.062500 -44.250000 79.468750 66.062500 -44.250000 79.468750 66.062500 -52.875000 -35.250000 66.062500 -52.875000 -35.250000 66.062500 -44.250000 -81.250000 66.062500 -52.875000 -81.250000 52.500000 -52.875000 -81.250000 52.500000 -44.250000 -81.250000 66.062500 -44.250000 -81.250000 52.500000 -23.531223 -81.250000 66.062500 -23.531216 -81.250000 66.062500 -44.250000 -81.250000 52.500000 -44.250000 79.468750 -52.500000 -29.250000 79.468750 -52.500000 -41.250000 79.468750 -52.500000 -52.906250 79.468750 52.500000 -52.906250 79.468750 52.500000 -52.875000 79.468750 52.500000 -44.250000 79.468750 52.500000 -23.593750 79.468750 -52.500000 -23.593750 79.468750 -52.500000 -23.593750 79.468750 -66.062500 -23.593750 79.468750 -66.062500 -29.250000 79.468750 -52.500000 -29.250000 79.468750 66.062500 -23.531216 79.468750 52.500000 -23.531223 79.468750 52.500000 -23.593750 79.468750 52.500000 -44.250000 79.468750 66.062500 -44.250000 79.468750 -52.500000 -29.250000 79.468750 -66.062500 -29.250000 79.468750 -66.062500 -41.250000 79.468750 -52.500000 -41.250000 79.468750 -66.062500 -41.250000 79.468750 -66.062500 -52.906250 79.468750 -52.500000 -52.906250 79.468750 -52.500000 -41.250000 79.468750 52.500000 -52.875000 79.468750 66.062500 -52.875000 79.468750 66.062500 -44.250000 79.468750 52.500000 -44.250000 -57.062500 -66.875000 -52.875000 -57.062500 -66.062500 -52.875000 -57.062500 -66.062500 -41.250000 -57.062500 -66.062500 -29.250000 -57.062500 -66.062500 -23.625000 -57.062500 -66.875000 -23.625000 -57.062500 -41.000000 -52.875000 -57.062500 -41.000000 -23.625000 -57.062500 -52.500000 -23.625000 -57.062500 -52.500000 -29.250000 -57.062500 -52.500000 -41.250000 -57.062500 -52.500000 -52.875000 -147.062500 -41.000000 -23.625000 -147.062500 -41.000000 -52.875000 -147.062500 -66.875000 -52.875000 -147.062500 -66.875000 -23.625000 -80.718750 -41.000000 -23.625000 -80.718750 -41.000000 -52.875000 -147.062500 -41.000000 -52.875000 -147.062500 -41.000000 -23.625000 -68.125000 -41.000000 -52.875000 -68.125000 -41.000000 -23.625000 -57.062500 -41.000000 -23.625000 -57.062500 -41.000000 -52.875000 -147.062500 -66.875000 -52.875000 -57.062500 -66.875000 -52.875000 -57.062500 -66.875000 -23.625000 -147.062500 -66.875000 -23.625000 -23.125000 52.500000 -41.250000 -23.125000 30.500004 -41.250000 -23.125000 30.500004 -40.281250 -23.125000 52.500000 -40.281250 -23.125000 30.500004 -29.250000 -23.125000 7.500000 -29.250000 -23.125000 7.500000 -23.625000 -23.125000 52.500000 -23.625000 -23.125000 52.500000 -29.250000 -23.125000 30.500004 -30.218750 -23.125000 30.500004 -29.250000 -23.125000 52.500000 -29.250000 -23.125000 52.500000 -30.218750 -23.125000 14.781250 -40.281250 -23.125000 14.781250 -30.218750 -23.125000 29.750000 -30.218750 -23.125000 29.750000 -40.281250 -23.125000 52.500000 -40.281250 -23.125000 30.500004 -40.281250 -23.125000 30.500000 -40.281250 -23.125000 30.500000 -30.218750 -23.125000 30.500004 -30.218750 -23.125000 52.500000 -30.218750 -23.125000 7.500000 -40.281250 -23.125000 7.500000 -30.218750 -23.125000 14.031250 -30.218750 -23.125000 14.031250 -40.281250 -23.125000 52.500000 -44.250000 -23.125000 52.500000 -52.875000 -23.125000 7.500000 -52.875000 -23.125000 7.500000 -41.250000 -23.125000 30.500004 -41.250000 -23.125000 52.500000 -41.250000 -23.125000 7.500000 -52.875000 9.375000 7.500000 -52.875000 9.375000 7.500000 -41.250000 -23.125000 7.500000 -41.250000 9.468747 7.500000 -40.281250 9.375000 7.500000 -40.281250 9.375000 7.500000 -41.250000 9.375000 7.500000 -52.875000 66.875000 7.500000 -52.875000 66.875000 7.500000 -40.281250 66.875000 7.500000 -23.625000 -23.125000 7.500000 -23.625000 -23.125000 7.500000 -29.250000 9.375000 7.500000 -29.250000 66.875000 7.500000 -29.250000 66.875000 7.500000 -29.250000 9.375000 7.500000 -29.250000 9.375000 7.500000 -30.218750 9.468747 7.500000 -30.218750 66.875000 7.500000 -30.218750 9.468747 7.500000 -30.218750 9.468747 7.500000 -40.281250 66.875000 7.500000 -40.281250 66.875000 7.500000 -30.218750 -23.125000 7.500000 -40.281250 -11.687513 7.500000 -40.281250 -11.687513 7.500000 -30.218750 -23.125000 7.500000 -30.218750 -10.937503 7.500000 -30.218750 -10.937503 7.500000 -40.281250 8.718737 7.500000 -40.281250 8.718737 7.500000 -30.218750 -81.250000 52.500000 -44.250000 -80.718750 52.500000 -44.250000 -80.718750 52.500000 -23.562500 -80.718750 52.500000 -23.531223 -81.250000 52.500000 -23.531223 -35.250000 52.500000 -52.875000 -23.125000 52.500000 -52.875000 -23.125000 52.500000 -44.250000 -35.250000 52.500000 -44.250000 -68.125000 52.500000 -44.250000 -68.125000 52.500000 -52.875000 -53.250000 52.500000 -52.875000 -53.250000 52.500000 -44.250000 -68.125000 52.500000 -23.531223 -68.125000 52.500000 -23.562500 -68.125000 52.500000 -44.250000 -53.250000 52.500000 -44.250000 -35.250000 52.500000 -44.250000 -23.125000 52.500000 -44.250000 -23.125000 52.500000 -41.250000 -23.125000 52.500000 -40.281250 -23.125000 52.500000 -30.218750 -23.125000 52.500000 -29.250000 -23.125000 52.500000 -23.625000 -23.125000 52.500000 -23.531223 -81.250000 52.500000 -52.875000 -80.718750 52.500000 -52.875000 -80.718750 52.500000 -44.250000 -81.250000 52.500000 -44.250000 48.875000 -52.500000 -29.250000 66.875000 -52.500000 -29.250000 66.875000 -52.500000 -41.250000 48.875000 -52.500000 -41.250000 66.875000 -52.500000 -23.593750 66.875000 -52.500000 -29.250000 48.875000 -52.500000 -29.250000 30.875000 -52.500000 -29.250000 12.875000 -52.500000 -29.250000 -5.125000 -52.500000 -29.250000 -23.125000 -52.500000 -29.250000 -41.125000 -52.500000 -29.250000 -57.062500 -52.500000 -29.250000 -57.062500 -52.500000 -23.625000 -57.062500 -52.500000 -23.593750 -5.125000 -52.500000 -41.250000 -23.125000 -52.500000 -41.250000 -23.125000 -52.500000 -29.250000 -5.125000 -52.500000 -29.250000 -41.125000 -52.500000 -41.250000 -23.125000 -52.500000 -41.250000 -5.125000 -52.500000 -41.250000 12.875000 -52.500000 -41.250000 30.875000 -52.500000 -41.250000 48.875000 -52.500000 -41.250000 66.875000 -52.500000 -41.250000 66.875000 -52.500000 -52.906250 -57.062500 -52.500000 -52.906250 -57.062500 -52.500000 -52.875000 -57.062500 -52.500000 -41.250000 -41.125000 -52.500000 -41.250000 -57.062500 -52.500000 -41.250000 -57.062500 -52.500000 -29.250000 -41.125000 -52.500000 -29.250000 30.875000 -52.500000 -41.250000 12.875000 -52.500000 -41.250000 12.875000 -52.500000 -29.250000 30.875000 -52.500000 -29.250000 66.875000 7.500000 -23.625000 66.875000 7.500000 -29.250000 66.875000 7.500000 -30.218750 66.875000 7.500000 -40.281250 66.875000 7.500000 -52.875000 66.875000 7.500000 -52.906250 66.875000 -52.500000 -52.906250 66.875000 -52.500000 -41.250000 66.875000 -52.500000 -29.250000 66.875000 -52.500000 -23.593750 66.875000 7.500000 -23.593750 -68.125000 -41.000000 -23.562500 -68.125000 -41.000000 -23.625000 -68.125000 -41.000000 -52.875000 -68.125000 52.500000 -52.875000 -68.125000 52.500000 -44.250000 -68.125000 52.500000 -23.562500 66.315353 -52.500000 -91.482880 66.315353 -52.499786 -91.482880 66.315353 -52.499786 -90.187500 66.315353 -52.500000 -90.187500 66.315353 -52.156086 -90.187500 66.315353 -51.940174 -91.482895 66.315308 -39.531250 -91.483177 66.315308 -39.531250 -90.187500 66.315308 -39.531250 -90.187500 66.315308 -39.531250 -91.483177 66.315300 -38.416855 -91.483200 66.315300 -38.416855 -71.406250 66.315308 -39.531250 -71.406250 66.315308 -39.531250 -71.406250 66.315353 -52.500000 -71.406250 66.315353 -52.500000 -90.187500 66.315353 -52.499786 -90.187500 66.315353 -52.156086 -90.187500 66.315308 -39.531250 -90.187500 66.315353 -52.500000 -71.406250 66.315308 -39.531250 -71.406250 66.315300 -38.416855 -71.406250 66.315300 -38.416855 -65.343750 66.315353 -52.500000 -65.343750 66.315300 -38.416855 -65.343750 66.315300 -38.416855 -71.406250 66.315300 -38.416855 -91.483200 66.187500 -38.416855 -92.250000 65.440407 -38.416855 -92.250000 65.440407 -38.416855 -71.406250 65.440407 -38.416855 -65.343750 65.440407 -38.416855 -71.406250 65.440407 -38.416855 -92.250000 65.440399 -39.531250 -92.250000 65.440399 -39.531250 -90.187500 65.440399 -39.531250 -72.500000 65.440399 -39.531250 -71.406250 65.440392 -41.274788 -92.250000 65.440369 -45.406250 -92.250000 65.440361 -46.843750 -92.250000 65.440331 -51.812317 -92.250000 65.440331 -52.156086 -90.187500 65.440399 -39.531250 -90.187500 65.440399 -39.531250 -92.250000 65.440331 -52.500000 -90.062500 65.440331 -52.500000 -72.500000 65.440399 -39.531250 -72.500000 65.440399 -39.531250 -90.187500 65.440331 -52.156086 -90.187500 65.440331 -52.499790 -90.187500 65.440331 -52.500000 -90.187500 65.440331 -52.500000 -90.187500 65.440331 -52.499790 -90.187500 65.440331 -52.499790 -92.250000 65.440331 -52.500000 -92.250000 65.440407 -38.416855 -65.343750 65.440407 -38.416855 -71.406250 65.440399 -39.531250 -71.406250 65.440331 -52.500000 -71.406250 65.440331 -52.500000 -71.343750 65.440331 -52.500000 -65.343750 65.325134 -38.917187 -65.406250 65.325142 -39.354740 -65.406250 65.325142 -39.354740 -68.406250 65.325142 -39.354740 -71.343750 65.325134 -38.917187 -71.343750 44.949795 -39.354439 -68.406250 44.949795 -39.354778 -68.406250 44.949795 -39.354778 -65.406250 44.949791 -38.917286 -65.406250 44.949791 -38.917286 -68.406250 44.949791 -38.917286 -71.343750 44.949795 -39.354439 -71.343750 44.949795 -39.354439 -70.906250 44.949795 -39.354439 -68.406250 44.949791 -38.917286 -68.406250 65.315628 -39.354740 -68.406250 65.315628 -39.354740 -70.906250 65.315628 -39.354740 -71.343750 65.325142 -39.354740 -71.343750 65.325142 -39.354740 -68.406250 44.949795 -39.354778 -65.406250 44.949795 -39.354778 -68.406250 45.546753 -39.354778 -68.406250 64.709221 -39.354740 -68.406250 65.315628 -39.354740 -68.406250 65.325142 -39.354740 -68.406250 65.325142 -39.354740 -65.406250 64.787933 -39.482265 -71.468750 64.787933 -39.482265 -90.062500 64.946968 -39.375000 -90.062500 64.946968 -39.375000 -71.468750 65.150764 -39.237534 -90.405754 65.150764 -39.237534 -71.468750 64.946968 -39.375000 -71.468750 64.946968 -39.375000 -90.062500 64.946968 -39.375000 -90.406250 65.150764 -39.237534 -90.406250 53.394318 -22.590378 -90.406250 53.394318 -22.590378 -71.468750 53.756989 -22.345755 -71.468750 53.756989 -22.345755 -90.405861 53.756989 -22.345755 -90.406250 64.715584 -39.375000 -90.062500 64.787933 -39.482265 -90.062500 64.787933 -39.482265 -71.468750 64.715584 -39.375000 -71.468750 64.715584 -39.375000 -90.406250 64.715584 -39.375000 -90.062500 64.715584 -39.375000 -71.468750 53.394318 -22.590378 -71.468750 53.394318 -22.590378 -90.406250 65.437500 -39.531250 -90.187500 65.437500 -52.156086 -90.187500 65.437500 -51.812317 -92.250000 65.437500 -46.843750 -92.250000 65.437500 -45.406250 -92.250000 65.437500 -41.274948 -92.250000 65.437500 -39.531250 -92.250000 65.437500 -52.499790 -92.250000 65.437500 -52.499790 -90.187500 65.437500 -52.500000 -90.187500 65.437500 -52.500000 -92.250000 65.437500 -39.375000 -92.250000 65.437500 -39.375000 -90.406250 65.437500 -39.375000 -90.062500 65.437500 -39.531250 -90.062500 65.437500 -39.531250 -90.187500 65.437500 -39.531250 -92.250000 65.437500 -52.500000 -90.187500 65.437500 -52.499790 -90.187500 65.437500 -52.156086 -90.187500 65.437500 -39.531250 -90.187500 65.437500 -39.531250 -90.062500 65.437500 -52.500000 -90.062500 24.524237 -39.375000 -90.406250 64.715584 -39.375000 -90.406250 64.946968 -39.375000 -90.406250 65.437500 -39.375000 -90.406250 65.437500 -39.375000 -92.250000 24.524237 -39.375000 -92.250000 64.946968 -39.375000 -90.406250 64.946968 -39.375000 -90.062500 65.437500 -39.375000 -90.062500 65.437500 -39.375000 -90.406250 24.524237 -39.375000 -90.062500 64.715584 -39.375000 -90.062500 64.715584 -39.375000 -90.406250 24.524237 -39.375000 -90.406250 24.408995 -39.375000 -92.250000 24.408995 -39.375000 -90.062500 24.524237 -39.375000 -90.062500 24.524237 -39.375000 -90.406250 24.524237 -39.375000 -92.250000 64.820976 -39.531250 -90.062500 64.787933 -39.482265 -90.062500 64.715584 -39.375000 -90.062500 24.524237 -39.375000 -90.062500 24.524237 -39.531250 -90.062500 24.524237 -39.531250 -90.062500 24.524237 -39.375000 -90.062500 24.408995 -39.375000 -90.062500 24.409016 -43.267971 -90.062500 24.409029 -45.379177 -90.062500 24.409037 -46.927216 -90.062500 24.409069 -52.500000 -90.062500 24.524225 -52.500000 -90.062500 45.562500 -52.500000 -90.062500 64.718750 -52.500000 -90.062500 65.437500 -52.500000 -90.062500 65.437500 -39.531250 -90.062500 64.820976 -39.531250 -90.062500 24.524237 -39.531250 -90.062500 24.524225 -52.500000 -90.062500 64.946968 -39.375000 -90.062500 64.787933 -39.482265 -90.062500 64.820976 -39.531250 -90.062500 65.437500 -39.531250 -90.062500 65.437500 -39.375000 -90.062500 65.186516 -39.067165 -90.280853 65.186516 -39.067165 -71.593391 65.150734 -39.237488 -71.468498 65.150734 -39.237488 -71.468750 65.150734 -39.237488 -90.405754 53.928436 -22.376358 -71.593414 53.928436 -22.376358 -75.031212 53.928436 -22.376358 -75.531242 53.928436 -22.376358 -79.343712 53.928436 -22.376358 -79.843742 53.928436 -22.376358 -90.280838 53.756958 -22.345707 -90.405861 53.756958 -22.345707 -71.468750 53.756958 -22.345707 -71.468407 65.150764 -39.237534 -90.405754 65.150734 -39.237488 -90.405754 65.150734 -39.237488 -71.468750 65.150764 -39.237534 -71.468750 53.756989 -22.345755 -90.406250 53.756989 -22.345755 -90.405861 65.150734 -39.237488 -90.405754 65.150764 -39.237534 -90.405754 65.150764 -39.237534 -90.406250 53.756958 -22.345707 -71.468750 53.756958 -22.345707 -90.405861 53.756989 -22.345755 -90.405861 53.756989 -22.345755 -71.468750 53.756989 -22.345755 -71.468750 65.150734 -39.237488 -71.468750 65.150734 -39.237488 -71.468498 53.756958 -22.345707 -71.468407 53.756958 -22.345707 -71.468750 56.836334 -26.687500 -79.843765 56.836334 -26.687500 -79.343788 56.836334 -26.687500 -75.531265 56.836334 -26.687500 -75.031288 56.836334 -26.687500 -71.593407 65.186516 -39.067165 -71.593391 65.186516 -39.067165 -90.280853 56.836334 -26.687500 -90.280846 56.836334 -26.687500 -90.280846 53.928436 -22.376358 -90.280838 53.928436 -22.376358 -79.843742 55.247753 -24.332331 -79.843750 55.527332 -24.746819 -79.843750 56.836334 -26.687500 -79.843765 55.247753 -24.332331 -79.343750 55.247753 -24.332331 -79.843750 53.928436 -22.376358 -79.843742 53.928436 -22.376358 -79.343712 56.836334 -26.687500 -75.531265 55.527332 -24.746819 -75.531250 55.527332 -24.746819 -75.031258 56.836334 -26.687500 -75.031288 56.836334 -26.687500 -75.031288 55.527332 -24.746819 -75.031258 55.247753 -24.332331 -75.031250 53.928436 -22.376358 -75.031212 53.928436 -22.376358 -71.593414 56.836334 -26.687500 -71.593407 56.836334 -26.687500 -79.843765 55.527332 -24.746819 -79.843750 55.527332 -24.746819 -79.343758 56.836334 -26.687500 -79.343788 55.247753 -24.332331 -75.031250 55.247753 -24.332331 -75.531250 53.928436 -22.376358 -75.531242 53.928436 -22.376358 -75.031212 53.928436 -22.376358 -75.531242 55.247753 -24.332331 -75.531250 55.527332 -24.746819 -75.531250 56.836334 -26.687500 -75.531265 56.836334 -26.687500 -79.343788 55.527332 -24.746819 -79.343758 55.247753 -24.332331 -79.343750 53.928436 -22.376358 -79.343712 65.150734 -39.237488 -71.468498 65.186516 -39.067165 -71.593391 56.836334 -26.687500 -71.593407 53.928436 -22.376358 -71.593414 53.756958 -22.345707 -71.468407 53.756989 -22.345755 -90.405861 53.756958 -22.345707 -90.405861 53.928436 -22.376358 -90.280838 56.836334 -26.687500 -90.280846 65.186516 -39.067165 -90.280853 65.150734 -39.237488 -90.405754 65.325119 -38.917187 -71.343674 65.203873 -38.792255 -71.218758 65.203873 -38.792255 -70.906250 65.203873 -38.792255 -65.531235 65.325119 -38.917187 -65.406326 45.071152 -38.792259 -65.531242 45.071152 -38.792259 -70.906250 45.071152 -38.792259 -71.218758 44.949821 -38.917286 -71.343773 44.949821 -38.917286 -71.343750 44.949821 -38.917286 -65.406250 44.949821 -38.917286 -65.406235 65.325134 -38.917187 -71.343750 65.325119 -38.917187 -71.343750 65.325119 -38.917187 -71.343674 65.325119 -38.917187 -65.406326 65.325119 -38.917187 -65.406250 65.325134 -38.917187 -65.406250 44.949821 -38.917286 -65.406250 44.949821 -38.917286 -71.343750 44.949791 -38.917286 -71.343750 44.949791 -38.917286 -68.406250 44.949791 -38.917286 -65.406250 65.325119 -38.917187 -65.406326 48.896355 -38.917267 -65.406250 65.325119 -38.917187 -65.406250 50.104073 -38.917263 -71.343750 65.325119 -38.917187 -71.343674 65.325119 -38.917187 -71.343750 44.949821 -38.917286 -65.406235 44.949821 -38.917286 -65.406250 48.896355 -38.917267 -65.406250 44.949821 -38.917286 -71.343750 44.949821 -38.917286 -71.343773 50.104073 -38.917263 -71.343750 48.896355 -38.917267 -65.406250 65.325119 -38.917187 -65.406326 65.203873 -38.792255 -65.531235 59.273312 -38.792255 -65.531235 50.481403 -38.792259 -65.531242 45.071152 -38.792259 -65.531242 44.949821 -38.917286 -65.406235 50.104073 -38.917263 -71.343750 44.949821 -38.917286 -71.343773 45.071152 -38.792259 -71.218758 65.203873 -38.792255 -71.218758 65.325119 -38.917187 -71.343674 24.409018 -43.437500 -86.093750 24.409021 -44.255577 -86.385918 23.534075 -44.255577 -86.385918 23.534077 -43.437500 -86.093750 23.534075 -44.255577 -86.385918 24.409021 -44.255577 -86.385918 24.409021 -44.218750 -86.093750 23.534075 -44.218750 -86.093750 24.409014 -43.026745 -86.846184 24.409018 -43.511810 -86.730194 23.534077 -43.511810 -86.730194 23.534079 -43.026745 -86.846184 23.534071 -45.057117 -86.360664 24.409027 -45.057117 -86.360664 24.409031 -45.781250 -86.187500 23.534069 -45.781250 -86.187500 23.534075 -43.836620 -89.512032 24.409019 -43.836620 -89.512032 24.409016 -43.218128 -89.397942 23.534079 -43.218128 -89.397942 24.409018 -43.511810 -86.730194 24.409018 -43.437500 -86.093750 23.534077 -43.437500 -86.093750 23.534077 -43.511810 -86.730194 24.409019 -43.836620 -89.512032 23.534075 -43.836620 -89.512032 23.534075 -43.886097 -89.935783 24.409019 -43.886097 -89.935783 23.534067 -46.123043 -89.392883 24.409033 -46.123043 -89.392883 24.409033 -46.211781 -89.841499 23.534067 -46.211781 -89.841499 24.409033 -46.123043 -89.392883 23.534067 -46.123043 -89.392883 23.534065 -46.500217 -89.282631 24.409035 -46.500217 -89.282631 24.409029 -45.398689 -89.874458 24.409019 -43.886097 -89.935783 23.534075 -43.886097 -89.935783 23.534069 -45.398689 -89.874458 23.534067 -46.211781 -89.841499 24.409033 -46.211781 -89.841499 24.409029 -45.398689 -89.874458 23.534069 -45.398689 -89.874458 24.409035 -46.420689 -86.946396 24.409035 -46.645508 -88.329453 23.534065 -46.645508 -88.329453 23.534065 -46.420689 -86.946396 23.534075 -44.218750 -86.093750 24.409021 -44.218750 -86.093750 24.409027 -45.057117 -86.360664 23.534071 -45.057117 -86.360664 24.409031 -45.740700 -86.578293 24.409033 -46.083717 -86.687500 23.534067 -46.083717 -86.687500 23.534069 -45.740700 -86.578293 24.409033 -46.131603 -86.985863 24.409035 -46.420689 -86.946396 23.534065 -46.420689 -86.946396 23.534067 -46.131603 -86.985863 24.409031 -45.740700 -86.578293 23.534069 -45.740700 -86.578293 23.534069 -45.781250 -86.187500 24.409031 -45.781250 -86.187500 24.409033 -46.083717 -86.687500 24.409033 -46.131603 -86.985863 23.534067 -46.131603 -86.985863 23.534067 -46.083717 -86.687500 23.534065 -46.356438 -88.386757 24.409033 -46.356438 -88.386757 24.409035 -46.500217 -89.282631 23.534065 -46.500217 -89.282631 23.534081 -42.591839 -89.133087 24.409012 -42.591839 -89.133087 24.409016 -43.100903 -87.834915 23.534079 -43.100903 -87.834915 24.409016 -43.218128 -89.397942 24.409016 -43.189381 -89.014626 23.534079 -43.189381 -89.014626 23.534079 -43.218128 -89.397942 23.534079 -43.100903 -87.834915 24.409016 -43.100903 -87.834915 24.409014 -43.026745 -86.846184 23.534079 -43.026745 -86.846184 23.534082 -42.131264 -74.906410 23.534077 -43.437500 -86.093750 23.534075 -44.255577 -86.385918 23.534075 -44.218750 -86.093750 23.534084 -41.603203 -65.343750 23.534084 -41.414062 -65.343750 23.534075 -43.886097 -89.935783 23.534075 -43.836620 -89.512032 23.534079 -43.218128 -89.397942 23.534079 -43.260368 -89.961151 23.534077 -43.432034 -92.250000 23.534077 -43.454956 -92.250000 23.534077 -43.640465 -92.250000 23.534071 -45.152199 -92.250000 23.534069 -45.398689 -89.874458 23.534075 -43.886097 -89.935783 23.534079 -43.260368 -89.961151 23.534084 -41.603203 -65.343750 23.534075 -44.218750 -86.093750 23.534071 -45.057117 -86.360664 23.534069 -45.781250 -86.187500 23.534067 -45.868507 -85.346573 23.534060 -47.944019 -65.343750 23.534065 -46.500217 -89.282631 23.534067 -46.123043 -89.392883 23.534067 -46.211781 -89.841499 23.534065 -46.587471 -89.826263 23.534067 -45.868507 -85.346573 23.534067 -46.083717 -86.687500 23.534067 -46.131603 -86.985863 23.534065 -46.420689 -86.946396 23.534042 -52.500000 -86.116432 23.534042 -52.500000 -65.343750 23.534060 -47.944019 -65.343750 23.534042 -52.500000 -86.116432 23.534065 -46.420689 -86.946396 23.534065 -46.645508 -88.329453 23.534063 -46.886845 -89.814125 23.534063 -46.947536 -90.187500 23.534044 -52.156078 -90.187500 23.534042 -52.499866 -90.187500 23.534042 -52.500000 -90.187500 23.534044 -51.812309 -92.250000 23.534044 -52.156078 -90.187500 23.534063 -46.947536 -90.187500 23.534063 -47.282799 -92.250000 23.534096 -38.416855 -65.343750 23.534096 -38.416855 -89.960770 23.534081 -42.591839 -89.133087 23.534079 -43.100903 -87.834915 23.534079 -43.026745 -86.846184 23.534082 -42.131264 -74.906410 23.534084 -41.414062 -65.343750 23.534042 -52.499866 -90.187500 23.534042 -52.499866 -92.250000 23.534042 -52.500000 -92.250000 23.534042 -52.500000 -90.187500 23.534063 -46.886845 -89.814125 23.534065 -46.645508 -88.329453 23.534065 -46.356438 -88.386757 23.534065 -46.500217 -89.282631 23.534065 -46.587471 -89.826263 23.534069 -45.781250 -86.187500 23.534069 -45.740700 -86.578293 23.534067 -46.083717 -86.687500 23.534067 -45.868507 -85.346573 23.534077 -43.511810 -86.730194 23.534077 -43.437500 -86.093750 23.534082 -42.131264 -74.906410 23.534079 -43.026745 -86.846184 23.534071 -45.152199 -92.250000 23.534069 -45.406250 -92.250000 23.534063 -46.843750 -92.250000 23.534063 -47.282799 -92.250000 23.534063 -46.947536 -90.187500 23.534063 -46.886845 -89.814125 23.534065 -46.587471 -89.826263 23.534067 -46.211781 -89.841499 23.534069 -45.398689 -89.874458 23.534081 -42.591839 -89.133087 23.534096 -38.416855 -89.960770 23.534096 -38.416855 -92.250000 23.534077 -43.432034 -92.250000 23.534079 -43.260368 -89.961151 23.534079 -43.218128 -89.397942 23.534079 -43.189381 -89.014626 23.534096 -38.416855 -65.343750 24.408989 -38.416855 -65.343750 24.408989 -38.416855 -71.343750 24.408989 -38.416855 -72.437500 24.408989 -38.416855 -89.960770 23.534096 -38.416855 -89.960770 24.408989 -38.416855 -89.960770 24.408989 -38.416855 -90.062500 24.408989 -38.416855 -92.250000 23.534096 -38.416855 -92.250000 23.534096 -38.416855 -89.960770 24.409037 -46.927216 -90.062500 24.409029 -45.379177 -90.062500 24.409029 -45.398689 -89.874458 24.409033 -46.211781 -89.841499 24.409035 -46.587471 -89.826263 24.409037 -46.886845 -89.814125 24.409035 -46.500217 -89.282631 24.409033 -46.356438 -88.386757 24.409035 -46.645508 -88.329453 24.409037 -46.886845 -89.814125 24.409035 -46.587471 -89.826263 24.409069 -52.500000 -90.062500 24.409037 -46.927216 -90.062500 24.409037 -46.886845 -89.814125 24.409035 -46.645508 -88.329453 24.409035 -46.420689 -86.946396 24.409069 -52.500000 -86.116432 24.409039 -47.321453 -71.343750 24.409010 -42.359505 -71.343750 24.409006 -41.603203 -65.343750 24.409042 -47.944019 -65.343750 24.409033 -46.083717 -86.687500 24.409031 -45.740700 -86.578293 24.409031 -45.781250 -86.187500 24.409031 -45.868507 -85.346573 24.409006 -41.603203 -65.343750 24.409010 -42.359505 -71.343750 24.409008 -41.864063 -71.343750 24.409006 -41.414062 -65.343750 24.409069 -52.500000 -65.343750 24.409069 -52.500000 -71.343750 24.409039 -47.321453 -71.343750 24.409042 -47.944019 -65.343750 24.408989 -38.416855 -72.437500 24.408989 -38.416855 -71.343750 24.408995 -39.531250 -71.343750 24.408995 -39.531250 -72.437500 24.409010 -42.131264 -74.906410 24.409014 -43.026745 -86.846184 24.409016 -43.100903 -87.834915 24.409012 -42.591839 -89.133087 24.408989 -38.416855 -89.960770 24.408989 -38.416855 -72.437500 24.408995 -39.531250 -72.437500 24.409008 -41.946095 -72.437500 24.409008 -41.864063 -71.343750 24.408995 -39.531250 -71.343750 24.408989 -38.416855 -71.343750 24.408989 -38.416855 -65.343750 24.409006 -41.414062 -65.343750 24.409033 -46.211781 -89.841499 24.409033 -46.123043 -89.392883 24.409035 -46.500217 -89.282631 24.409035 -46.587471 -89.826263 24.409039 -47.207962 -72.437500 24.409069 -52.500000 -72.437500 24.409069 -52.500000 -86.116432 24.409035 -46.420689 -86.946396 24.409033 -46.131603 -86.985863 24.409033 -46.083717 -86.687500 24.409031 -45.868507 -85.346573 24.409008 -41.946095 -72.437500 24.409012 -42.497375 -72.437500 24.409021 -44.218750 -86.093750 24.409021 -44.255577 -86.385918 24.409018 -43.437500 -86.093750 24.409010 -42.131264 -74.906410 24.409029 -45.379177 -90.062500 24.409016 -43.267971 -90.062500 24.409016 -43.260368 -89.961151 24.409019 -43.886097 -89.935783 24.409029 -45.398689 -89.874458 24.408989 -38.416855 -92.250000 24.408989 -38.416855 -90.062500 24.408995 -39.375000 -90.062500 24.408995 -39.375000 -92.250000 24.409016 -43.218128 -89.397942 24.409016 -43.260368 -89.961151 24.409016 -43.267971 -90.062500 24.408995 -39.375000 -90.062500 24.408989 -38.416855 -90.062500 24.408989 -38.416855 -89.960770 24.409012 -42.591839 -89.133087 24.409016 -43.189381 -89.014626 24.409010 -42.131264 -74.906410 24.409018 -43.437500 -86.093750 24.409018 -43.511810 -86.730194 24.409014 -43.026745 -86.846184 24.409016 -43.218128 -89.397942 24.409019 -43.836620 -89.512032 24.409019 -43.886097 -89.935783 24.409016 -43.260368 -89.961151 24.409027 -45.057117 -86.360664 24.409021 -44.218750 -86.093750 24.409012 -42.497375 -72.437500 24.409039 -47.207962 -72.437500 24.409031 -45.868507 -85.346573 24.409031 -45.781250 -86.187500 23.534065 -46.645508 -88.329453 24.409035 -46.645508 -88.329453 24.409033 -46.356438 -88.386757 23.534065 -46.356438 -88.386757 24.409016 -43.189381 -89.014626 24.409012 -42.591839 -89.133087 23.534081 -42.591839 -89.133087 23.534079 -43.189381 -89.014626 24.524265 -30.979687 -65.406326 24.524265 -30.979687 -71.343674 24.524265 -30.979687 -71.343750 24.524263 -31.417238 -71.343750 24.524263 -31.417238 -68.406250 24.524263 -31.417238 -65.406250 24.524265 -30.979687 -65.406250 44.899593 -30.979788 -68.406250 44.899593 -31.416939 -68.406250 44.899593 -31.416939 -70.906250 44.899593 -31.416939 -71.343750 44.899593 -30.979788 -71.343750 44.899593 -30.979788 -65.406250 44.899593 -31.417278 -65.406250 44.899593 -31.417278 -68.406250 44.899593 -31.416939 -68.406250 44.899593 -30.979788 -68.406250 24.524263 -31.417238 -71.343750 24.533770 -31.417238 -71.343750 24.533770 -31.417238 -70.906250 24.533770 -31.417238 -68.406250 24.524263 -31.417238 -68.406250 24.524263 -31.417238 -65.406250 24.524263 -31.417238 -68.406250 24.533770 -31.417238 -68.406250 25.140175 -31.417240 -68.406250 44.302643 -31.417276 -68.406250 44.899593 -31.417278 -68.406250 44.899593 -31.417278 -65.406250 65.325119 -38.917187 -65.406250 48.896355 -38.917267 -65.406250 44.949821 -38.917286 -65.406250 44.949791 -38.917286 -65.406250 44.949795 -39.354778 -65.406250 65.325142 -39.354740 -65.406250 65.325134 -38.917187 -65.406250 44.899570 -30.979788 -65.406250 40.953033 -30.979769 -65.406250 24.524265 -30.979687 -65.406250 24.524263 -31.417238 -65.406250 44.899593 -31.417278 -65.406250 44.899593 -30.979788 -65.406250 24.524237 -39.354855 -90.406250 24.524237 -39.354855 -71.468750 24.524237 -38.917168 -71.468750 24.524237 -38.917168 -90.405548 24.524237 -38.917168 -90.406250 44.899498 -38.917267 -90.405655 44.899498 -38.917267 -71.468750 44.899498 -39.354733 -71.468750 44.899498 -39.354733 -90.406250 44.899498 -38.917267 -90.406250 44.899498 -39.354733 -90.406250 44.899498 -39.354733 -71.468750 24.524237 -39.354855 -71.468750 24.524237 -39.354855 -90.406250 65.150734 -39.237488 -71.468750 53.756989 -22.345755 -71.468750 53.394318 -22.590378 -71.468750 64.715584 -39.375000 -71.468750 64.787933 -39.482265 -71.468750 64.946968 -39.375000 -71.468750 65.150764 -39.237534 -71.468750 24.524237 -39.354855 -71.468750 44.899498 -39.354733 -71.468750 44.899498 -38.917267 -71.468750 24.524281 -38.917168 -71.468750 24.524237 -38.917168 -71.468750 44.899498 -38.917267 -90.406250 44.899498 -39.354733 -90.406250 24.524237 -39.354855 -90.406250 24.524237 -38.917168 -90.406250 65.150764 -39.237534 -90.406250 64.946968 -39.375000 -90.406250 64.715584 -39.375000 -90.406250 53.394318 -22.590378 -90.406250 53.756989 -22.345755 -90.406250 24.645504 -38.792263 -71.593552 24.645504 -38.792263 -75.030930 24.645504 -38.792263 -90.280647 24.524281 -38.917168 -90.405548 24.524281 -38.917168 -71.468750 24.524281 -38.917168 -71.468651 44.778252 -38.792259 -90.280655 44.778252 -38.792259 -71.593552 44.899563 -38.917267 -71.468552 44.899563 -38.917267 -71.468750 44.899563 -38.917267 -90.405655 24.524281 -38.917168 -71.468750 24.524281 -38.917168 -90.405548 24.524237 -38.917168 -90.405548 24.524237 -38.917168 -71.468750 24.524237 -38.917168 -90.406250 24.524237 -38.917168 -90.405548 24.524281 -38.917168 -90.405548 44.899498 -38.917267 -90.405655 44.899498 -38.917267 -90.406250 44.899498 -38.917267 -90.405655 44.899563 -38.917267 -90.405655 44.899563 -38.917267 -71.468750 44.899498 -38.917267 -71.468750 44.899498 -38.917267 -71.468750 44.899563 -38.917267 -71.468750 44.899563 -38.917267 -71.468552 24.524281 -38.917168 -71.468651 24.524281 -38.917168 -71.468750 59.043903 -38.792255 -67.895813 59.043903 -38.792255 -68.125000 58.543915 -38.792255 -68.125000 58.543907 -38.792255 -67.895813 65.203873 -38.792255 -71.218758 45.071152 -38.792259 -71.218758 45.071152 -38.792259 -70.906250 50.481441 -38.792259 -70.906250 58.544003 -38.792255 -70.906250 59.273312 -38.792255 -70.906250 65.203873 -38.792255 -70.906250 42.774200 -38.792259 -79.843765 42.774200 -38.792259 -79.343758 42.774200 -38.792259 -75.531265 42.774200 -38.792259 -75.031258 42.774200 -38.792259 -71.593552 44.778252 -38.792259 -71.593552 44.778252 -38.792259 -90.280655 42.774200 -38.792259 -90.280655 58.543930 -38.792255 -68.625000 59.043903 -38.792255 -68.625000 59.043903 -38.792255 -68.854187 58.543938 -38.792255 -68.854187 42.045147 -38.792259 -75.031242 42.045147 -38.792259 -75.531250 42.045147 -38.792259 -79.343742 42.045147 -38.792259 -79.843750 42.045147 -38.792259 -90.280655 24.645504 -38.792263 -90.280647 24.645504 -38.792263 -75.030930 50.481403 -38.792259 -65.531242 50.481419 -38.792259 -67.895821 50.481441 -38.792259 -70.906250 45.071152 -38.792259 -70.906250 45.071152 -38.792259 -65.531242 42.045147 -38.792259 -75.531250 42.274227 -38.792259 -75.531250 42.774200 -38.792259 -75.531265 42.774200 -38.792259 -79.343758 42.274227 -38.792259 -79.343742 42.045147 -38.792259 -79.343742 59.273312 -38.792255 -68.854187 59.043903 -38.792255 -68.854187 59.043903 -38.792255 -68.625000 59.043903 -38.792255 -68.125000 59.043903 -38.792255 -67.895813 59.273312 -38.792255 -67.895813 58.544003 -38.792255 -70.906250 58.543938 -38.792255 -68.854187 59.043903 -38.792255 -68.854187 59.273312 -38.792255 -68.854187 59.273312 -38.792255 -70.906250 59.273312 -38.792255 -70.906250 59.273312 -38.792255 -68.854187 59.273312 -38.792255 -67.895813 59.273312 -38.792255 -65.531235 65.203873 -38.792255 -65.531235 65.203873 -38.792255 -70.906250 50.481419 -38.792259 -67.895821 58.543907 -38.792255 -67.895813 58.543915 -38.792255 -68.125000 58.543930 -38.792255 -68.625000 58.543938 -38.792255 -68.854187 58.544003 -38.792255 -70.906250 50.481441 -38.792259 -70.906250 59.273312 -38.792255 -65.531235 59.273312 -38.792255 -67.895813 59.043903 -38.792255 -67.895813 58.543907 -38.792255 -67.895813 50.481419 -38.792259 -67.895821 50.481403 -38.792259 -65.531242 42.774200 -38.792259 -75.031258 42.274227 -38.792259 -75.031242 42.045147 -38.792259 -75.031242 24.645504 -38.792263 -75.030930 24.645504 -38.792263 -71.593552 42.774200 -38.792259 -71.593552 42.274227 -38.792259 -79.343742 42.274227 -38.792259 -79.843750 42.045147 -38.792259 -79.843750 42.045147 -38.792259 -79.343742 42.045147 -38.792259 -90.280655 42.045147 -38.792259 -79.843750 42.274227 -38.792259 -79.843750 42.774200 -38.792259 -79.843765 42.774200 -38.792259 -90.280655 42.274227 -38.792259 -75.031242 42.274227 -38.792259 -75.531250 42.045147 -38.792259 -75.531250 42.045147 -38.792259 -75.031242 44.899563 -38.917267 -71.468552 44.778252 -38.792259 -71.593552 42.774200 -38.792259 -71.593552 24.645504 -38.792263 -71.593552 24.524281 -38.917168 -71.468651 44.899498 -38.917267 -90.405655 24.524281 -38.917168 -90.405548 24.645504 -38.792263 -90.280647 42.045147 -38.792259 -90.280655 42.774200 -38.792259 -90.280655 44.778252 -38.792259 -90.280655 44.899563 -38.917267 -90.405655 24.645517 -30.854759 -65.531235 24.645517 -30.854759 -70.906250 24.645517 -30.854759 -71.218765 24.524275 -30.979687 -71.343674 24.524275 -30.979687 -65.406326 44.899570 -30.979788 -65.406250 44.899570 -30.979788 -71.343750 44.899570 -30.979788 -71.343773 44.778244 -30.854759 -71.218758 44.778244 -30.854759 -70.906250 44.778244 -30.854759 -65.531242 44.899570 -30.979788 -65.406235 40.953033 -30.979769 -65.406250 24.524275 -30.979687 -65.406326 24.524265 -30.979687 -65.406326 24.524265 -30.979687 -65.406250 44.899593 -30.979788 -68.406250 44.899593 -30.979788 -71.343750 44.899570 -30.979788 -71.343750 44.899570 -30.979788 -65.406250 44.899593 -30.979788 -65.406250 24.524275 -30.979687 -65.406326 24.524275 -30.979687 -71.343674 24.524265 -30.979687 -71.343674 24.524265 -30.979687 -65.406326 24.524265 -30.979687 -71.343674 24.524275 -30.979687 -71.343674 39.745319 -30.979763 -71.343750 24.524265 -30.979687 -71.343750 44.899570 -30.979788 -65.406250 44.899570 -30.979788 -65.406235 40.953033 -30.979769 -65.406250 44.899570 -30.979788 -71.343773 44.899570 -30.979788 -71.343750 39.745319 -30.979763 -71.343750 39.367954 -30.854759 -70.906250 39.367977 -30.854759 -67.895821 39.367992 -30.854759 -65.531242 44.778244 -30.854759 -65.531242 44.778244 -30.854759 -70.906250 30.576084 -30.854759 -65.531235 30.576084 -30.854759 -67.895813 30.576084 -30.854759 -68.854187 30.576084 -30.854759 -70.906250 24.645517 -30.854759 -70.906250 24.645517 -30.854759 -65.531235 24.645517 -30.854759 -71.218765 24.645517 -30.854759 -70.906250 30.576084 -30.854759 -70.906250 31.305395 -30.854759 -70.906250 39.367954 -30.854759 -70.906250 44.778244 -30.854759 -70.906250 44.778244 -30.854759 -71.218758 31.305483 -30.854759 -68.125000 30.805492 -30.854759 -68.125000 30.805492 -30.854759 -67.895813 31.305490 -30.854759 -67.895813 30.805492 -30.854759 -68.854187 30.805492 -30.854759 -68.625000 31.305468 -30.854759 -68.625000 31.305460 -30.854759 -68.854187 30.805492 -30.854759 -67.895813 30.805492 -30.854759 -68.125000 30.805492 -30.854759 -68.625000 30.805492 -30.854759 -68.854187 30.576084 -30.854759 -68.854187 30.576084 -30.854759 -67.895813 30.576084 -30.854759 -68.854187 30.805492 -30.854759 -68.854187 31.305460 -30.854759 -68.854187 31.305395 -30.854759 -70.906250 30.576084 -30.854759 -70.906250 31.305395 -30.854759 -70.906250 31.305460 -30.854759 -68.854187 31.305468 -30.854759 -68.625000 31.305483 -30.854759 -68.125000 31.305490 -30.854759 -67.895813 39.367977 -30.854759 -67.895821 39.367954 -30.854759 -70.906250 39.367977 -30.854759 -67.895821 31.305490 -30.854759 -67.895813 30.805492 -30.854759 -67.895813 30.576084 -30.854759 -67.895813 30.576084 -30.854759 -65.531235 39.367992 -30.854759 -65.531242 44.778244 -30.854759 -65.531242 39.367992 -30.854759 -65.531242 30.576084 -30.854759 -65.531235 24.645517 -30.854759 -65.531235 24.524275 -30.979687 -65.406326 40.953033 -30.979769 -65.406250 44.899570 -30.979788 -65.406235 39.745319 -30.979763 -71.343750 24.524275 -30.979687 -71.343674 24.645517 -30.854759 -71.218765 44.778244 -30.854759 -71.218758 44.899570 -30.979788 -71.343773 39.745319 -30.979763 -71.343750 44.899570 -30.979788 -71.343750 44.899593 -30.979788 -71.343750 44.899593 -31.416939 -71.343750 44.899593 -31.417278 -71.343750 24.533770 -31.417238 -71.343750 24.524263 -31.417238 -71.343750 24.524265 -30.979687 -71.343750 65.325142 -39.354740 -71.343750 65.315628 -39.354740 -71.343750 45.562500 -39.354778 -71.343750 44.949795 -39.354778 -71.343750 44.949795 -39.354439 -71.343750 44.949791 -38.917286 -71.343750 44.949821 -38.917286 -71.343750 50.104073 -38.917263 -71.343750 65.325119 -38.917187 -71.343750 65.325134 -38.917187 -71.343750 66.875000 -52.500000 -64.653526 66.875000 -37.481068 -64.653557 66.190369 -37.979126 -63.968750 66.190399 -52.500000 -63.968750 23.713732 -52.500000 -63.968750 23.713718 -37.979145 -63.968750 23.039404 -37.479126 -64.656250 23.039417 -52.500000 -64.656250 23.039404 -37.479126 -64.656250 23.713718 -37.979145 -63.968750 66.190369 -37.979126 -63.968750 66.875000 -37.481068 -64.653557 66.875000 -37.479107 -64.656250 66.190399 -52.500000 -63.968750 66.190369 -37.979126 -63.968750 23.713718 -37.979145 -63.968750 23.713732 -52.500000 -63.968750 23.034014 -37.479126 -64.656250 23.034014 -37.479115 -64.656250 23.034014 -37.354134 -65.343750 23.034027 -52.500000 -65.343750 23.034027 -52.500000 -64.656250 66.875000 -37.479084 -64.656250 66.875000 -37.354103 -65.343750 65.440414 -37.354103 -65.343750 24.408983 -37.354134 -65.343750 23.534100 -37.354134 -65.343750 23.034014 -37.354134 -65.343750 23.034014 -37.479115 -64.656250 23.039404 -37.479126 -64.656250 66.875000 -37.479107 -64.656250 66.875000 -37.479084 -64.656250 23.034014 -37.479115 -64.656250 23.034014 -37.479126 -64.656250 23.034014 -37.479126 -64.656250 23.034027 -52.500000 -64.656250 23.039417 -52.500000 -64.656250 23.039404 -37.479126 -64.656250 23.034027 -52.500000 -65.343750 23.034014 -37.354134 -65.343750 23.534100 -37.354134 -65.343750 23.534096 -38.416855 -65.343750 23.534084 -41.414062 -65.343750 23.534084 -41.603203 -65.343750 23.534060 -47.944019 -65.343750 23.534042 -52.500000 -65.343750 23.534100 -37.354134 -65.343750 24.408983 -37.354134 -65.343750 24.408989 -38.416855 -65.343750 23.534096 -38.416855 -65.343750 65.440414 -37.354103 -65.343750 66.875000 -37.354103 -65.343750 66.875000 -38.416851 -65.343750 66.315300 -38.416855 -65.343750 65.440407 -38.416855 -65.343750 66.875000 -38.416851 -65.343750 66.875000 -52.500000 -65.343750 66.315353 -52.500000 -65.343750 66.315300 -38.416855 -65.343750 24.409042 -47.944019 -65.343750 24.409006 -41.603203 -65.343750 24.409006 -41.414062 -65.343750 24.408989 -38.416855 -65.343750 24.408983 -37.354134 -65.343750 65.440414 -37.354103 -65.343750 65.440407 -38.416855 -65.343750 65.440331 -52.500000 -65.343750 24.409069 -52.500000 -65.343750 -31.906250 -8.133824 -90.185249 -31.913269 -8.133824 -90.185249 -31.913269 -8.133774 -90.185303 -31.906250 -8.133774 -90.185303 -32.531250 -11.649002 -86.281250 -32.531250 -8.133773 -90.185303 -31.913269 -8.133774 -90.185303 -31.913269 -8.133824 -90.185249 -31.913269 -20.805521 -76.111916 -32.531250 -20.805521 -76.111916 -32.531250 -40.771473 -53.937500 -32.531250 -20.805521 -76.111916 -31.913269 -20.805521 -76.111916 -31.906250 -20.805521 -76.111916 -31.906250 -26.687500 -69.579323 -31.906250 -40.771473 -53.937500 -31.906250 -45.270596 -48.940727 -32.531250 -45.270596 -48.940727 9.468822 -45.270596 -48.940727 8.843750 -45.270596 -48.940727 8.843750 -40.771473 -53.937500 8.843750 -26.687500 -69.579323 8.843750 -20.826351 -76.088783 8.868317 -20.826351 -76.088783 9.468787 -20.826351 -76.088783 8.843750 -6.274710 -92.250000 9.468766 -6.274710 -92.250000 9.468769 -8.133825 -90.185242 8.868317 -8.133824 -90.185249 8.843750 -8.133824 -90.185249 9.468774 -11.649002 -86.281250 9.468787 -20.826351 -76.088783 8.868317 -20.826351 -76.088783 8.868317 -20.805489 -76.111954 8.868317 -8.133824 -90.185249 9.468769 -8.133825 -90.185242 8.843750 -20.826351 -76.088783 8.843750 -20.805489 -76.111954 8.868317 -20.805489 -76.111954 8.868317 -20.826351 -76.088783 -32.531250 -6.274710 -92.250000 -31.906250 -6.274710 -92.250000 -31.906250 -8.133774 -90.185303 -31.913269 -8.133774 -90.185303 -32.531250 -8.133773 -90.185303 11.000012 -51.668770 -43.516136 11.000012 -51.552647 -43.411579 10.999998 -37.432892 -30.698101 11.593735 -37.830193 -30.256853 11.593750 -52.367970 -43.346718 -34.062508 -51.552647 -43.411579 -34.062508 -51.668770 -43.516136 -34.656250 -52.367970 -43.346718 -34.656239 -37.830193 -30.256853 -34.062500 -37.432892 -30.698101 11.000012 -51.668770 -43.516136 11.593750 -52.367970 -43.346718 -34.656250 -52.367970 -43.346718 -34.062508 -51.668770 -43.516136 -34.656239 -37.830193 -30.256853 -34.656250 -52.367970 -43.346718 11.593750 -52.367970 -43.346718 11.593735 -37.830193 -30.256853 10.781247 -37.432892 -30.698101 10.781250 -51.552647 -43.411579 10.500043 -50.899986 -43.622776 10.500032 -37.035641 -31.139294 -33.843750 -37.432892 -30.698101 -33.562531 -37.035641 -31.139294 -33.562542 -50.899986 -43.622776 -33.843750 -51.552647 -43.411579 10.781247 -37.432892 -30.698101 -33.843750 -37.432892 -30.698101 -34.062500 -37.432892 -30.698101 -34.656239 -37.830193 -30.256853 11.593735 -37.830193 -30.256853 10.999998 -37.432892 -30.698101 9.468810 -37.035641 -31.139294 -23.125000 -37.035641 -31.139294 -32.531250 -37.035641 -31.139294 -33.562531 -37.035641 -31.139294 -33.843750 -37.432892 -30.698101 10.781247 -37.432892 -30.698101 10.500032 -37.035641 -31.139294 -32.531250 -50.899986 -43.622776 9.468829 -50.899986 -43.622776 10.500043 -50.899986 -43.622776 10.781250 -51.552647 -43.411579 -33.843750 -51.552647 -43.411579 -33.562542 -50.899986 -43.622776 -34.062500 -37.432892 -30.698101 -33.843750 -37.432892 -30.698101 -33.843750 -51.552647 -43.411579 -34.062508 -51.552647 -43.411579 -34.062508 -51.552647 -43.411579 -33.843750 -51.552647 -43.411579 10.781250 -51.552647 -43.411579 11.000012 -51.552647 -43.411579 11.000012 -51.668770 -43.516136 -34.062508 -51.668770 -43.516136 10.999998 -37.432892 -30.698101 11.000012 -51.552647 -43.411579 10.781250 -51.552647 -43.411579 10.781247 -37.432892 -30.698101 -2.250000 -3.797970 -86.281250 -2.250000 -7.603776 -89.708015 -2.250000 -7.604365 -89.707359 -2.250000 -7.875000 -89.406792 -2.250000 -7.875000 -89.153084 -2.250000 -4.685494 -86.281250 -2.250000 -7.604365 -89.707359 -2.250000 -7.875000 -89.951042 -2.250000 -7.875000 -89.406792 -5.656250 -7.875000 -89.951042 -5.656250 -7.604365 -89.707359 -5.656250 -7.875000 -89.406792 -5.656250 -7.875000 -89.406792 -5.656250 -7.604365 -89.707359 -5.656250 -7.603772 -89.708023 -5.656250 -3.797960 -86.281250 -5.656250 -4.685494 -86.281250 -5.656250 -7.875000 -89.153084 -11.506989 -8.133817 -90.185287 -11.537964 -8.133817 -90.185287 -31.906250 -8.133842 -90.185265 -31.906250 -8.133791 -90.185318 -11.537964 -8.531214 -89.743935 -11.537964 -8.133817 -90.185287 -11.506989 -8.133817 -90.185287 -11.506989 -8.531214 -89.743935 -2.250000 -7.875000 -89.406792 -2.250000 -7.875000 -89.951042 -5.656250 -7.875000 -89.951042 -5.656250 -7.875000 -89.406792 -5.656250 -7.875000 -89.153084 -2.250000 -7.875000 -89.153084 -2.250000 -4.685494 -86.281250 -2.250000 -7.875000 -89.153084 8.843750 -7.875000 -89.153084 8.843750 -4.685494 -86.281250 -11.506989 -7.875000 -89.153084 -5.656250 -7.875000 -89.153084 -5.656250 -4.685494 -86.281250 -31.906250 -4.685494 -86.281250 -31.906250 -7.875000 -89.153084 8.843750 4.380843 -78.117912 -31.906250 4.380843 -78.117912 -31.906250 -4.685494 -86.281250 -5.656250 -4.685494 -86.281250 -2.250000 -4.685494 -86.281250 8.843750 -4.685494 -86.281250 -11.537964 -8.531214 -89.743935 -11.506989 -8.531214 -89.743935 -11.506989 -8.523924 -89.737373 -11.506989 -8.522204 -89.735825 -11.537964 -8.522204 -89.735825 -2.250000 -7.875000 -89.153084 -5.656250 -7.875000 -89.153084 -11.506989 -7.875000 -89.153084 -11.506989 -8.522204 -89.735825 -11.506989 -8.523924 -89.737373 8.843750 -8.523858 -89.737312 8.843750 -7.875000 -89.153084 -11.506989 -7.875000 -89.153084 -31.906250 -7.875000 -89.153084 -31.906250 -8.522138 -89.735764 -11.537964 -8.522204 -89.735825 -11.506989 -8.522204 -89.735825 -31.906250 -32.358459 -37.314598 -31.906250 -44.806133 -48.522522 -31.906250 -45.270596 -48.940727 -31.906250 -40.771473 -53.937500 -31.906250 -26.687500 -53.937500 -31.906250 -17.391199 -53.937500 -31.906250 -49.970886 -42.786488 -31.906250 -44.806133 -48.522522 -31.906250 -32.358459 -37.314598 -31.906250 -37.523216 -31.578527 -31.906250 -5.089015 -86.281250 -31.906250 -11.632598 -86.281250 -31.906250 -8.522138 -89.735764 -31.906250 -7.875000 -89.153084 -31.906250 -4.685494 -86.281250 -31.906250 -26.687500 -62.293831 -31.906250 -17.182688 -72.849937 -31.906250 -7.893443 -64.485878 -31.906250 -17.391199 -53.937500 -31.906250 -26.687500 -53.937500 -31.906250 0.358790 -86.281250 -31.906250 0.357344 -86.281250 -31.906250 -5.743312 -91.774284 -31.906250 -6.207761 -92.192474 -31.906250 -6.271653 -92.250000 -31.906250 -6.270156 -92.250000 -31.906250 -6.207761 -92.192474 -31.906250 -8.068198 -90.126259 -31.906250 -8.133774 -90.185303 -31.906250 -6.274710 -92.250000 -31.906250 -6.271653 -92.250000 -31.906250 -3.797887 -86.281250 -31.906250 -7.603740 -89.708054 -31.906250 -5.743312 -91.774284 -31.906250 0.357344 -86.281250 -31.906250 -26.687500 -69.579323 -31.906250 -20.805521 -76.111916 -31.906250 -20.796457 -76.103752 -31.906250 -17.182686 -72.849937 -31.906250 -17.182688 -72.849937 -31.906250 -26.687500 -62.293831 -31.906250 -16.785141 -73.291458 -31.906250 -17.182686 -72.849937 -31.906250 -20.796457 -76.103752 -31.906250 -11.632598 -86.281250 -31.906250 -5.089015 -86.281250 -31.906250 4.380843 -78.117912 -31.906250 -7.495939 -64.927353 -31.906250 -16.785141 -73.291458 -31.906250 -5.089015 -86.281250 -31.906250 -4.685494 -86.281250 -31.906250 6.639318 -80.626213 -31.906250 4.778238 -78.559265 -31.906250 -3.797887 -86.281250 -31.906250 0.357344 -86.281250 -31.906250 0.358790 -86.281250 -31.906250 -40.771473 -53.937500 -31.906250 -26.687500 -69.579323 -31.906250 -26.687500 -62.293831 -31.906250 -26.687500 -53.937500 -31.906250 -8.133791 -90.185318 -31.906250 -8.133842 -90.185265 -31.906250 -8.133824 -90.185249 -31.906250 -8.133774 -90.185303 8.843750 -26.687500 -53.937500 8.843750 -40.771473 -53.937500 8.843750 -45.270596 -48.940727 8.843750 -44.806133 -48.522522 8.843750 -32.358459 -37.314598 8.843750 -17.391199 -53.937500 8.843750 -37.058754 -31.160324 8.843750 -37.523216 -31.578527 8.843750 -37.523327 -31.578405 8.843750 -37.058865 -31.160204 8.843750 -5.089015 -86.281250 8.843750 -4.685494 -86.281250 8.843750 -7.875000 -89.153084 8.843750 -8.523858 -89.737312 8.843750 -11.635713 -86.281250 8.843750 -6.270156 -92.250000 8.843750 -6.271653 -92.250000 8.843750 -6.207761 -92.192474 8.843750 -5.743312 -91.774284 8.843750 0.357344 -86.281250 8.843750 0.358790 -86.281250 8.843750 -8.133824 -90.185249 8.843750 -8.068249 -90.126198 8.843750 -6.207761 -92.192474 8.843750 -6.271653 -92.250000 8.843750 -6.274710 -92.250000 8.843750 -7.603790 -89.708000 8.843750 -3.798000 -86.281250 8.843750 0.357344 -86.281250 8.843750 -5.743312 -91.774284 8.843750 -17.182688 -72.849937 8.843750 -17.182655 -72.849976 8.843750 -20.798145 -76.105339 8.843750 -20.805489 -76.111954 8.843750 -20.826351 -76.088783 8.843750 -26.687500 -69.579323 8.843750 -26.687500 -62.293831 8.843750 -11.635713 -86.281250 8.843750 -20.798145 -76.105339 8.843750 -17.182655 -72.849976 8.843750 -16.785141 -73.291458 8.843750 -5.089015 -86.281250 8.843750 -16.785141 -73.291458 8.843750 -7.495939 -64.927353 8.843750 4.380843 -78.117912 8.843750 -4.685494 -86.281250 8.843750 -5.089015 -86.281250 8.843750 -17.391199 -53.937500 8.843750 -7.893443 -64.485878 8.843750 -17.182688 -72.849937 8.843750 -26.687500 -62.293831 8.843750 -26.687500 -53.937500 8.843750 0.357344 -86.281250 8.843750 -3.798000 -86.281250 8.843750 4.778187 -78.559212 8.843750 6.639318 -80.626213 8.843750 0.358790 -86.281250 8.843750 -26.687500 -62.293831 8.843750 -26.687500 -69.579323 8.843750 -40.771473 -53.937500 8.843750 -26.687500 -53.937500 8.843750 -37.523216 -31.578527 8.843750 -32.358459 -37.314598 8.843750 -44.806133 -48.522522 8.843750 -49.971024 -42.786335 8.843750 -37.523327 -31.578405 -5.656250 -3.797960 -86.281250 -2.250000 -3.797970 -86.281250 -2.250000 -4.685494 -86.281250 -5.656250 -4.685494 -86.281250 -2.250000 -7.603776 -89.708015 8.843750 -7.603790 -89.708000 8.843750 -5.743312 -91.774284 -2.250000 -5.743312 -91.774284 -5.656250 -7.603772 -89.708023 -5.656250 -7.604365 -89.707359 -2.250000 -7.604365 -89.707359 -2.250000 -7.603776 -89.708015 -2.250000 -5.743312 -91.774284 -5.656250 -5.743312 -91.774284 -31.906250 -7.603740 -89.708054 -5.656250 -7.603772 -89.708023 -5.656250 -5.743312 -91.774284 -31.906250 -5.743312 -91.774284 8.843750 -8.068249 -90.126198 -31.906250 -8.068198 -90.126259 -31.906250 -6.207761 -92.192474 8.843750 -6.207761 -92.192474 -2.250000 -7.875000 -89.951042 -2.250000 -7.604365 -89.707359 -5.656250 -7.604365 -89.707359 -5.656250 -7.875000 -89.951042 -31.906250 -6.207761 -92.192474 -31.906250 -5.743312 -91.774284 -5.656250 -5.743312 -91.774284 -2.250000 -5.743312 -91.774284 8.843750 -5.743312 -91.774284 8.843750 -6.207761 -92.192474 -23.125000 -49.971024 -42.786335 8.843750 -49.971024 -42.786335 8.843750 -44.806133 -48.522522 -23.125000 -44.806133 -48.522522 -31.906250 -44.806133 -48.522522 -31.906250 -49.970886 -42.786488 -31.906250 -49.971024 -42.786335 -31.906250 -49.971024 -42.786335 -31.906250 -49.970886 -42.786488 -32.531250 -49.970886 -42.786488 -32.531250 -49.971024 -42.786335 -32.531250 -50.783707 -43.518356 -32.531250 -45.618931 -49.254368 -31.906250 -45.618931 -49.254368 -23.125000 -45.618931 -49.254368 9.468822 -45.618931 -49.254368 9.468829 -50.783844 -43.518200 -32.531250 -50.783844 -43.518200 8.843750 -37.523327 -31.578405 8.843750 -49.971024 -42.786335 -23.125000 -49.971024 -42.786335 -23.125000 -37.058865 -31.160204 8.843750 -37.058865 -31.160204 9.468810 -37.035641 -31.139294 9.468810 -37.058865 -31.160204 8.843750 -37.058865 -31.160204 -23.125000 -37.058865 -31.160204 -23.125000 -37.035641 -31.139294 -32.531250 -37.035641 -31.139294 -32.531250 -49.971024 -42.786335 -32.531250 -50.783844 -43.518200 -32.531250 -50.899986 -43.622776 -33.562542 -50.899986 -43.622776 -33.562531 -37.035641 -31.139294 -23.125000 -37.058865 -31.160204 -23.125000 -49.971024 -42.786335 -31.906250 -49.971024 -42.786335 -32.531250 -49.971024 -42.786335 -32.531250 -37.035641 -31.139294 -23.125000 -37.035641 -31.139294 -32.531250 -50.899986 -43.622776 -32.531250 -50.783844 -43.518200 9.468829 -50.783844 -43.518200 9.468829 -50.899986 -43.622776 9.468829 -50.899986 -43.622776 9.468829 -50.783844 -43.518200 9.468828 -50.435486 -43.204540 9.468810 -37.523327 -31.578405 9.468810 -37.058865 -31.160204 9.468810 -37.035641 -31.139294 10.500032 -37.035641 -31.139294 10.500043 -50.899986 -43.622776 -32.531250 -45.270596 -48.940727 -31.906250 -45.270596 -48.940727 -31.906250 -45.618931 -49.254368 -32.531250 -45.618931 -49.254368 9.468822 -45.618931 -49.254368 -23.125000 -45.618931 -49.254368 -23.125000 -45.278893 -48.948200 8.843750 -45.278744 -48.948063 9.468822 -45.278740 -48.948059 -23.125000 -44.806133 -48.522522 8.843750 -44.806133 -48.522522 8.843750 -45.270596 -48.940727 8.843750 -45.278744 -48.948063 -23.125000 -45.278893 -48.948200 8.843750 -45.278744 -48.948063 8.843750 -45.270596 -48.940727 9.468822 -45.270596 -48.940727 9.468822 -45.278740 -48.948059 -31.906250 -45.270596 -48.940727 -31.906250 -44.806133 -48.522522 -23.125000 -44.806133 -48.522522 -23.125000 -45.278893 -48.948200 -23.125000 -45.618931 -49.254368 -31.906250 -45.618931 -49.254368 -32.531250 -3.799260 -86.281250 -32.531250 -7.604365 -89.707359 -32.531250 -8.068825 -90.125565 -32.531250 -11.530275 -86.281250 -32.531250 -5.743312 -91.774284 -32.531250 -7.604365 -89.707359 -32.531250 -3.799260 -86.281250 -32.531250 0.357344 -86.281250 -32.531250 -6.207091 -92.193214 -32.531250 -6.207761 -92.192474 -32.531250 -5.743312 -91.774284 -32.531250 0.357344 -86.281250 -32.531250 0.358790 -86.281250 -32.531250 -6.274710 -92.250000 -32.531250 -8.133773 -90.185303 -32.531250 -11.649002 -86.281250 -32.531250 -11.530275 -86.281250 -32.531250 -8.068825 -90.125565 -32.531250 -6.207761 -92.192474 -32.531250 -6.207091 -92.193214 -32.531250 -6.270156 -92.250000 -32.531250 -17.391199 -53.937500 -32.531250 -40.771473 -53.937500 -32.531250 -45.270596 -48.940727 -32.531250 -50.435349 -43.204693 -32.531250 -49.970886 -42.786488 -32.531250 -37.058754 -31.160324 -32.531250 -16.550121 -53.937500 -32.531250 -8.068825 -90.125565 -32.531250 -7.604365 -89.707359 -32.531250 -5.743312 -91.774284 -32.531250 -6.207761 -92.192474 -32.531250 -20.805521 -76.111916 -32.531250 -40.771473 -53.937500 -32.531250 -17.391199 -53.937500 -32.531250 6.639318 -80.626213 -32.531250 0.358790 -86.281250 -32.531250 0.357344 -86.281250 -32.531250 -3.799260 -86.281250 -32.531250 -11.530275 -86.281250 -32.531250 -11.649002 -86.281250 -32.531250 6.639318 -80.626213 -32.531250 -17.391199 -53.937500 -32.531250 -16.550121 -53.937500 -32.531250 7.103859 -80.207939 -32.531250 -50.783707 -43.518356 -32.531250 -50.435349 -43.204693 -32.531250 -45.270596 -48.940727 -32.531250 -45.618931 -49.254368 -32.531250 -49.971024 -42.786335 -32.531250 -49.970886 -42.786488 -32.531250 -50.435349 -43.204693 -32.531250 -50.783707 -43.518356 -32.531250 -50.783844 -43.518200 9.468810 -37.058754 -31.160324 8.843750 -37.058754 -31.160324 8.843750 -37.058865 -31.160204 9.468810 -37.058865 -31.160204 -32.531250 7.103859 -80.207939 -32.531250 -16.550121 -53.937500 -31.906250 -16.550121 -53.937500 9.468781 -16.550121 -53.937500 9.468748 7.103859 -80.207939 -31.906250 -16.550121 -53.937500 -31.906250 -37.058754 -31.160324 8.843750 -37.058754 -31.160324 9.468810 -37.058754 -31.160324 9.468781 -16.550121 -53.937500 -32.531250 -37.058754 -31.160324 -31.906250 -37.058754 -31.160324 -31.906250 -16.550121 -53.937500 -32.531250 -16.550121 -53.937500 8.843750 4.778187 -78.559212 -31.906250 4.778238 -78.559265 -31.906250 6.639318 -80.626213 8.843750 6.639318 -80.626213 8.843750 -7.495939 -64.927353 -31.906250 -7.495939 -64.927353 -31.906250 4.380843 -78.117912 8.843750 4.380843 -78.117912 -31.906250 -32.358459 -37.314598 -31.906250 -17.391199 -53.937500 -31.906250 -7.893443 -64.485878 8.843750 -7.893443 -64.485878 8.843750 -17.391199 -53.937500 8.843750 -32.358459 -37.314598 8.843750 -37.523216 -31.578527 -31.906250 -37.523216 -31.578527 -31.906250 -37.058754 -31.160324 -31.906250 -37.523216 -31.578527 8.843750 -37.523216 -31.578527 8.843750 -37.058754 -31.160324 -32.531250 -49.970886 -42.786488 -31.906250 -49.970886 -42.786488 -31.906250 -37.523216 -31.578527 -31.906250 -37.058754 -31.160324 -32.531250 -37.058754 -31.160324 -31.906250 0.358790 -86.281250 -31.906250 -6.270156 -92.250000 -32.531250 -6.270156 -92.250000 -32.531250 -6.207091 -92.193214 -32.531250 0.358790 -86.281250 -32.531250 6.639318 -80.626213 -31.906250 6.639318 -80.626213 9.468748 6.639318 -80.626213 8.843750 6.639318 -80.626213 -31.906250 6.639318 -80.626213 -32.531250 6.639318 -80.626213 -32.531250 7.103859 -80.207939 9.468748 7.103859 -80.207939 9.468757 0.358790 -86.281250 9.468766 -6.207091 -92.193214 9.468766 -6.270156 -92.250000 8.843750 -6.270156 -92.250000 8.843750 0.358790 -86.281250 8.843750 6.639318 -80.626213 9.468748 6.639318 -80.626213 8.868317 -45.257790 -48.971336 8.868317 -20.834524 -76.096138 -11.506989 -20.834625 -76.096222 -11.506989 -45.257893 -48.971416 8.868317 -45.583038 -49.264194 8.868317 -45.257790 -48.971336 -11.506989 -45.257893 -48.971416 -11.506989 -45.582981 -49.264130 -11.506989 -20.834625 -76.096222 8.868317 -20.834524 -76.096138 8.868317 -21.159822 -76.389046 -11.506989 -21.159763 -76.388977 8.747032 -31.540861 -65.046326 8.747028 -28.655231 -68.251144 8.747028 -28.321072 -68.622261 8.747028 -28.167057 -68.793312 8.747021 -21.337759 -76.378014 8.868220 -21.161453 -76.387230 8.868317 -41.531330 -53.764091 8.868336 -45.582565 -49.264717 8.747047 -45.591831 -49.441151 -11.385720 -28.167030 -68.793343 -11.385718 -31.540480 -65.046753 -11.385709 -45.591831 -49.441151 -11.507016 -45.582561 -49.264595 -11.506989 -36.067852 -59.831795 -11.506945 -21.161329 -76.387238 -11.385725 -21.337759 -76.378014 -11.506989 -21.161329 -76.387238 -11.506945 -21.161329 -76.387238 -11.506989 -36.067852 -59.831795 -11.506989 -45.582561 -49.264595 8.868317 -45.582565 -49.264717 8.868317 -45.583038 -49.264194 -11.506989 -45.582981 -49.264130 8.868317 -41.531330 -53.764091 8.868220 -21.161453 -76.387230 8.868317 -21.161453 -76.387230 8.868317 -21.159822 -76.389046 8.868317 -21.161453 -76.387230 8.868220 -21.161453 -76.387230 -11.506945 -21.161329 -76.387238 -11.506989 -21.161329 -76.387238 -11.506989 -21.159763 -76.388977 8.868336 -45.582565 -49.264717 8.868317 -41.531330 -53.764091 8.868317 -45.582565 -49.264717 -11.506989 -36.067852 -59.831795 -11.507016 -45.582561 -49.264595 -11.506989 -45.582561 -49.264595 8.747047 -45.591831 -49.441151 8.868336 -45.582565 -49.264717 8.868317 -45.582565 -49.264717 -11.506989 -45.582561 -49.264595 -11.507016 -45.582561 -49.264595 -11.385709 -45.591831 -49.441151 8.868220 -21.161453 -76.387230 8.747021 -21.337759 -76.378014 -11.385725 -21.337759 -76.378014 -11.506945 -21.161329 -76.387238 8.868317 -8.467313 -90.485519 8.868317 -8.133824 -90.185249 8.868317 -20.805489 -76.111954 8.868317 -21.139017 -76.412254 8.868317 -45.583038 -49.264194 8.868317 -45.582565 -49.264717 8.868317 -41.531330 -53.764091 8.868317 -21.161453 -76.387230 8.868317 -21.159822 -76.389046 8.868317 -20.834524 -76.096138 8.868317 -45.257790 -48.971336 -11.506989 -12.209705 -86.281250 -11.506989 -12.252530 -86.281250 -11.506989 -21.138840 -76.412064 -11.506989 -20.798227 -76.105377 -11.506989 -11.635833 -86.281250 -11.506989 -20.834625 -76.096222 -11.506989 -21.159763 -76.388977 -11.506989 -21.161329 -76.387238 -11.506989 -36.067852 -59.831795 -11.506989 -45.582561 -49.264595 -11.506989 -45.582981 -49.264130 -11.506989 -45.257893 -48.971416 -11.506989 -11.635833 -86.281250 -11.506989 -8.523924 -89.737373 -11.506989 -8.531214 -89.743935 -11.506989 -8.840850 -90.022736 -11.506989 -12.209705 -86.281250 -11.506989 -8.840850 -90.022736 -11.506989 -8.443453 -90.464088 -11.506989 -8.467095 -90.485374 -11.506989 -12.252530 -86.281250 -11.506989 -12.209705 -86.281250 -11.506989 -8.840850 -90.022736 -11.506989 -8.531214 -89.743935 -11.506989 -8.133817 -90.185287 -11.506989 -8.443453 -90.464088 -11.506989 -11.635833 -86.281250 -11.506989 -20.798227 -76.105377 8.843750 -20.798145 -76.105339 8.843750 -11.635713 -86.281250 8.843750 -8.523858 -89.737312 -11.506989 -8.523924 -89.737373 -5.656250 -3.797960 -86.281250 -5.656250 -7.603772 -89.708023 -31.906250 -7.603740 -89.708054 -31.906250 -3.797887 -86.281250 8.843750 -8.068249 -90.126198 8.843750 -8.133824 -90.185249 8.843750 -8.133842 -90.185265 -11.506989 -8.133817 -90.185287 -11.537964 -8.133817 -90.185287 -31.906250 -8.133791 -90.185318 -31.906250 -8.133774 -90.185303 -31.906250 -8.068198 -90.126259 -2.250000 -3.797970 -86.281250 -5.656250 -3.797960 -86.281250 -31.906250 -3.797887 -86.281250 -31.906250 4.778238 -78.559265 8.843750 4.778187 -78.559212 8.843750 -3.798000 -86.281250 8.843750 -7.603790 -89.708000 -2.250000 -7.603776 -89.708015 -2.250000 -3.797970 -86.281250 8.843750 -3.798000 -86.281250 -11.506989 -8.443453 -90.464088 -11.506989 -8.133817 -90.185287 8.843750 -8.133842 -90.185265 8.843750 -8.467313 -90.485519 -11.506989 -8.467095 -90.485374 8.843750 -8.133842 -90.185265 8.843750 -8.133824 -90.185249 8.868317 -8.133824 -90.185249 8.868317 -8.467313 -90.485519 8.868224 -8.467313 -90.485519 8.843750 -8.467313 -90.485519 8.868224 -8.465068 -90.488014 8.868224 -8.467313 -90.485519 8.868176 -21.139017 -76.412254 8.868176 -21.139091 -76.412170 8.747024 -21.148338 -76.588417 8.747015 -18.513401 -79.514816 8.746993 -12.420900 -86.281250 8.746981 -8.641481 -90.478737 -11.385657 -12.420893 -86.281250 -11.385683 -18.513403 -79.514809 -11.385695 -21.148338 -76.588402 -11.507052 -21.139072 -76.411804 -11.507091 -8.464703 -90.488029 -11.385641 -8.641474 -90.478737 8.868317 -21.139017 -76.412254 8.868176 -21.139017 -76.412254 8.868224 -8.467313 -90.485519 8.868317 -8.467313 -90.485519 8.843750 -8.467313 -90.485519 8.868224 -8.467313 -90.485519 8.868224 -8.465068 -90.488014 -11.506989 -8.464703 -90.488029 -11.506989 -8.467095 -90.485374 -11.507091 -8.464703 -90.488029 -11.507052 -21.139072 -76.411804 -11.506989 -21.139072 -76.411804 -11.506989 -21.138840 -76.412064 -11.506989 -12.252530 -86.281250 -11.506989 -8.467095 -90.485374 -11.506989 -8.464703 -90.488029 -11.506989 -21.139072 -76.411804 8.868176 -21.139091 -76.412170 8.868176 -21.139017 -76.412254 8.843750 -21.139015 -76.412254 -11.506989 -21.138840 -76.412064 -31.913269 -21.139048 -76.412224 -31.913269 -20.805521 -76.111916 -31.913269 -8.133824 -90.185249 -31.913269 -8.467313 -90.485519 -11.537964 -8.467095 -90.485374 -11.537964 -8.133817 -90.185287 -11.537964 -8.531214 -89.743935 -11.537964 -8.864492 -90.044022 -11.537964 -8.864492 -90.044022 -11.537964 -8.531214 -89.743935 -11.537964 -8.522204 -89.735825 -11.537964 -20.796509 -76.103836 -11.537964 -21.138840 -76.412064 -31.906250 -8.522138 -89.735764 -31.906250 -11.632598 -86.281250 -31.906250 -20.796457 -76.103752 -11.537964 -20.796509 -76.103836 -11.537964 -8.522204 -89.735825 -11.537964 -20.796509 -76.103836 -31.906250 -20.796457 -76.103752 -31.906250 -20.805521 -76.111916 -31.906250 -21.139048 -76.412224 -11.537964 -21.138840 -76.412064 8.868317 -20.805489 -76.111954 8.843750 -20.805489 -76.111954 8.843750 -21.139015 -76.412254 8.868176 -21.139017 -76.412254 8.868317 -21.139017 -76.412254 8.843750 -21.139015 -76.412254 8.843750 -20.805489 -76.111954 8.843750 -20.798145 -76.105339 -11.506989 -20.798227 -76.105377 -11.506989 -21.138840 -76.412064 -31.913099 -21.139048 -76.412224 -31.906250 -21.139048 -76.412224 -31.906250 -20.805521 -76.111916 -31.913269 -20.805521 -76.111916 -31.913269 -21.139048 -76.412224 -31.906250 -8.133842 -90.185265 -11.537964 -8.133817 -90.185287 -11.537964 -8.467095 -90.485374 -31.906250 -8.467313 -90.485519 -31.913147 -8.467313 -90.485519 -31.913269 -8.467313 -90.485519 -31.913269 -8.133824 -90.185249 -31.906250 -8.133824 -90.185249 -31.906250 -8.133842 -90.185265 -31.906250 -8.467313 -90.485519 -31.791956 -12.420885 -86.281250 -31.791969 -15.963035 -82.347282 -31.791979 -18.513403 -79.514801 -31.791986 -21.148336 -76.588394 -31.913099 -21.139091 -76.412170 -31.913099 -21.139048 -76.412224 -31.913147 -8.467313 -90.485519 -31.913147 -8.465069 -90.488014 -31.791945 -8.641466 -90.478737 -11.537862 -8.464703 -90.488029 -11.537862 -8.467095 -90.485374 -11.537900 -21.139072 -76.411804 -11.659258 -21.148338 -76.588402 -11.659269 -18.513403 -79.514809 -11.659280 -15.962262 -82.348145 -11.659295 -12.420893 -86.281250 -11.659310 -8.641474 -90.478737 -31.913269 -8.467313 -90.485519 -31.913147 -8.467313 -90.485519 -31.913099 -21.139048 -76.412224 -31.913269 -21.139048 -76.412224 -11.537862 -8.467095 -90.485374 -11.537964 -8.467095 -90.485374 -11.537964 -8.864492 -90.044022 -11.537964 -21.138840 -76.412064 -11.537964 -21.139072 -76.411804 -11.537900 -21.139072 -76.411804 -31.906250 -21.139048 -76.412224 -31.913099 -21.139048 -76.412224 -31.913099 -21.139091 -76.412170 -11.537964 -21.139072 -76.411804 -11.537964 -21.138840 -76.412064 -31.913147 -8.465069 -90.488014 -31.913147 -8.467313 -90.485519 -31.906250 -8.467313 -90.485519 -11.537964 -8.467095 -90.485374 -11.537862 -8.467095 -90.485374 -11.537862 -8.464703 -90.488029 -9.381650 -18.847950 -79.143257 -8.881682 -18.847971 -79.143234 -8.881682 -21.148338 -76.588409 -9.381653 -21.148338 -76.588409 -8.652581 -18.513403 -79.514809 -8.652580 -15.962368 -82.348030 -8.652580 -15.627791 -82.719620 -8.652579 -12.420895 -86.281250 8.746993 -12.420900 -86.281250 8.747015 -18.513401 -79.514816 -9.610803 -15.962331 -82.348068 -9.381651 -15.962339 -82.348061 -8.881682 -15.962359 -82.348038 -8.652580 -15.962368 -82.348030 -8.652581 -18.513403 -79.514809 -8.881682 -18.513403 -79.514809 -9.381650 -18.513403 -79.514809 -9.610804 -18.513403 -79.514809 -8.652579 -12.420895 -86.281250 -8.652580 -15.627791 -82.719620 -8.881682 -15.627785 -82.719627 -9.381651 -15.627769 -82.719643 -9.610803 -15.627763 -82.719650 -9.610802 -12.420894 -86.281250 -9.610803 -15.627763 -82.719650 -9.381651 -15.627769 -82.719643 -9.381651 -15.962339 -82.348061 -9.610803 -15.962331 -82.348068 8.746981 -8.641481 -90.478737 8.746993 -12.420900 -86.281250 -8.652579 -12.420895 -86.281250 -9.610802 -12.420894 -86.281250 -11.385657 -12.420893 -86.281250 -11.385641 -8.641474 -90.478737 -13.434151 -12.420893 -86.281250 -14.392374 -12.420892 -86.281250 -31.791956 -12.420885 -86.281250 -31.791945 -8.641466 -90.478737 -11.659310 -8.641474 -90.478737 -11.659295 -12.420893 -86.281250 -8.881682 -15.962359 -82.348038 -8.881682 -15.627785 -82.719627 -8.652580 -15.627791 -82.719620 -8.652580 -15.962368 -82.348030 -11.385683 -18.513403 -79.514809 -9.610804 -18.513403 -79.514809 -9.381650 -18.513403 -79.514809 -9.381650 -18.847950 -79.143257 -9.381653 -21.148338 -76.588409 -11.385695 -21.148338 -76.588402 -8.881682 -21.148338 -76.588409 -8.881682 -18.847971 -79.143234 -8.881682 -18.513403 -79.514809 -8.652581 -18.513403 -79.514809 8.747015 -18.513401 -79.514816 8.747024 -21.148338 -76.588417 -9.610802 -12.420894 -86.281250 -9.610803 -15.627763 -82.719650 -9.610803 -15.962331 -82.348068 -9.610804 -18.513403 -79.514809 -11.385683 -18.513403 -79.514809 -11.385657 -12.420893 -86.281250 -14.392373 -15.627789 -82.719620 -14.163270 -15.627783 -82.719627 -14.163270 -15.962358 -82.348038 -14.392373 -15.962367 -82.348030 -13.663301 -15.962339 -82.348061 -13.663301 -15.627769 -82.719643 -13.434150 -15.627762 -82.719650 -13.434150 -15.962330 -82.348068 -13.434150 -15.627762 -82.719650 -13.663301 -15.627769 -82.719643 -14.163270 -15.627783 -82.719627 -14.392373 -15.627789 -82.719620 -14.392374 -12.420892 -86.281250 -13.434151 -12.420893 -86.281250 -14.392374 -12.420892 -86.281250 -14.392373 -15.627789 -82.719620 -14.392373 -15.962367 -82.348030 -31.791969 -15.963035 -82.347282 -31.791956 -12.420885 -86.281250 -11.659280 -15.962262 -82.348145 -13.434150 -15.962330 -82.348068 -13.434150 -15.627762 -82.719650 -13.434151 -12.420893 -86.281250 -11.659295 -12.420893 -86.281250 -14.163271 -21.148338 -76.588402 -14.163270 -18.847971 -79.143234 -13.663301 -18.847948 -79.143257 -13.663300 -21.148338 -76.588402 -31.791979 -18.513403 -79.514801 -14.163270 -18.513403 -79.514809 -14.163270 -18.847971 -79.143234 -14.163271 -21.148338 -76.588402 -31.791986 -21.148336 -76.588394 -13.663300 -21.148338 -76.588402 -13.663301 -18.847948 -79.143257 -13.663302 -18.513403 -79.514809 -11.659269 -18.513403 -79.514809 -11.659258 -21.148338 -76.588402 -11.659269 -18.513403 -79.514809 -13.663302 -18.513403 -79.514809 -14.163270 -18.513403 -79.514809 -31.791979 -18.513403 -79.514801 -31.791969 -15.963035 -82.347282 -14.392373 -15.962367 -82.348030 -14.163270 -15.962358 -82.348038 -13.663301 -15.962339 -82.348061 -13.434150 -15.962330 -82.348068 -11.659280 -15.962262 -82.348145 -11.537964 -21.139072 -76.411804 -31.913099 -21.139091 -76.412170 -31.791986 -21.148336 -76.588394 -14.163271 -21.148338 -76.588402 -13.663300 -21.148338 -76.588402 -11.659258 -21.148338 -76.588402 -11.537900 -21.139072 -76.411804 -11.385695 -21.148338 -76.588402 -9.381653 -21.148338 -76.588409 -8.881682 -21.148338 -76.588409 8.747024 -21.148338 -76.588417 8.868176 -21.139091 -76.412170 -11.506989 -21.139072 -76.411804 -11.507052 -21.139072 -76.411804 -31.791945 -8.641466 -90.478737 -31.913147 -8.465069 -90.488014 -11.537862 -8.464703 -90.488029 -11.659310 -8.641474 -90.478737 -11.506989 -8.464703 -90.488029 8.868224 -8.465068 -90.488014 8.746981 -8.641481 -90.478737 -11.385641 -8.641474 -90.478737 -11.507091 -8.464703 -90.488029 -9.610795 -31.205927 -65.418304 -9.381650 -31.205936 -65.418297 -9.381650 -31.540518 -65.046707 -9.610794 -31.540514 -65.046715 -9.381651 -28.654888 -68.251526 -8.881678 -28.654898 -68.251511 -8.652547 -28.654903 -68.251511 -8.652544 -31.205965 -65.418266 -8.881680 -31.205957 -65.418274 -9.381650 -31.205936 -65.418297 -9.610795 -31.205927 -65.418304 -9.610799 -28.654884 -68.251526 8.747028 -28.321072 -68.622261 -8.881678 -28.320318 -68.623100 -9.381651 -28.320297 -68.623123 -9.381651 -28.167034 -68.793343 8.747028 -28.167057 -68.793312 -8.881680 -31.540527 -65.046700 -8.881680 -31.205957 -65.418274 -8.652544 -31.205965 -65.418266 -8.652543 -31.540531 -65.046692 -9.381651 -28.167034 -68.793343 -9.381651 -28.320297 -68.623123 -9.381651 -28.654888 -68.251526 -9.610799 -28.654884 -68.251526 -9.610800 -28.167034 -68.793343 -11.385718 -31.540480 -65.046753 -9.610794 -31.540514 -65.046715 -9.381650 -31.540518 -65.046707 -8.881680 -31.540527 -65.046700 -8.652543 -31.540531 -65.046692 8.747032 -31.540861 -65.046326 8.747047 -45.591831 -49.441151 -11.385709 -45.591831 -49.441151 -8.652547 -28.654903 -68.251511 -8.881678 -28.654898 -68.251511 -8.881678 -28.320318 -68.623100 8.747028 -28.321072 -68.622261 8.747028 -28.655231 -68.251144 8.747021 -21.337759 -76.378014 8.747028 -28.167057 -68.793312 -9.381651 -28.167034 -68.793343 -9.610800 -28.167034 -68.793343 -11.385720 -28.167030 -68.793343 -11.385725 -21.337759 -76.378014 -11.385720 -28.167030 -68.793343 -9.610800 -28.167034 -68.793343 -9.610799 -28.654884 -68.251526 -9.610795 -31.205927 -65.418304 -9.610794 -31.540514 -65.046715 -11.385718 -31.540480 -65.046753 -8.652543 -31.540531 -65.046692 -8.652544 -31.205965 -65.418266 -8.652547 -28.654903 -68.251511 8.747028 -28.655231 -68.251144 8.747032 -31.540861 -65.046326 -29.625000 14.781250 -30.218750 -29.625000 14.781250 -40.281250 -29.625000 14.031250 -40.281250 -29.625000 14.031250 -30.218750 -23.125000 14.781250 -40.281250 -29.625000 14.781250 -40.281250 -29.625000 14.781250 -30.218750 -23.125000 14.781250 -30.218750 -29.625000 14.031250 -30.218750 -29.625000 14.031250 -40.281250 -23.125000 14.031250 -40.281250 -23.125000 14.031250 -30.218750 -11.687500 1.000008 -30.218750 -11.687500 1.000008 -40.281250 -10.937493 1.000006 -40.281250 -10.937493 1.000006 -30.218750 -11.687513 7.500000 -40.281250 -11.687500 1.000008 -40.281250 -11.687500 1.000008 -30.218750 -11.687513 7.500000 -30.218750 -10.937493 1.000006 -30.218750 -10.937493 1.000006 -40.281250 -10.937503 7.500000 -40.281250 -10.937503 7.500000 -30.218750 9.375000 -1.999994 -40.281250 9.468760 -1.999995 -40.281250 9.468760 -1.999995 -30.218750 9.375000 -1.999994 -30.218750 8.718756 -1.999992 -30.218750 8.718756 -1.999992 -40.281250 8.718737 7.500000 -40.281250 8.718756 -1.999992 -40.281250 8.718756 -1.999992 -30.218750 8.718737 7.500000 -30.218750 9.468765 -5.743312 -91.774284 9.468768 -7.604365 -89.707359 9.468769 -8.068825 -90.125565 9.468766 -6.207761 -92.192474 9.468781 -16.550121 -53.937500 9.468810 -37.058754 -31.160324 9.468810 -37.523216 -31.578527 9.468748 6.639318 -80.626213 9.468748 7.103859 -80.207939 9.468760 -1.999995 -30.218750 9.468760 -1.999995 -40.281250 9.468747 7.500000 -40.281250 9.468747 7.500000 -30.218750 9.468810 -37.523216 -31.578527 9.468810 -37.523327 -31.578405 9.468828 -50.435486 -43.204540 9.468822 -45.270596 -48.940727 9.468787 -20.826351 -76.088783 9.468774 -11.649002 -86.281250 9.468774 -11.530275 -86.281250 9.468763 -3.799260 -86.281250 9.468757 0.357344 -86.281250 9.468757 0.358790 -86.281250 9.468748 6.639318 -80.626213 9.468763 -3.799260 -86.281250 9.468768 -7.604365 -89.707359 9.468765 -5.743312 -91.774284 9.468757 0.357344 -86.281250 9.468774 -11.530275 -86.281250 9.468769 -8.068825 -90.125565 9.468768 -7.604365 -89.707359 9.468763 -3.799260 -86.281250 9.468757 0.357344 -86.281250 9.468765 -5.743312 -91.774284 9.468766 -6.207761 -92.192474 9.468766 -6.207091 -92.193214 9.468757 0.358790 -86.281250 9.468766 -6.207761 -92.192474 9.468769 -8.068825 -90.125565 9.468774 -11.530275 -86.281250 9.468774 -11.649002 -86.281250 9.468769 -8.133825 -90.185242 9.468766 -6.274710 -92.250000 9.468766 -6.270156 -92.250000 9.468766 -6.207091 -92.193214 9.468810 -37.523327 -31.578405 9.468810 -37.523216 -31.578527 9.468810 -37.058754 -31.160324 9.468810 -37.058865 -31.160204 9.468829 -50.783844 -43.518200 9.468822 -45.618931 -49.254368 9.468822 -45.278740 -48.948059 9.468822 -45.270596 -48.940727 9.468828 -50.435486 -43.204540 -23.125000 30.500000 -40.281250 -26.458345 30.500000 -40.281250 -32.625019 30.500000 -40.281250 -32.625019 30.500000 -30.218750 -26.458345 30.500000 -30.218750 -23.125000 30.500000 -30.218750 -32.625015 29.750000 -30.218750 -32.625015 29.750000 -40.281250 -23.125000 29.750000 -40.281250 -23.125000 29.750000 -30.218750 -26.458345 30.500000 -40.281250 -32.625019 30.499990 -40.281250 -32.625019 30.500000 -40.281250 9.375000 -1.999994 -40.281250 9.375000 7.500000 -40.281250 9.468747 7.500000 -40.281250 9.468760 -1.999995 -40.281250 -23.125000 7.500000 -40.281250 -23.125000 14.031250 -40.281250 -29.625000 14.031250 -40.281250 -32.625000 14.031250 -40.281250 -32.624989 -2.000000 -40.281250 -23.125000 -2.000000 -40.281250 -10.937503 7.500000 -40.281250 -10.937493 1.000006 -40.281250 -10.937490 -2.000000 -40.281250 8.718756 -2.000000 -40.281250 8.718756 -1.999992 -40.281250 8.718737 7.500000 -40.281250 9.375000 -2.000000 -40.281250 9.375000 -1.999994 -40.281250 8.718756 -1.999992 -40.281250 8.718756 -2.000000 -40.281250 -23.125000 30.500004 -40.281250 -26.458345 30.500000 -40.281250 -23.125000 30.500000 -40.281250 -32.625015 29.750000 -40.281250 -32.625004 14.781250 -40.281250 -29.625000 14.781250 -40.281250 -23.125000 14.781250 -40.281250 -23.125000 29.750000 -40.281250 -32.625004 14.781250 -40.281250 -32.625000 14.031250 -40.281250 -29.625000 14.031250 -40.281250 -29.625000 14.781250 -40.281250 -10.937493 1.000006 -40.281250 -11.687500 1.000008 -40.281250 -11.687494 -2.000000 -40.281250 -10.937490 -2.000000 -40.281250 -23.125000 -2.000000 -40.281250 -11.687494 -2.000000 -40.281250 -11.687500 1.000008 -40.281250 -11.687513 7.500000 -40.281250 -23.125000 7.500000 -40.281250 -32.624989 -2.000000 -41.250000 -32.625019 30.499990 -41.250000 -23.125000 30.500004 -41.250000 -23.125000 7.500000 -41.250000 -23.125000 -2.000000 -41.250000 9.375000 7.500000 -41.250000 9.375000 -2.000000 -41.250000 -23.125000 -2.000000 -41.250000 -23.125000 7.500000 -41.250000 -26.458345 30.500000 -30.218750 -32.625019 30.499990 -30.218750 -32.625019 30.499990 -29.250000 -23.125000 30.500004 -29.250000 -23.125000 30.500004 -30.218750 -23.125000 30.500004 -41.250000 -32.625019 30.499990 -41.250000 -32.625019 30.499990 -40.281250 -26.458345 30.500000 -40.281250 -23.125000 30.500004 -40.281250 -32.625019 30.499990 -29.250000 -32.625019 30.499990 -30.218750 -32.625015 29.750000 -30.218750 -32.625004 14.781250 -30.218750 -32.625000 14.031250 -30.218750 -32.624989 -2.000000 -30.218750 -32.624989 -2.000000 -29.250000 -32.625019 30.499990 -30.218750 -32.625019 30.500000 -30.218750 -32.625019 30.500000 -40.281250 -32.625019 30.499990 -40.281250 -32.625015 29.750000 -40.281250 -32.625015 29.750000 -30.218750 -32.625000 14.031250 -40.281250 -32.625004 14.781250 -40.281250 -32.625015 29.750000 -40.281250 -32.625019 30.499990 -40.281250 -32.625019 30.499990 -41.250000 -32.624989 -2.000000 -41.250000 -32.624989 -2.000000 -40.281250 9.375000 7.500000 -29.250000 9.375000 -2.000000 -29.250000 9.375000 -2.000000 -30.218750 9.375000 -1.999994 -30.218750 9.375000 7.500000 -30.218750 9.375000 -2.000000 -41.250000 9.375000 7.500000 -41.250000 9.375000 7.500000 -40.281250 9.375000 -1.999994 -40.281250 9.375000 -2.000000 -40.281250 -23.125000 7.500000 -29.250000 -23.125000 30.500004 -29.250000 -32.625019 30.499990 -29.250000 -32.624989 -2.000000 -29.250000 -23.125000 -2.000000 -29.250000 -23.125000 -2.000000 -29.250000 9.375000 -2.000000 -29.250000 9.375000 7.500000 -29.250000 -23.125000 7.500000 -29.250000 -32.625019 30.499990 -30.218750 -26.458345 30.500000 -30.218750 -32.625019 30.500000 -30.218750 9.375000 7.500000 -30.218750 9.375000 -1.999994 -30.218750 9.468760 -1.999995 -30.218750 9.468747 7.500000 -30.218750 -26.458345 30.500000 -30.218750 -23.125000 30.500004 -30.218750 -23.125000 30.500000 -30.218750 -11.687513 7.500000 -30.218750 -11.687500 1.000008 -30.218750 -11.687494 -2.000000 -30.218750 -23.125000 -2.000000 -30.218750 -23.125000 7.500000 -30.218750 8.718756 -1.999992 -30.218750 8.718756 -2.000000 -30.218750 -10.937490 -2.000000 -30.218750 -10.937493 1.000006 -30.218750 -10.937503 7.500000 -30.218750 8.718737 7.500000 -30.218750 -10.937490 -2.000000 -30.218750 -11.687494 -2.000000 -30.218750 -11.687500 1.000008 -30.218750 -10.937493 1.000006 -30.218750 9.375000 -1.999994 -30.218750 9.375000 -2.000000 -30.218750 8.718756 -2.000000 -30.218750 8.718756 -1.999992 -30.218750 -23.125000 7.500000 -30.218750 -23.125000 -2.000000 -30.218750 -32.624989 -2.000000 -30.218750 -32.625000 14.031250 -30.218750 -29.625000 14.031250 -30.218750 -23.125000 14.031250 -30.218750 -23.125000 14.781250 -30.218750 -29.625000 14.781250 -30.218750 -32.625004 14.781250 -30.218750 -32.625015 29.750000 -30.218750 -23.125000 29.750000 -30.218750 -32.625000 14.031250 -30.218750 -32.625004 14.781250 -30.218750 -29.625000 14.781250 -30.218750 -29.625000 14.031250 -30.218750 -11.687494 -2.000000 -30.218750 -10.937490 -2.000000 -30.218750 8.718756 -2.000000 -30.218750 9.375000 -2.000000 -30.218750 9.375000 -2.000000 -29.250000 -23.125000 -2.000000 -29.250000 -23.125000 -2.000000 -30.218750 -23.125000 -2.000000 -41.250000 9.375000 -2.000000 -41.250000 9.375000 -2.000000 -40.281250 8.718756 -2.000000 -40.281250 -10.937490 -2.000000 -40.281250 -11.687494 -2.000000 -40.281250 -23.125000 -2.000000 -40.281250 -23.125000 -2.000000 -41.250000 -23.125000 -2.000000 -40.281250 -32.624989 -2.000000 -40.281250 -32.624989 -2.000000 -41.250000 -23.125000 -2.000000 -29.250000 -32.624989 -2.000000 -29.250000 -32.624989 -2.000000 -30.218750 -23.125000 -2.000000 -30.218750 38.449356 -20.218750 -89.812904 38.613163 -20.218750 -89.812904 38.611607 -14.031274 -89.811966 38.450909 -14.031274 -89.811966 38.612701 -20.218750 -90.312408 38.449810 -20.218750 -90.312408 38.450321 -14.031270 -90.312599 38.612190 -14.031270 -90.312599 38.612190 -14.031270 -90.312599 38.450321 -14.031270 -90.312599 38.318623 -14.031271 -90.216904 38.268387 -14.031272 -90.062286 38.318451 -14.031273 -89.908218 38.450909 -14.031274 -89.811966 38.611607 -14.031274 -89.811966 38.744038 -14.031273 -89.908173 38.794113 -14.031272 -90.062286 38.743870 -14.031271 -90.216927 38.450321 -14.031270 -90.312599 38.449810 -20.218750 -90.312408 38.318542 -20.218750 -90.217026 38.318623 -14.031271 -90.216904 38.611607 -14.031274 -89.811966 38.613163 -20.218750 -89.812904 38.743797 -20.218750 -89.907814 38.744038 -14.031273 -89.908173 38.318623 -14.031271 -90.216904 38.318542 -20.218750 -90.217026 38.268387 -20.218750 -90.062668 38.268387 -14.031272 -90.062286 38.744038 -14.031273 -89.908173 38.743797 -20.218750 -89.907814 38.794113 -20.218750 -90.062668 38.794113 -14.031272 -90.062286 38.794113 -14.031272 -90.062286 38.794113 -20.218750 -90.062668 38.743950 -20.218750 -90.217056 38.743870 -14.031271 -90.216927 38.268387 -14.031272 -90.062286 38.268387 -20.218750 -90.062668 38.318691 -20.218750 -89.907852 38.318451 -14.031273 -89.908218 38.743950 -20.218750 -90.217056 38.612701 -20.218750 -90.312408 38.612190 -14.031270 -90.312599 38.743870 -14.031271 -90.216927 38.318691 -20.218750 -89.907852 38.449356 -20.218750 -89.812904 38.450909 -14.031274 -89.811966 38.318451 -14.031273 -89.908218 -23.812500 46.000000 -92.250000 -23.812500 45.622417 -92.250000 -23.812500 43.608570 -92.250000 -23.812500 43.062500 -92.250000 -23.812500 7.500199 -92.250000 -23.468750 7.500198 -90.187500 -23.468750 52.156235 -90.187500 -23.812500 51.812466 -92.250000 -57.062500 -41.000000 -90.187500 -57.062500 -40.999855 -90.197075 -57.032753 -40.970100 -92.250000 -56.375000 -40.999939 -92.250000 -56.376339 -41.000000 -92.241974 -56.383904 -40.321045 -92.250000 -57.062500 -40.999855 -90.197075 -57.062500 -41.000000 -90.187500 -56.718750 -40.671898 -90.187500 -56.375000 -40.312546 -92.250000 -57.062546 -40.999901 -92.250000 -57.062546 -40.999901 -90.196938 -57.062546 -40.999901 -90.187500 -57.062546 -40.656067 -90.187500 -57.062546 -40.312298 -92.250000 -57.032753 -40.970100 -92.250000 -57.062500 -40.999855 -90.197075 -57.062546 -40.999901 -90.196938 -57.062546 -40.999901 -92.250000 -57.062546 -40.999901 -90.187500 -57.062546 -40.999901 -90.196938 -57.062500 -40.999855 -90.197075 -56.383904 -40.321045 -92.250000 -56.375160 -40.312298 -92.250000 -56.718822 -40.656067 -90.187500 -57.062660 -40.656067 -90.187500 -57.062660 -40.312298 -92.250000 -67.437500 -40.312298 -92.250000 -67.781250 -40.656067 -90.187500 -56.718822 -40.656067 -90.187500 -56.375160 -40.312298 -92.250000 -57.062546 -40.312298 -92.250000 -57.062546 -40.656067 -90.187500 -57.062664 -41.000000 -90.187500 -57.062664 -41.000000 -92.250000 -57.062660 -40.312298 -92.250000 -57.062660 -40.656067 -90.187500 -53.250164 52.500000 -92.250000 -53.250164 52.500000 -90.187500 -53.250160 52.156227 -90.187500 -53.250160 51.812458 -92.250000 -53.250160 51.812458 -92.250000 -53.250160 52.156227 -90.187500 -67.781250 52.156227 -90.187500 -67.437500 51.812458 -92.250000 -23.812500 51.812466 -92.250000 -23.468750 52.156235 -90.187500 -35.250046 52.156231 -90.187500 -35.250046 51.812462 -92.250000 -35.250000 52.500145 -90.187500 -35.250000 52.500145 -92.250000 -35.250046 52.500145 -92.250000 -35.250046 52.500145 -90.187500 -35.250046 52.500000 -90.187500 -35.250046 52.500145 -90.187500 -35.250046 52.500145 -92.250000 -35.250046 52.500000 -92.250000 -35.250046 51.812462 -92.250000 -35.250046 52.156231 -90.187500 65.440331 -52.156086 -90.187500 65.440331 -51.812317 -92.250000 65.437500 -51.812317 -92.250000 65.437500 -52.156086 -90.187500 66.315353 -51.940174 -91.482895 66.315353 -52.156086 -90.187500 66.531250 -52.156086 -90.187500 -56.375000 -51.812298 -92.250000 -56.718750 -52.156067 -90.187500 23.534044 -52.156078 -90.187500 23.534044 -51.812309 -92.250000 23.534042 -52.499866 -90.187500 -47.238934 -52.500000 -90.187500 -47.238934 -52.500000 -92.250000 23.534042 -52.499866 -92.250000 66.315353 -52.499786 -90.187500 66.315353 -52.499786 -91.482880 66.531250 -52.499786 -90.187500 65.440331 -52.499790 -92.250000 65.440331 -52.499790 -90.187500 65.437500 -52.499790 -90.187500 65.437500 -52.499790 -92.250000 -23.468794 7.156267 -90.187500 -23.812544 6.812502 -92.250000 66.187500 6.812513 -92.250000 66.531250 7.156279 -90.187500 -23.468750 7.500198 -90.187500 -23.812500 7.500199 -92.250000 -23.812544 7.500199 -92.250000 -23.468794 7.500198 -90.187500 58.271122 7.500000 -92.250000 58.271122 7.500000 -90.187500 66.531250 7.499980 -90.187500 66.187500 7.499981 -92.250000 -23.468794 7.500000 -90.187500 -23.468794 7.500198 -90.187500 -23.812544 7.500199 -92.250000 -23.812544 6.812502 -92.250000 -23.468794 7.156267 -90.187500 66.187500 0.937500 -92.250000 66.187500 0.857117 -92.250000 66.187500 -1.308929 -92.250000 66.187500 -2.000000 -92.250000 66.187500 -6.270156 -92.250000 66.187500 -23.750000 -92.250000 66.187500 -26.687500 -92.250000 66.187500 -38.416855 -92.250000 66.315300 -38.416855 -91.483200 66.531250 -38.416851 -90.187500 66.531250 7.156279 -90.187500 66.187500 6.812513 -92.250000 66.531250 -38.416851 -90.187500 66.315300 -38.416855 -91.483200 66.315308 -39.531250 -91.483177 66.315353 -51.940174 -91.482895 66.531250 -52.156086 -90.187500 66.531250 -52.499786 -90.187500 66.315353 -52.499786 -91.482880 66.315353 -52.500000 -91.482880 66.531250 -52.500000 -90.187500 66.187500 7.499981 -92.250000 66.531250 7.499980 -90.187500 66.531250 7.500000 -90.187500 66.187500 7.500000 -92.250000 -56.375000 -46.843750 -92.250000 -56.375000 -45.406250 -92.250000 -56.375000 -41.000000 -92.250000 -56.376339 -41.000000 -92.241974 -56.718750 -41.015594 -90.187500 -56.718750 -52.156067 -90.187500 -56.375000 -51.812298 -92.250000 -56.718750 -41.015594 -90.187500 -56.376339 -41.000000 -92.241974 -56.375000 -40.999939 -92.250000 -56.375000 -40.312546 -92.250000 -56.718750 -40.671898 -90.187500 -67.437500 -26.687500 -92.250000 -67.437500 -25.726606 -92.250000 -67.437500 -25.534016 -92.250000 -67.437500 -23.750000 -92.250000 -67.437500 -6.270156 -92.250000 -67.437500 -2.000000 -92.250000 -67.437500 -0.293036 -92.250000 -67.437500 0.937500 -92.250000 -67.437500 43.062500 -92.250000 -67.437500 44.107143 -92.250000 -67.437500 44.335545 -92.250000 -67.437500 46.000000 -92.250000 -67.437500 51.812458 -92.250000 -67.781250 52.156227 -90.187500 -67.781250 -40.656067 -90.187500 -67.437500 -40.312298 -92.250000 66.875000 -41.520271 -90.187500 66.874916 -52.156086 -90.187500 66.874916 -52.499786 -90.187500 66.874916 -52.500000 -90.187500 66.875000 -52.500000 -90.187500 66.874916 -52.500000 -90.187500 66.874916 -52.499786 -90.187500 66.531250 -52.499786 -90.187500 66.531250 -52.500000 -90.187500 66.531250 -52.156086 -90.187500 66.315353 -52.156086 -90.187500 66.315353 -52.499786 -90.187500 66.531250 -52.499786 -90.187500 66.874916 -52.499786 -90.187500 66.874916 -52.156086 -90.187500 -35.250000 52.500000 -90.187500 -35.250000 52.500145 -90.187500 -35.250046 52.500145 -90.187500 -35.250046 52.500000 -90.187500 -56.718750 -41.015594 -90.187500 -57.062500 -41.000000 -90.187500 -57.062500 -52.156067 -90.187500 -56.718750 -52.156067 -90.187500 66.531250 7.499980 -90.187500 66.875000 7.499979 -90.187500 66.875000 7.500000 -90.187500 66.531250 7.500000 -90.187500 66.875000 -26.687500 -90.187500 66.875000 7.156279 -90.187500 66.531250 7.156279 -90.187500 66.531250 -38.416851 -90.187500 66.531250 -52.156086 -90.187500 66.874916 -52.156086 -90.187500 66.875000 -41.520271 -90.187500 66.531250 7.156279 -90.187500 66.875000 7.156279 -90.187500 66.875000 7.499979 -90.187500 66.531250 7.499980 -90.187500 58.271122 7.500000 -90.187500 -23.125000 7.500000 -90.187500 -23.468750 7.500000 -90.187500 -23.468794 7.500000 -90.187500 -23.468794 7.156267 -90.187500 -23.468750 7.500000 -90.187500 -23.468750 7.500198 -90.187500 -23.468794 7.500198 -90.187500 -23.468794 7.500000 -90.187500 -67.781250 52.156227 -90.187500 -67.781250 52.500000 -90.187500 -68.125000 52.500000 -90.187500 -68.125000 -40.656067 -90.187500 -67.781250 -40.656067 -90.187500 -53.250160 52.156227 -90.187500 -53.250164 52.500000 -90.187500 -67.781250 52.500000 -90.187500 -67.781250 52.156227 -90.187500 -56.718750 -40.671898 -90.187500 -57.062500 -41.000000 -90.187500 -56.718750 -41.015594 -90.187500 -23.468750 52.156235 -90.187500 -23.125149 52.156235 -90.187500 -23.125151 52.500000 -90.187500 -35.250000 52.500000 -90.187500 -35.250046 52.500000 -90.187500 -35.250046 52.156231 -90.187500 -56.718750 -52.156067 -90.187500 -57.062500 -52.156067 -90.187500 -57.062500 -52.500000 -90.187500 -47.238934 -52.500000 -90.187500 23.534042 -52.499866 -90.187500 23.534044 -52.156078 -90.187500 65.437500 -52.499790 -90.187500 65.440331 -52.499790 -90.187500 65.440331 -52.156086 -90.187500 65.437500 -52.156086 -90.187500 -57.062546 -40.999901 -90.187500 -56.718822 -40.656067 -90.187500 -57.062546 -40.656067 -90.187500 -67.781250 -40.656067 -90.187500 -68.125000 -40.656067 -90.187500 -68.125000 -41.000000 -90.187500 -57.062664 -41.000000 -90.187500 -57.062660 -40.656067 -90.187500 -23.125000 52.500000 -90.187500 -23.125151 52.500000 -90.187500 -23.125149 52.156235 -90.187500 -23.125000 52.156235 -90.187500 -23.125149 52.156235 -90.187500 -23.468750 52.156235 -90.187500 -23.468750 7.500198 -90.187500 -23.468750 7.500000 -90.187500 -23.125000 7.500000 -90.187500 -23.125000 52.156235 -90.187500 -57.062500 -41.000000 -92.250000 -57.062500 -41.000000 -90.187500 -56.376339 -41.000000 -92.241974 -56.375000 -41.000000 -92.250000 -51.583332 58.656250 -47.886364 -36.916668 58.656250 -47.886364 -36.916668 58.656250 -92.250000 -51.583332 58.656250 -92.250000 -44.541668 55.906250 -68.423141 -43.791668 55.906250 -68.423141 -43.791668 55.906250 -48.357956 -44.541668 55.906250 -48.357956 -51.583332 55.906250 -48.357956 -50.625000 55.906250 -48.357956 -44.541668 55.906250 -48.357956 -43.791668 55.906250 -48.357956 -37.708332 55.906250 -48.357956 -36.916668 55.906250 -48.357956 -36.916668 55.906250 -47.886364 -51.583332 55.906250 -47.886364 -51.583332 55.906250 -68.423141 -50.625000 55.906250 -68.423141 -50.625000 55.906250 -48.357956 -51.583332 55.906250 -48.357956 -36.916668 55.906250 -69.718750 -50.375000 55.906250 -69.718750 -51.500000 55.906250 -69.718750 -51.583332 55.906250 -69.718750 -51.583332 55.906250 -69.912079 -50.625000 55.906250 -69.912079 -44.541668 55.906250 -69.912079 -43.791668 55.906250 -69.912079 -37.708332 55.906250 -69.912079 -36.916668 55.906250 -69.912079 -51.583332 55.906250 -68.593750 -51.500000 55.906250 -68.593750 -50.375000 55.906250 -68.593750 -36.916668 55.906250 -68.593750 -36.916668 55.906250 -68.423141 -37.708332 55.906250 -68.423141 -43.791668 55.906250 -68.423141 -44.541668 55.906250 -68.423141 -50.625000 55.906250 -68.423141 -51.583332 55.906250 -68.423141 -51.500000 55.906250 -69.718750 -51.500000 55.906250 -68.593750 -51.583332 55.906250 -68.593750 -51.583332 55.906250 -69.718750 -36.916668 55.906250 -68.593750 -50.375000 55.906250 -68.593750 -50.375000 55.906250 -69.718750 -36.916668 55.906250 -69.718750 -36.916668 55.906250 -89.977272 -37.708332 55.906250 -89.977272 -43.791668 55.906250 -89.977272 -44.541668 55.906250 -89.977272 -50.625000 55.906250 -89.977272 -51.583332 55.906250 -89.977272 -51.583332 55.906250 -92.250000 -36.916668 55.906250 -92.250000 -43.791668 55.906250 -89.977272 -43.791668 55.906250 -69.912079 -44.541668 55.906250 -69.912079 -44.541668 55.906250 -89.977272 -37.708332 55.906250 -69.912079 -37.708332 55.906250 -89.977272 -36.916668 55.906250 -89.977272 -36.916668 55.906250 -69.912079 -51.583332 55.906250 -89.977272 -50.625000 55.906250 -89.977272 -50.625000 55.906250 -69.912079 -51.583332 55.906250 -69.912079 -37.708332 55.906250 -48.357956 -37.708332 55.906250 -68.423141 -36.916668 55.906250 -68.423141 -36.916668 55.906250 -48.357956 -36.916668 55.218750 -47.886364 -36.916668 55.218750 -92.250000 -36.500000 55.218750 -92.250000 -36.500000 55.218750 -47.431816 -36.916668 55.218750 -47.431816 -36.916668 55.906250 -48.357956 -36.916668 55.906250 -68.423141 -36.916668 55.906250 -68.593750 -36.916668 55.906250 -69.718750 -36.916668 55.906250 -69.912079 -36.916668 55.906250 -89.977272 -36.916668 55.906250 -92.250000 -36.916668 55.218750 -92.250000 -36.916668 55.218750 -47.886364 -36.916668 55.281250 -47.886364 -36.916668 55.906250 -47.886364 -36.916668 59.406250 -92.250000 -36.916668 58.656250 -92.250000 -36.916668 58.656250 -47.886364 -36.916668 59.406250 -47.886364 -36.916668 55.281250 -47.431816 -36.916668 55.281250 -47.886364 -36.916668 55.218750 -47.886364 -36.916668 55.218750 -47.431816 -36.500000 54.593750 -47.431816 -36.500000 55.218750 -47.431816 -36.500000 55.218750 -92.250000 -36.500000 54.593750 -92.250000 -51.583332 58.968750 -92.250000 -52.000000 58.968750 -92.250000 -52.000000 58.968750 -47.886364 -51.583332 58.968750 -47.886364 -51.583332 55.906250 -89.977272 -51.583332 55.906250 -69.912079 -51.583332 55.906250 -69.718750 -51.583332 55.906250 -68.593750 -51.583332 55.906250 -68.423141 -51.583332 55.906250 -48.357956 -51.583332 55.906250 -47.886364 -51.583332 55.281250 -47.886364 -51.583332 55.281250 -92.250000 -51.583332 55.906250 -92.250000 -51.583332 58.656250 -92.250000 -51.583332 58.968750 -92.250000 -51.583332 58.968750 -47.886364 -51.583332 58.656250 -47.886364 -52.000000 54.593750 -92.250000 -52.000000 55.281250 -92.250000 -52.000000 55.281250 -47.431816 -52.000000 54.593750 -47.431816 -52.000000 59.406250 -47.886364 -52.000000 58.968750 -47.886364 -52.000000 58.968750 -92.250000 -52.000000 59.406250 -92.250000 -51.583332 55.281250 -47.886364 -51.583332 55.281250 -47.431816 -52.000000 55.281250 -47.431816 -52.000000 55.281250 -92.250000 -51.583332 55.281250 -92.250000 -51.583332 55.281250 -47.886364 -36.916668 55.281250 -47.886364 -36.916668 55.281250 -47.431816 -51.583332 55.281250 -47.431816 -51.583332 58.968750 -47.886364 -52.000000 58.968750 -47.886364 -52.000000 59.406250 -47.886364 -51.583332 59.406250 -47.886364 -36.916668 55.281250 -47.886364 -51.583332 55.281250 -47.886364 -51.583332 55.906250 -47.886364 -36.916668 55.906250 -47.886364 -36.916668 59.406250 -47.886364 -36.916668 58.656250 -47.886364 -51.583332 58.656250 -47.886364 -51.583332 58.968750 -47.886364 -51.583332 59.406250 -47.886364 -36.916668 59.406250 -47.886364 -36.500000 59.406250 -47.886364 -36.500000 59.406250 -92.250000 -36.916668 59.406250 -92.250000 -53.250000 59.406250 -44.250000 -35.250000 59.406250 -44.250000 -35.250000 59.406250 -47.886364 -36.500000 59.406250 -47.886364 -36.916668 59.406250 -47.886364 -51.583332 59.406250 -47.886364 -52.000000 59.406250 -47.886364 -53.250000 59.406250 -47.886364 -35.250000 59.406250 -52.875000 -35.250000 59.406250 -53.937500 -35.250000 59.406250 -92.250000 -36.500000 59.406250 -92.250000 -36.500000 59.406250 -47.886364 -35.250000 59.406250 -47.886364 -53.250000 59.406250 -53.937500 -53.250000 59.406250 -52.875000 -53.250000 59.406250 -47.886364 -52.000000 59.406250 -47.886364 -52.000000 59.406250 -92.250000 -53.250000 59.406250 -92.250000 -35.250000 54.593750 -90.187500 -35.250000 54.593750 -53.937500 -35.250000 54.593750 -52.875000 -35.250000 54.593750 -47.431816 -36.500000 54.593750 -47.431816 -36.500000 54.593750 -92.250000 -35.250046 54.593750 -92.250000 -35.250000 54.593750 -92.250000 -53.250000 54.593750 -47.431816 -52.000000 54.593750 -47.431816 -36.916668 54.593750 -47.431816 -36.500000 54.593750 -47.431816 -35.250000 54.593750 -47.431816 -35.250000 54.593750 -44.250000 -53.250000 54.593750 -44.250000 -53.250000 54.593750 -52.875000 -53.250000 54.593750 -53.937500 -53.250000 54.593750 -92.250000 -52.000000 54.593750 -92.250000 -52.000000 54.593750 -47.431816 -53.250000 54.593750 -47.431816 -36.500000 54.593750 -47.431816 -36.916668 54.593750 -47.431816 -36.916668 55.218750 -47.431816 -36.500000 55.218750 -47.431816 -52.000000 55.281250 -47.431816 -51.583332 55.281250 -47.431816 -36.916668 55.281250 -47.431816 -36.916668 55.218750 -47.431816 -36.916668 54.593750 -47.431816 -52.000000 54.593750 -47.431816 8.468750 -63.156250 -40.343750 8.468750 -63.156250 -34.650181 8.468750 -63.843750 -34.650181 8.468750 -63.843750 -40.343750 7.875000 -63.156250 -34.650181 7.875000 -63.156250 -40.343750 7.875000 -63.843750 -40.343750 7.875000 -63.843750 -34.650181 -0.187500 -63.156250 -40.343750 -0.187500 -63.156250 -34.650181 -0.187500 -63.843750 -34.650181 -0.187500 -63.843750 -40.343750 -0.781250 -63.156250 -34.650181 -0.781250 -63.156250 -40.343750 -0.781250 -63.843750 -40.343750 -0.781250 -63.843750 -34.650181 -27.531250 -63.156250 -40.343750 -27.531250 -63.156250 -34.650181 -27.531250 -63.843750 -34.650181 -27.531250 -63.843750 -40.343750 -28.125000 -63.156250 -34.650181 -28.125000 -63.156250 -40.343750 -28.125000 -63.843750 -40.343750 -28.125000 -63.843750 -34.650181 -36.187500 -63.156250 -40.343750 -36.187500 -63.156250 -34.650181 -36.187500 -63.843750 -34.650181 -36.187500 -63.843750 -40.343750 -36.781250 -63.156250 -34.650181 -36.781250 -63.156250 -40.343750 -36.781250 -63.843750 -40.343750 -36.781250 -63.843750 -34.650181 44.468750 -63.156250 -40.343750 44.468750 -63.156250 -34.650181 44.468750 -63.843750 -34.650181 44.468750 -63.843750 -40.343750 43.875000 -63.156250 -34.650181 43.875000 -63.156250 -40.343750 43.875000 -63.843750 -40.343750 43.875000 -63.843750 -34.650181 35.812500 -63.156250 -40.343750 35.812500 -63.156250 -34.650181 35.812500 -63.843750 -34.650181 35.812500 -63.843750 -40.343750 35.218750 -63.156250 -34.650181 35.218750 -63.156250 -40.343750 35.218750 -63.843750 -40.343750 35.218750 -63.843750 -34.650181 -36.781250 -63.156250 -40.343750 -36.781250 -63.156250 -34.650181 -36.187500 -63.156250 -34.650181 -36.187500 -63.156250 -40.343750 -40.187500 -63.156250 -33.687500 -24.062500 -63.156250 -33.687500 -24.062500 -63.156250 -34.650181 -27.531250 -63.156250 -34.650181 -28.125000 -63.156250 -34.650181 -36.187500 -63.156250 -34.650181 -36.781250 -63.156250 -34.650181 -40.187500 -63.156250 -34.650181 -4.187500 -63.156250 -33.687500 11.937500 -63.156250 -33.687500 11.937500 -63.156250 -34.650181 8.468750 -63.156250 -34.650181 7.875000 -63.156250 -34.650181 -0.187500 -63.156250 -34.650181 -0.781250 -63.156250 -34.650181 -4.187500 -63.156250 -34.650181 -0.781250 -63.156250 -40.343750 -0.781250 -63.156250 -34.650181 -0.187500 -63.156250 -34.650181 -0.187500 -63.156250 -40.343750 8.468750 -63.156250 -34.650181 8.468750 -63.156250 -40.343750 7.875000 -63.156250 -40.343750 7.875000 -63.156250 -34.650181 31.812500 -63.156250 -33.687500 47.937500 -63.156250 -33.687500 47.937500 -63.156250 -34.650181 44.468750 -63.156250 -34.650181 43.875000 -63.156250 -34.650181 35.812500 -63.156250 -34.650181 35.218750 -63.156250 -34.650181 31.812500 -63.156250 -34.650181 35.218750 -63.156250 -40.343750 35.218750 -63.156250 -34.650181 35.812500 -63.156250 -34.650181 35.812500 -63.156250 -40.343750 44.468750 -63.156250 -34.650181 44.468750 -63.156250 -40.343750 43.875000 -63.156250 -40.343750 43.875000 -63.156250 -34.650181 -27.531250 -63.156250 -34.650181 -27.531250 -63.156250 -40.343750 -28.125000 -63.156250 -40.343750 -28.125000 -63.156250 -34.650181 8.468750 -63.843750 -40.343750 8.468750 -63.843750 -34.650181 7.875000 -63.843750 -34.650181 7.875000 -63.843750 -40.343750 35.218750 -63.843750 -34.650181 35.218750 -63.843750 -40.343750 35.812500 -63.843750 -40.343750 35.812500 -63.843750 -34.650181 44.468750 -63.843750 -40.343750 44.468750 -63.843750 -34.650181 43.875000 -63.843750 -34.650181 43.875000 -63.843750 -40.343750 -27.531250 -63.843750 -40.343750 -27.531250 -63.843750 -34.650181 -28.125000 -63.843750 -34.650181 -28.125000 -63.843750 -40.343750 35.218750 -63.843750 -34.650181 35.812500 -63.843750 -34.650181 43.875000 -63.843750 -34.650181 44.468750 -63.843750 -34.650181 47.937500 -63.843750 -34.650181 47.937500 -63.843750 -33.687500 31.812500 -63.843750 -33.687500 31.812500 -63.843750 -34.650181 -36.781250 -63.843750 -34.650181 -36.781250 -63.843750 -40.343750 -36.187500 -63.843750 -40.343750 -36.187500 -63.843750 -34.650181 -36.781250 -63.843750 -34.650181 -36.187500 -63.843750 -34.650181 -28.125000 -63.843750 -34.650181 -27.531250 -63.843750 -34.650181 -24.062500 -63.843750 -34.650181 -24.062500 -63.843750 -33.687500 -40.187500 -63.843750 -33.687500 -40.187500 -63.843750 -34.650181 -0.781250 -63.843750 -34.650181 -0.781250 -63.843750 -40.343750 -0.187500 -63.843750 -40.343750 -0.187500 -63.843750 -34.650181 -0.781250 -63.843750 -34.650181 -0.187500 -63.843750 -34.650181 7.875000 -63.843750 -34.650181 8.468750 -63.843750 -34.650181 11.937500 -63.843750 -34.650181 11.937500 -63.843750 -33.687500 -4.187500 -63.843750 -33.687500 -4.187500 -63.843750 -34.650181 11.937500 -63.156250 -33.687500 -4.187500 -63.156250 -33.687500 -4.187500 -63.843750 -33.687500 11.937500 -63.843750 -33.687500 47.937500 -63.156250 -33.687500 31.812500 -63.156250 -33.687500 31.812500 -63.843750 -33.687500 47.937500 -63.843750 -33.687500 -24.062500 -63.156250 -33.687500 -40.187500 -63.156250 -33.687500 -40.187500 -63.843750 -33.687500 -24.062500 -63.843750 -33.687500 -40.187500 -63.156250 -34.650181 -36.781250 -63.156250 -34.650181 -36.781250 -63.843750 -34.650181 -40.187500 -63.843750 -34.650181 -36.187500 -63.156250 -34.650181 -28.125000 -63.156250 -34.650181 -28.125000 -63.843750 -34.650181 -36.187500 -63.843750 -34.650181 8.468750 -63.156250 -34.650181 11.937500 -63.156250 -34.650181 11.937500 -63.843750 -34.650181 8.468750 -63.843750 -34.650181 44.468750 -63.156250 -34.650181 47.937500 -63.156250 -34.650181 47.937500 -63.843750 -34.650181 44.468750 -63.843750 -34.650181 35.812500 -63.156250 -34.650181 43.875000 -63.156250 -34.650181 43.875000 -63.843750 -34.650181 35.812500 -63.843750 -34.650181 -4.187500 -63.156250 -34.650181 -0.781250 -63.156250 -34.650181 -0.781250 -63.843750 -34.650181 -4.187500 -63.843750 -34.650181 31.812500 -63.156250 -34.650181 35.218750 -63.156250 -34.650181 35.218750 -63.843750 -34.650181 31.812500 -63.843750 -34.650181 -27.531250 -63.156250 -34.650181 -24.062500 -63.156250 -34.650181 -24.062500 -63.843750 -34.650181 -27.531250 -63.843750 -34.650181 -0.187500 -63.156250 -34.650181 7.875000 -63.156250 -34.650181 7.875000 -63.843750 -34.650181 -0.187500 -63.843750 -34.650181 47.937500 -62.781250 -33.687500 47.937500 -62.781250 -34.650181 47.937500 -63.156250 -34.650181 47.937500 -63.156250 -33.687500 47.937500 -64.312500 -34.650181 47.937500 -64.312500 -33.687500 47.937500 -63.843750 -33.687500 47.937500 -63.843750 -34.650181 47.937500 -63.156250 -33.687500 47.937500 -63.843750 -33.687500 47.937500 -64.312500 -33.687500 47.937500 -64.312500 -30.156250 47.937500 -62.781250 -30.156250 47.937500 -62.781250 -33.687500 47.937500 -63.156250 -40.343750 47.937500 -63.843750 -40.343750 47.937500 -64.312500 -40.343750 47.937500 -64.312500 -34.650181 47.937500 -63.843750 -34.650181 47.937500 -63.156250 -34.650181 47.937500 -62.781250 -34.650181 47.937500 -62.781250 -40.343750 31.812500 -62.781250 -34.650181 31.812500 -62.781250 -33.687500 31.812500 -63.156250 -33.687500 31.812500 -63.156250 -34.650181 31.812500 -64.312500 -33.687500 31.812500 -64.312500 -34.650181 31.812500 -63.843750 -34.650181 31.812500 -63.843750 -33.687500 31.812500 -64.312500 -30.156250 31.812500 -64.312500 -33.687500 31.812500 -63.843750 -33.687500 31.812500 -63.156250 -33.687500 31.812500 -62.781250 -33.687500 31.812500 -62.781250 -30.156250 31.812500 -63.156250 -34.650181 31.812500 -63.843750 -34.650181 31.812500 -64.312500 -34.650181 31.812500 -64.312500 -40.343750 31.812500 -63.843750 -40.343750 31.812500 -63.156250 -40.343750 31.812500 -62.781250 -40.343750 31.812500 -62.781250 -34.650181 11.937500 -62.781250 -33.687500 11.937500 -62.781250 -34.650181 11.937500 -63.156250 -34.650181 11.937500 -63.156250 -33.687500 11.937500 -64.312500 -34.650181 11.937500 -64.312500 -33.687500 11.937500 -63.843750 -33.687500 11.937500 -63.843750 -34.650181 11.937500 -63.156250 -33.687500 11.937500 -63.843750 -33.687500 11.937500 -64.312500 -33.687500 11.937500 -64.312500 -30.156250 11.937500 -62.781250 -30.156250 11.937500 -62.781250 -33.687500 11.937500 -63.156250 -40.343750 11.937500 -63.843750 -40.343750 11.937500 -64.312500 -40.343750 11.937500 -64.312500 -34.650181 11.937500 -63.843750 -34.650181 11.937500 -63.156250 -34.650181 11.937500 -62.781250 -34.650181 11.937500 -62.781250 -40.343750 -4.187500 -64.312500 -30.156250 -4.187500 -64.312500 -33.687500 -4.187500 -63.843750 -33.687500 -4.187500 -63.156250 -33.687500 -4.187500 -62.781250 -33.687500 -4.187500 -62.781250 -30.156250 -4.187500 -63.156250 -34.650181 -4.187500 -63.843750 -34.650181 -4.187500 -64.312500 -34.650181 -4.187500 -64.312500 -40.343750 -4.187500 -63.843750 -40.343750 -4.187500 -63.156250 -40.343750 -4.187500 -62.781250 -40.343750 -4.187500 -62.781250 -34.650181 -4.187500 -64.312500 -33.687500 -4.187500 -64.312500 -34.650181 -4.187500 -63.843750 -34.650181 -4.187500 -63.843750 -33.687500 -4.187500 -62.781250 -34.650181 -4.187500 -62.781250 -33.687500 -4.187500 -63.156250 -33.687500 -4.187500 -63.156250 -34.650181 -24.062500 -64.312500 -34.650181 -24.062500 -64.312500 -33.687500 -24.062500 -63.843750 -33.687500 -24.062500 -63.843750 -34.650181 -24.062500 -63.156250 -40.343750 -24.062500 -63.843750 -40.343750 -24.062500 -64.312500 -40.343750 -24.062500 -64.312500 -34.650181 -24.062500 -63.843750 -34.650181 -24.062500 -63.156250 -34.650181 -24.062500 -62.781250 -34.650181 -24.062500 -62.781250 -40.343750 -24.062500 -63.156250 -33.687500 -24.062500 -63.843750 -33.687500 -24.062500 -64.312500 -33.687500 -24.062500 -64.312500 -30.156250 -24.062500 -62.781250 -30.156250 -24.062500 -62.781250 -33.687500 -24.062500 -62.781250 -33.687500 -24.062500 -62.781250 -34.650181 -24.062500 -63.156250 -34.650181 -24.062500 -63.156250 -33.687500 -40.187500 -64.312500 -30.156250 -40.187500 -64.312500 -33.687500 -40.187500 -63.843750 -33.687500 -40.187500 -63.156250 -33.687500 -40.187500 -62.781250 -33.687500 -40.187500 -62.781250 -30.156250 -40.187500 -64.312500 -33.687500 -40.187500 -64.312500 -34.650181 -40.187500 -63.843750 -34.650181 -40.187500 -63.843750 -33.687500 -40.187500 -62.781250 -34.650181 -40.187500 -62.781250 -33.687500 -40.187500 -63.156250 -33.687500 -40.187500 -63.156250 -34.650181 -40.187500 -63.156250 -34.650181 -40.187500 -63.843750 -34.650181 -40.187500 -64.312500 -34.650181 -40.187500 -64.312500 -40.343750 -40.187500 -63.843750 -40.343750 -40.187500 -63.156250 -40.343750 -40.187500 -62.781250 -40.343750 -40.187500 -62.781250 -34.650181 47.937500 -64.312500 -30.156250 31.812500 -64.312500 -30.156250 31.812500 -62.781250 -30.156250 47.937500 -62.781250 -30.156250 -24.062500 -64.312500 -30.156250 -40.187500 -64.312500 -30.156250 -40.187500 -62.781250 -30.156250 -24.062500 -62.781250 -30.156250 11.937500 -64.312500 -30.156250 -4.187500 -64.312500 -30.156250 -4.187500 -62.781250 -30.156250 11.937500 -62.781250 -30.156250 -23.125000 -64.312500 -41.250000 -23.125000 -64.312500 -40.343750 -24.062500 -64.312500 -40.343750 -40.187500 -64.312500 -40.343750 -41.125000 -64.312500 -40.343750 -41.125000 -64.312500 -41.250000 12.875000 -64.312500 -41.250000 12.875000 -64.312500 -40.343750 11.937500 -64.312500 -40.343750 -4.187500 -64.312500 -40.343750 -5.125000 -64.312500 -40.343750 -5.125000 -64.312500 -41.250000 12.875000 -64.312500 -30.156250 11.937500 -64.312500 -30.156250 11.937500 -64.312500 -33.687500 11.937500 -64.312500 -34.650181 11.937500 -64.312500 -40.343750 12.875000 -64.312500 -40.343750 30.875000 -64.312500 -30.156250 31.812500 -64.312500 -30.156250 47.937500 -64.312500 -30.156250 48.875000 -64.312500 -30.156250 48.875000 -64.312500 -29.250000 30.875000 -64.312500 -29.250000 31.812500 -64.312500 -40.343750 31.812500 -64.312500 -34.650181 31.812500 -64.312500 -33.687500 31.812500 -64.312500 -30.156250 30.875000 -64.312500 -30.156250 30.875000 -64.312500 -40.343750 48.875000 -64.312500 -41.250000 48.875000 -64.312500 -40.343750 47.937500 -64.312500 -40.343750 31.812500 -64.312500 -40.343750 30.875000 -64.312500 -40.343750 30.875000 -64.312500 -41.250000 -5.125000 -64.312500 -30.156250 -4.187500 -64.312500 -30.156250 11.937500 -64.312500 -30.156250 12.875000 -64.312500 -30.156250 12.875000 -64.312500 -29.250000 -5.125000 -64.312500 -29.250000 48.875000 -64.312500 -30.156250 47.937500 -64.312500 -30.156250 47.937500 -64.312500 -33.687500 47.937500 -64.312500 -34.650181 47.937500 -64.312500 -40.343750 48.875000 -64.312500 -40.343750 -23.125000 -64.312500 -30.156250 -24.062500 -64.312500 -30.156250 -24.062500 -64.312500 -33.687500 -24.062500 -64.312500 -34.650181 -24.062500 -64.312500 -40.343750 -23.125000 -64.312500 -40.343750 -4.187500 -64.312500 -40.343750 -4.187500 -64.312500 -34.650181 -4.187500 -64.312500 -33.687500 -4.187500 -64.312500 -30.156250 -5.125000 -64.312500 -30.156250 -5.125000 -64.312500 -40.343750 -40.187500 -64.312500 -40.343750 -40.187500 -64.312500 -34.650181 -40.187500 -64.312500 -33.687500 -40.187500 -64.312500 -30.156250 -41.125000 -64.312500 -30.156250 -41.125000 -64.312500 -40.343750 -41.125000 -64.312500 -30.156250 -40.187500 -64.312500 -30.156250 -24.062500 -64.312500 -30.156250 -23.125000 -64.312500 -30.156250 -23.125000 -64.312500 -29.250000 -41.125000 -64.312500 -29.250000 -23.125000 -62.781250 -29.250000 -23.125000 -62.781250 -30.156250 -24.062500 -62.781250 -30.156250 -40.187500 -62.781250 -30.156250 -41.125000 -62.781250 -30.156250 -41.125000 -62.781250 -29.250000 -40.187500 -62.781250 -30.156250 -40.187500 -62.781250 -33.687500 -40.187500 -62.781250 -34.650181 -40.187500 -62.781250 -40.343750 -41.125000 -62.781250 -40.343750 -41.125000 -62.781250 -30.156250 12.875000 -62.781250 -29.250000 12.875000 -62.781250 -30.156250 11.937500 -62.781250 -30.156250 -4.187500 -62.781250 -30.156250 -5.125000 -62.781250 -30.156250 -5.125000 -62.781250 -29.250000 -40.187500 -62.781250 -40.343750 -24.062500 -62.781250 -40.343750 -23.125000 -62.781250 -40.343750 -23.125000 -62.781250 -41.250000 -41.125000 -62.781250 -41.250000 -41.125000 -62.781250 -40.343750 47.937500 -62.781250 -40.343750 47.937500 -62.781250 -34.650181 47.937500 -62.781250 -33.687500 47.937500 -62.781250 -30.156250 48.875000 -62.781250 -30.156250 48.875000 -62.781250 -40.343750 31.812500 -62.781250 -40.343750 47.937500 -62.781250 -40.343750 48.875000 -62.781250 -40.343750 48.875000 -62.781250 -41.250000 30.875000 -62.781250 -41.250000 30.875000 -62.781250 -40.343750 48.875000 -62.781250 -29.250000 48.875000 -62.781250 -30.156250 47.937500 -62.781250 -30.156250 31.812500 -62.781250 -30.156250 30.875000 -62.781250 -30.156250 30.875000 -62.781250 -29.250000 31.812500 -62.781250 -30.156250 31.812500 -62.781250 -33.687500 31.812500 -62.781250 -34.650181 31.812500 -62.781250 -40.343750 30.875000 -62.781250 -40.343750 30.875000 -62.781250 -30.156250 -24.062500 -62.781250 -40.343750 -24.062500 -62.781250 -34.650181 -24.062500 -62.781250 -33.687500 -24.062500 -62.781250 -30.156250 -23.125000 -62.781250 -30.156250 -23.125000 -62.781250 -40.343750 -4.187500 -62.781250 -30.156250 -4.187500 -62.781250 -33.687500 -4.187500 -62.781250 -34.650181 -4.187500 -62.781250 -40.343750 -5.125000 -62.781250 -40.343750 -5.125000 -62.781250 -30.156250 -4.187500 -62.781250 -40.343750 11.937500 -62.781250 -40.343750 12.875000 -62.781250 -40.343750 12.875000 -62.781250 -41.250000 -5.125000 -62.781250 -41.250000 -5.125000 -62.781250 -40.343750 11.937500 -62.781250 -40.343750 11.937500 -62.781250 -34.650181 11.937500 -62.781250 -33.687500 11.937500 -62.781250 -30.156250 12.875000 -62.781250 -30.156250 12.875000 -62.781250 -40.343750 -0.781250 -63.843750 -40.343750 -0.781250 -63.156250 -40.343750 -4.187500 -63.156250 -40.343750 -4.187500 -63.843750 -40.343750 -40.187500 -64.312500 -40.343750 -24.062500 -64.312500 -40.343750 -24.062500 -63.843750 -40.343750 -27.531250 -63.843750 -40.343750 -28.125000 -63.843750 -40.343750 -36.187500 -63.843750 -40.343750 -36.781250 -63.843750 -40.343750 -40.187500 -63.843750 -40.343750 -24.062500 -62.781250 -40.343750 -40.187500 -62.781250 -40.343750 -40.187500 -63.156250 -40.343750 -36.781250 -63.156250 -40.343750 -36.187500 -63.156250 -40.343750 -28.125000 -63.156250 -40.343750 -27.531250 -63.156250 -40.343750 -24.062500 -63.156250 -40.343750 -28.125000 -63.843750 -40.343750 -28.125000 -63.156250 -40.343750 -36.187500 -63.156250 -40.343750 -36.187500 -63.843750 -40.343750 11.937500 -62.781250 -40.343750 -4.187500 -62.781250 -40.343750 -4.187500 -63.156250 -40.343750 -0.781250 -63.156250 -40.343750 -0.187500 -63.156250 -40.343750 7.875000 -63.156250 -40.343750 8.468750 -63.156250 -40.343750 11.937500 -63.156250 -40.343750 7.875000 -63.843750 -40.343750 7.875000 -63.156250 -40.343750 -0.187500 -63.156250 -40.343750 -0.187500 -63.843750 -40.343750 -4.187500 -64.312500 -40.343750 11.937500 -64.312500 -40.343750 11.937500 -63.843750 -40.343750 8.468750 -63.843750 -40.343750 7.875000 -63.843750 -40.343750 -0.187500 -63.843750 -40.343750 -0.781250 -63.843750 -40.343750 -4.187500 -63.843750 -40.343750 11.937500 -63.156250 -40.343750 8.468750 -63.156250 -40.343750 8.468750 -63.843750 -40.343750 11.937500 -63.843750 -40.343750 -24.062500 -63.156250 -40.343750 -27.531250 -63.156250 -40.343750 -27.531250 -63.843750 -40.343750 -24.062500 -63.843750 -40.343750 35.218750 -63.843750 -40.343750 35.218750 -63.156250 -40.343750 31.812500 -63.156250 -40.343750 31.812500 -63.843750 -40.343750 47.937500 -63.156250 -40.343750 44.468750 -63.156250 -40.343750 44.468750 -63.843750 -40.343750 47.937500 -63.843750 -40.343750 43.875000 -63.843750 -40.343750 43.875000 -63.156250 -40.343750 35.812500 -63.156250 -40.343750 35.812500 -63.843750 -40.343750 -36.781250 -63.843750 -40.343750 -36.781250 -63.156250 -40.343750 -40.187500 -63.156250 -40.343750 -40.187500 -63.843750 -40.343750 31.812500 -64.312500 -40.343750 47.937500 -64.312500 -40.343750 47.937500 -63.843750 -40.343750 44.468750 -63.843750 -40.343750 43.875000 -63.843750 -40.343750 35.812500 -63.843750 -40.343750 35.218750 -63.843750 -40.343750 31.812500 -63.843750 -40.343750 47.937500 -62.781250 -40.343750 31.812500 -62.781250 -40.343750 31.812500 -63.156250 -40.343750 35.218750 -63.156250 -40.343750 35.812500 -63.156250 -40.343750 43.875000 -63.156250 -40.343750 44.468750 -63.156250 -40.343750 47.937500 -63.156250 -40.343750 -37.708332 55.906250 -48.357956 -37.958332 55.656250 -48.783363 -37.958332 55.656250 -67.997734 -37.708332 55.906250 -68.423141 -37.958332 55.656250 -89.551865 -37.708332 55.906250 -89.977272 -37.708332 55.906250 -69.912079 -37.958332 55.656250 -70.337494 -43.791668 55.906250 -68.423141 -43.541668 55.656250 -67.997734 -43.541668 55.656250 -48.783363 -43.791668 55.906250 -48.357956 -43.791668 55.906250 -89.977272 -43.541668 55.656250 -89.551865 -43.541668 55.656250 -70.337494 -43.791668 55.906250 -69.912079 -37.958332 55.656250 -70.337494 -37.708332 55.906250 -69.912079 -43.791668 55.906250 -69.912079 -43.541668 55.656250 -70.337494 -50.625000 55.906250 -69.912079 -50.375000 55.656250 -70.337494 -44.791668 55.656250 -70.337494 -44.541668 55.906250 -69.912079 -37.708332 55.906250 -89.977272 -37.958332 55.656250 -89.551865 -43.541668 55.656250 -89.551865 -43.791668 55.906250 -89.977272 -50.375000 55.656250 -89.551865 -50.625000 55.906250 -89.977272 -44.541668 55.906250 -89.977272 -44.791668 55.656250 -89.551865 -44.541668 55.906250 -48.357956 -44.791668 55.656250 -48.783363 -44.791668 55.656250 -67.997734 -44.541668 55.906250 -68.423141 -44.791668 55.656250 -89.551865 -44.541668 55.906250 -89.977272 -44.541668 55.906250 -69.912079 -44.791668 55.656250 -70.337494 -50.625000 55.906250 -89.977272 -50.375000 55.656250 -89.551865 -50.375000 55.656250 -70.337494 -50.625000 55.906250 -69.912079 -50.625000 55.906250 -68.423141 -50.375000 55.656250 -67.997734 -50.375000 55.656250 -48.783363 -50.625000 55.906250 -48.357956 -43.541668 55.656250 -67.997734 -37.958332 55.656250 -67.997734 -37.958332 55.656250 -48.783363 -43.541668 55.656250 -48.783363 -50.375000 55.656250 -48.783363 -50.375000 55.656250 -67.997734 -44.791668 55.656250 -67.997734 -44.791668 55.656250 -48.783363 -50.375000 55.656250 -70.337494 -50.375000 55.656250 -89.551865 -44.791668 55.656250 -89.551865 -44.791668 55.656250 -70.337494 -37.958332 55.656250 -89.551865 -37.958332 55.656250 -70.337494 -43.541668 55.656250 -70.337494 -43.541668 55.656250 -89.551865 -50.625000 55.906250 -48.357956 -50.375000 55.656250 -48.783363 -44.791668 55.656250 -48.783363 -44.541668 55.906250 -48.357956 -37.958332 55.656250 -48.783363 -37.708332 55.906250 -48.357956 -43.791668 55.906250 -48.357956 -43.541668 55.656250 -48.783363 -37.708332 55.906250 -68.423141 -37.958332 55.656250 -67.997734 -43.541668 55.656250 -67.997734 -43.791668 55.906250 -68.423141 -50.375000 55.656250 -67.997734 -50.625000 55.906250 -68.423141 -44.541668 55.906250 -68.423141 -44.791668 55.656250 -67.997734 56.388931 -23.788776 -79.656250 56.198532 -23.841839 -79.718750 56.198513 -23.841845 -79.718750 56.198513 -23.841845 -79.718750 56.198513 -23.841845 -79.468742 56.198513 -23.841845 -75.406250 56.198513 -23.841845 -75.156250 56.198521 -23.841843 -75.156250 56.388931 -23.788776 -75.218758 56.338303 -24.049095 -79.468750 56.338303 -24.049095 -79.718742 56.458820 -23.892429 -79.656250 56.458820 -23.892429 -79.490807 56.458820 -23.892429 -75.218750 56.338303 -24.049095 -75.156250 56.338303 -24.049095 -75.406250 56.338303 -24.049095 -79.468750 56.458820 -23.892429 -79.490807 56.458820 -23.892429 -79.490807 56.458820 -23.892429 -79.656250 56.388931 -23.788776 -79.656250 56.388931 -23.788776 -75.218758 56.458820 -23.892429 -75.218750 56.198513 -23.841846 -75.406250 56.198513 -23.841845 -75.406250 56.198513 -23.841845 -79.468742 56.198513 -23.841846 -79.468742 56.338303 -24.049095 -79.468750 56.338303 -24.049095 -75.406250 56.198513 -23.841846 -75.406250 56.198513 -23.841846 -75.156250 56.198513 -23.841845 -75.156250 56.198513 -23.841845 -75.406250 56.198513 -23.841845 -79.718750 56.248123 -23.915400 -79.718750 56.198513 -23.841846 -79.718750 56.198513 -23.841845 -79.718750 56.198513 -23.841846 -79.718750 56.198513 -23.841846 -79.468742 56.198513 -23.841845 -79.468742 56.198513 -23.841845 -79.718750 56.198513 -23.841845 -75.156250 56.198513 -23.841846 -75.156250 56.198521 -23.841843 -75.156250 56.388931 -23.788776 -75.218758 56.198521 -23.841843 -75.156250 56.338303 -24.049095 -75.156250 56.458820 -23.892429 -75.218750 56.230045 -23.888586 -79.718750 56.248123 -23.915400 -79.718750 56.198513 -23.841845 -79.718750 56.198532 -23.841839 -79.718750 56.338303 -24.049095 -79.718742 56.230045 -23.888586 -79.718750 56.198532 -23.841839 -79.718750 56.388931 -23.788776 -79.656250 56.458820 -23.892429 -79.656250 56.198505 -23.841850 -75.156242 55.247753 -24.332331 -75.031250 55.527332 -24.746819 -75.031258 56.338295 -24.049101 -75.156250 56.338303 -24.049095 -75.156250 56.198521 -23.841843 -75.156242 55.247753 -24.332331 -75.531250 56.198513 -23.841846 -75.406250 56.338303 -24.049095 -75.406250 55.527332 -24.746819 -75.531250 56.198513 -23.841846 -79.468742 56.198513 -23.841846 -79.718750 55.247753 -24.332331 -79.843750 55.247753 -24.332331 -79.343750 56.198521 -23.841843 -75.156250 56.198513 -23.841846 -75.156250 56.198505 -23.841850 -75.156242 56.198521 -23.841843 -75.156242 56.198505 -23.841850 -75.156242 56.198513 -23.841846 -75.156250 56.198513 -23.841846 -75.406250 55.247753 -24.332331 -75.531250 55.247753 -24.332331 -75.031250 56.338295 -24.049101 -75.156250 56.338303 -24.049095 -75.156250 56.338303 -24.049095 -75.156250 56.338303 -24.049095 -79.718742 56.338303 -24.049095 -79.468750 55.527332 -24.746819 -79.343758 55.527332 -24.746819 -79.843750 56.338276 -24.049118 -79.718758 56.338303 -24.049095 -79.718750 56.338303 -24.049095 -75.406250 56.338303 -24.049095 -75.156250 56.338295 -24.049101 -75.156250 55.527332 -24.746819 -75.031258 55.527332 -24.746819 -75.531250 56.338303 -24.049095 -75.156250 56.198521 -23.841843 -75.156250 56.198521 -23.841843 -75.156242 56.338303 -24.049095 -75.156250 56.230045 -23.888586 -79.718750 56.338303 -24.049095 -79.718742 56.338303 -24.049095 -79.718750 56.338303 -24.049095 -79.468750 56.198513 -23.841846 -79.468742 55.247753 -24.332331 -79.343750 55.527332 -24.746819 -79.343758 56.338276 -24.049118 -79.718758 56.248123 -23.915400 -79.718750 56.230045 -23.888586 -79.718750 56.338303 -24.049095 -79.718750 55.247753 -24.332331 -79.843750 56.198513 -23.841846 -79.718750 56.248123 -23.915400 -79.718750 56.338276 -24.049118 -79.718758 55.527332 -24.746819 -79.843750 42.461739 -37.542229 -79.656250 42.399239 -37.729771 -79.718758 42.399239 -37.729771 -79.718742 42.399239 -37.729771 -79.468742 42.399239 -37.729771 -75.406242 42.399239 -37.729771 -75.156242 42.399242 -37.729755 -75.156250 42.461739 -37.542229 -75.218750 42.586735 -37.542248 -75.218750 42.649235 -37.729771 -75.156250 42.649235 -37.729771 -75.406250 42.649235 -37.729771 -79.468750 42.649235 -37.729771 -79.718750 42.586735 -37.542248 -79.656250 42.461739 -37.542229 -75.218750 42.586735 -37.542248 -75.218750 42.586735 -37.542248 -79.656250 42.461739 -37.542229 -79.656250 42.399242 -37.729771 -75.406242 42.399242 -37.729771 -75.156242 42.399239 -37.729771 -75.156242 42.399239 -37.729771 -75.406242 42.649235 -37.729771 -75.156250 42.566528 -37.729771 -75.156250 42.566528 -37.729771 -75.406250 42.649235 -37.729771 -75.406250 42.649235 -37.729771 -75.406250 42.566528 -37.729771 -75.406250 42.399242 -37.729771 -75.406242 42.399239 -37.729771 -75.406242 42.399239 -37.729771 -79.468742 42.399242 -37.729771 -79.468742 42.566528 -37.729771 -79.468750 42.649235 -37.729771 -79.468750 42.597340 -37.729771 -79.718750 42.649235 -37.729771 -79.718750 42.649235 -37.729771 -79.468750 42.566528 -37.729771 -79.468750 42.566528 -37.729771 -79.718750 42.399239 -37.729771 -79.718758 42.597340 -37.729771 -79.718750 42.566528 -37.729771 -79.718750 42.399242 -37.729771 -79.718742 42.399239 -37.729771 -79.718742 42.399242 -37.729771 -79.718742 42.399242 -37.729771 -79.468742 42.399239 -37.729771 -79.468742 42.399239 -37.729771 -79.718742 42.399239 -37.729771 -75.156242 42.399242 -37.729771 -75.156242 42.399242 -37.729755 -75.156250 42.461739 -37.542229 -75.218750 42.399242 -37.729755 -75.156250 42.566528 -37.729771 -75.156250 42.649235 -37.729771 -75.156250 42.586735 -37.542248 -75.218750 42.461739 -37.542229 -79.656250 42.586735 -37.542248 -79.656250 42.649235 -37.729771 -79.718750 42.597340 -37.729771 -79.718750 42.399239 -37.729771 -79.718758 50.668961 -37.542259 -68.312500 50.606483 -37.729744 -68.250000 50.829334 -37.729744 -68.250000 50.856377 -37.729744 -68.250000 58.668900 -37.729805 -68.249977 58.918922 -37.729805 -68.249977 58.919025 -37.729805 -68.249977 58.856487 -37.542263 -68.312492 58.856487 -37.542263 -68.437515 58.919025 -37.729809 -68.500031 58.918922 -37.729809 -68.500031 58.668907 -37.729805 -68.500031 50.856392 -37.729748 -68.499985 50.856392 -37.729744 -68.499985 50.834324 -37.542259 -68.437492 50.820900 -37.729744 -68.499985 50.606487 -37.729744 -68.499985 50.668961 -37.542259 -68.437492 50.834324 -37.542259 -68.437492 50.856392 -37.729744 -68.499985 58.856487 -37.542263 -68.312492 58.856487 -37.542263 -68.437515 50.834324 -37.542259 -68.437492 50.668961 -37.542259 -68.437492 50.668961 -37.542259 -68.312500 50.829334 -37.729744 -68.250000 50.829334 -37.729744 -68.250008 50.856377 -37.729744 -68.250008 50.856377 -37.729744 -68.250000 50.856377 -37.729744 -68.250000 50.856377 -37.729744 -68.250008 50.856392 -37.729748 -68.499985 58.668907 -37.729805 -68.500031 58.668907 -37.729805 -68.500015 58.668900 -37.729805 -68.250008 58.668900 -37.729805 -68.249977 50.606483 -37.729744 -68.250000 50.606487 -37.729744 -68.499985 50.820900 -37.729744 -68.499985 50.829334 -37.729744 -68.250008 50.829334 -37.729744 -68.250000 58.668900 -37.729805 -68.250008 58.918922 -37.729805 -68.250008 58.918922 -37.729805 -68.249977 58.668900 -37.729805 -68.249977 58.918922 -37.729805 -68.249977 58.918922 -37.729805 -68.250008 58.918922 -37.729809 -68.500015 58.918922 -37.729809 -68.500031 58.919025 -37.729809 -68.500031 58.919025 -37.729805 -68.249977 58.918922 -37.729809 -68.500015 58.668907 -37.729805 -68.500015 58.668907 -37.729805 -68.500031 58.918922 -37.729809 -68.500031 50.668961 -37.542259 -68.437492 50.606487 -37.729744 -68.499985 50.606483 -37.729744 -68.250000 50.668961 -37.542259 -68.312500 58.919025 -37.729805 -68.249977 58.919025 -37.729809 -68.500031 58.856487 -37.542263 -68.437515 58.856487 -37.542263 -68.312492 50.981411 -38.792248 -68.125015 50.856377 -37.729744 -68.250008 50.829334 -37.729744 -68.250008 50.606403 -37.729755 -68.250008 50.481422 -38.792252 -68.125008 50.606407 -37.729755 -68.500000 50.820900 -37.729744 -68.500000 50.856392 -37.729744 -68.500000 50.856392 -37.729748 -68.500000 50.981438 -38.792248 -68.625000 50.481426 -38.792252 -68.625000 50.606403 -37.729755 -68.250008 50.829334 -37.729744 -68.250008 50.820900 -37.729744 -68.499985 50.820900 -37.729744 -68.500000 50.606407 -37.729755 -68.500000 50.820900 -37.729744 -68.500000 50.820900 -37.729744 -68.499985 50.856392 -37.729744 -68.499985 50.856392 -37.729744 -68.500000 50.981411 -38.792248 -68.125015 50.481422 -38.792252 -68.125008 50.481426 -38.792252 -68.625000 50.981438 -38.792248 -68.625000 50.481422 -38.792252 -68.125008 50.606403 -37.729755 -68.250008 50.606407 -37.729755 -68.500000 50.481426 -38.792252 -68.625000 50.856392 -37.729744 -68.499985 50.856392 -37.729748 -68.499985 50.856392 -37.729748 -68.500000 50.856392 -37.729744 -68.500000 50.856392 -37.729748 -68.500000 50.856392 -37.729748 -68.499985 50.856377 -37.729744 -68.250008 50.981411 -38.792248 -68.125015 50.981438 -38.792248 -68.625000 38.318542 -20.218750 -90.217026 38.449810 -20.218750 -90.312408 38.531250 -20.218750 -90.371590 38.399792 -20.218750 -90.467094 38.672211 -20.218750 -89.687500 38.743797 -20.218750 -89.907814 38.613163 -20.218750 -89.812904 38.531250 -20.218750 -89.753395 38.621937 -20.218750 -89.687500 38.268387 -20.218750 -90.062668 38.318542 -20.218750 -90.217026 38.399792 -20.218750 -90.467094 38.055759 -20.218750 -90.717049 38.894531 -20.218750 -89.753609 38.794113 -20.218750 -90.062668 38.743797 -20.218750 -89.907814 38.672211 -20.218750 -89.687500 38.822918 -20.218750 -89.687500 38.621937 -20.218750 -89.687500 38.531250 -20.218750 -89.753395 38.449356 -20.218750 -89.812904 38.318691 -20.218750 -89.907852 38.031250 -20.218750 -90.116722 38.031250 -20.218750 -89.826920 38.212498 -20.218750 -89.687500 38.449810 -20.218750 -90.312408 38.612701 -20.218750 -90.312408 38.531250 -20.218750 -90.371590 38.613163 -20.218750 -89.812904 38.449356 -20.218750 -89.812904 38.531250 -20.218750 -89.753395 38.031250 -20.218750 -91.500000 38.031250 -20.218750 -90.734856 38.055759 -20.218750 -90.717049 38.399792 -20.218750 -90.467094 38.531250 -20.218750 -90.371590 38.612701 -20.218750 -90.312408 38.743950 -20.218750 -90.217056 39.031250 -20.218750 -90.008324 39.031250 -20.218750 -91.500000 38.318691 -20.218750 -89.907852 38.268387 -20.218750 -90.062668 38.055759 -20.218750 -90.717049 38.031250 -20.218750 -90.734856 38.031250 -20.218750 -90.116722 39.031250 -20.218750 -90.008324 38.743950 -20.218750 -90.217056 38.794113 -20.218750 -90.062668 38.894531 -20.218750 -89.753609 39.031250 -20.218750 -89.879807 38.031250 -20.468750 -91.500000 39.031250 -20.468750 -91.500000 39.031250 -20.468750 -89.879807 38.822918 -20.468750 -89.687500 38.212498 -20.468750 -89.687500 38.031250 -20.468750 -89.826920 39.031250 -20.218750 -89.879807 38.894531 -20.218750 -89.753609 38.822918 -20.218750 -89.687500 38.822918 -20.468750 -89.687500 39.031250 -20.468750 -89.879807 38.212498 -20.218750 -89.687500 38.031250 -20.218750 -89.826920 38.031250 -20.468750 -89.826920 38.212498 -20.468750 -89.687500 39.031250 -20.218750 -91.500000 39.031250 -20.218750 -90.008324 39.031250 -20.218750 -89.879807 39.031250 -20.468750 -89.879807 39.031250 -20.468750 -91.500000 39.031250 -13.781250 -91.500000 39.031250 -13.781250 -89.861115 39.031250 -14.031250 -89.861115 39.031250 -14.031250 -91.500000 38.031250 -14.031250 -89.822922 38.031250 -13.781250 -89.822922 38.031250 -13.781250 -91.500000 38.031250 -14.031250 -91.500000 38.031250 -20.218750 -89.826920 38.031250 -20.218750 -90.116722 38.031250 -20.218750 -90.734856 38.031250 -20.218750 -91.500000 38.031250 -20.468750 -91.500000 38.031250 -20.468750 -89.826920 38.031250 -13.781250 -91.500000 38.031250 -13.781250 -89.822922 38.193752 -13.781250 -89.687500 38.889202 -13.781250 -89.687500 39.031250 -13.781250 -89.861115 39.031250 -13.781250 -91.500000 39.031250 -14.031250 -89.861115 38.889202 -14.031250 -89.687500 38.193752 -14.031250 -89.687500 38.031250 -14.031250 -89.822922 38.031250 -14.031250 -91.500000 39.031250 -14.031250 -91.500000 38.889202 -14.031250 -89.687500 38.889202 -13.781250 -89.687500 38.193752 -13.781250 -89.687500 38.193752 -14.031250 -89.687500 38.822918 -20.468750 -89.687500 38.822918 -20.218750 -89.687500 38.672211 -20.218750 -89.687500 38.621937 -20.218750 -89.687500 38.212498 -20.218750 -89.687500 38.212498 -20.468750 -89.687500 39.031250 -13.781250 -89.861115 38.889202 -13.781250 -89.687500 38.889202 -14.031250 -89.687500 39.031250 -14.031250 -89.861115 38.193752 -13.781250 -89.687500 38.031250 -13.781250 -89.822922 38.031250 -14.031250 -89.822922 38.193752 -14.031250 -89.687500 60.531250 -9.125000 -91.875000 60.218750 -9.437500 -91.500000 60.218750 -25.468750 -91.500000 60.531250 -25.781250 -91.875000 37.343750 -9.437500 -91.500000 37.031250 -9.125000 -91.875000 37.031250 -25.781250 -91.875000 37.343750 -25.468750 -91.500000 38.031250 -9.437500 -91.500000 39.031250 -9.437500 -91.500000 60.218750 -9.437500 -91.500000 60.531250 -9.125000 -91.875000 37.031250 -9.125000 -91.875000 37.343750 -9.437500 -91.500000 60.531250 -25.781250 -91.875000 60.218750 -25.468750 -91.500000 39.031250 -25.468750 -91.500000 38.031250 -25.468750 -91.500000 37.343750 -25.468750 -91.500000 37.031250 -25.781250 -91.875000 60.218750 -25.468750 -91.500000 60.218750 -9.437500 -91.500000 39.031250 -9.437500 -91.500000 39.031250 -13.781250 -91.500000 39.031250 -14.031250 -91.500000 39.031250 -20.218750 -91.500000 39.031250 -20.468750 -91.500000 39.031250 -25.468750 -91.500000 39.031250 -9.437500 -91.500000 38.031250 -9.437500 -91.500000 38.031250 -13.781250 -91.500000 39.031250 -13.781250 -91.500000 38.031250 -20.218750 -91.500000 39.031250 -20.218750 -91.500000 39.031250 -14.031250 -91.500000 38.031250 -14.031250 -91.500000 38.031250 -25.468750 -91.500000 39.031250 -25.468750 -91.500000 39.031250 -20.468750 -91.500000 38.031250 -20.468750 -91.500000 38.031250 -20.468750 -91.500000 38.031250 -20.218750 -91.500000 38.031250 -14.031250 -91.500000 38.031250 -13.781250 -91.500000 38.031250 -9.437500 -91.500000 37.343750 -9.437500 -91.500000 37.343750 -25.468750 -91.500000 38.031250 -25.468750 -91.500000 60.531250 -23.750000 -92.250000 60.531250 -9.125000 -92.250000 60.531250 -9.125000 -91.875000 60.531250 -25.781250 -91.875000 60.531250 -25.781250 -92.250000 37.031250 -9.125000 -91.875000 37.031250 -9.125000 -92.250000 37.031250 -23.750000 -92.250000 37.031250 -25.781250 -92.250000 37.031250 -25.781250 -91.875000 37.031250 -9.125000 -92.250000 37.031250 -9.125000 -91.875000 60.531250 -9.125000 -91.875000 60.531250 -9.125000 -92.250000 37.031250 -25.781250 -91.875000 37.031250 -25.781250 -92.250000 60.531250 -25.781250 -92.250000 60.531250 -25.781250 -91.875000 59.043903 -38.792255 -68.125000 58.918922 -37.729805 -68.250008 58.668900 -37.729805 -68.250008 58.543915 -38.792255 -68.125000 58.668907 -37.729805 -68.500015 58.918922 -37.729809 -68.500015 59.043903 -38.792255 -68.625000 58.543930 -38.792255 -68.625000 58.543915 -38.792255 -68.125000 58.668900 -37.729805 -68.250008 58.668907 -37.729805 -68.500015 58.543930 -38.792255 -68.625000 58.918922 -37.729809 -68.500015 58.918922 -37.729805 -68.250008 59.043903 -38.792255 -68.125000 59.043903 -38.792255 -68.625000 30.992910 -29.604765 -68.312492 30.930372 -29.792307 -68.249977 30.930473 -29.792307 -68.249977 31.180498 -29.792305 -68.249977 38.993015 -29.792246 -68.250000 39.020058 -29.792246 -68.250000 39.242916 -29.792244 -68.250000 39.180439 -29.604757 -68.312500 39.015068 -29.604757 -68.437492 38.993000 -29.792244 -68.499985 38.993000 -29.792246 -68.499985 31.180490 -29.792305 -68.500031 30.930473 -29.792307 -68.500031 30.930372 -29.792307 -68.500031 30.992910 -29.604765 -68.437515 39.180443 -29.604757 -68.437492 39.242920 -29.792244 -68.499985 39.028492 -29.792246 -68.499985 38.993000 -29.792244 -68.499985 39.015068 -29.604757 -68.437492 39.180439 -29.604757 -68.312500 39.180443 -29.604757 -68.437492 39.015068 -29.604757 -68.437492 30.992910 -29.604765 -68.437515 30.992910 -29.604765 -68.312492 31.180490 -29.792305 -68.500015 30.930473 -29.792307 -68.500015 30.930473 -29.792307 -68.500031 31.180490 -29.792305 -68.500031 30.930372 -29.792307 -68.500031 30.930473 -29.792307 -68.500031 30.930473 -29.792307 -68.500015 30.930473 -29.792307 -68.250008 30.930473 -29.792307 -68.249977 30.930372 -29.792307 -68.249977 30.930473 -29.792307 -68.249977 30.930473 -29.792307 -68.250008 31.180498 -29.792305 -68.250008 31.180498 -29.792305 -68.249977 38.993015 -29.792246 -68.250008 39.020058 -29.792246 -68.250008 39.020058 -29.792246 -68.250000 38.993015 -29.792246 -68.250000 39.020058 -29.792246 -68.250008 39.028492 -29.792246 -68.499985 39.242920 -29.792244 -68.499985 39.242916 -29.792244 -68.250000 39.020058 -29.792246 -68.250000 31.180498 -29.792305 -68.250008 31.180490 -29.792305 -68.500015 31.180490 -29.792305 -68.500031 38.993000 -29.792246 -68.499985 38.993015 -29.792246 -68.250008 38.993015 -29.792246 -68.250000 31.180498 -29.792305 -68.249977 39.242916 -29.792244 -68.250000 39.242920 -29.792244 -68.499985 39.180443 -29.604757 -68.437492 39.180439 -29.604757 -68.312500 30.930372 -29.792307 -68.500031 30.930372 -29.792307 -68.249977 30.992910 -29.604765 -68.312492 30.992910 -29.604765 -68.437515 39.242989 -29.792255 -68.250008 39.020058 -29.792246 -68.250008 38.993015 -29.792246 -68.250008 38.867985 -30.854750 -68.125015 39.367973 -30.854752 -68.125008 38.867958 -30.854750 -68.625000 38.993000 -29.792246 -68.500000 38.993000 -29.792244 -68.500000 39.028492 -29.792246 -68.500000 39.242985 -29.792255 -68.500000 39.367970 -30.854752 -68.625000 39.028492 -29.792246 -68.500000 39.028492 -29.792246 -68.499985 39.020058 -29.792246 -68.250008 39.242989 -29.792255 -68.250008 39.242985 -29.792255 -68.500000 38.993000 -29.792244 -68.499985 39.028492 -29.792246 -68.499985 39.028492 -29.792246 -68.500000 38.993000 -29.792244 -68.500000 39.367973 -30.854752 -68.125008 38.867985 -30.854750 -68.125015 38.867958 -30.854750 -68.625000 39.367970 -30.854752 -68.625000 39.242985 -29.792255 -68.500000 39.242989 -29.792255 -68.250008 39.367973 -30.854752 -68.125008 39.367970 -30.854752 -68.625000 38.993000 -29.792246 -68.500000 38.993000 -29.792246 -68.499985 38.993000 -29.792244 -68.499985 38.993000 -29.792244 -68.500000 38.867985 -30.854750 -68.125015 38.993015 -29.792246 -68.250008 38.993000 -29.792246 -68.499985 38.993000 -29.792246 -68.500000 38.867958 -30.854750 -68.625000 31.180498 -29.792305 -68.250008 30.930473 -29.792307 -68.250008 30.805492 -30.854759 -68.125000 31.305483 -30.854759 -68.125000 30.805492 -30.854759 -68.625000 30.930473 -29.792307 -68.500015 31.180490 -29.792305 -68.500015 31.305468 -30.854759 -68.625000 31.180490 -29.792305 -68.500015 31.180498 -29.792305 -68.250008 31.305483 -30.854759 -68.125000 31.305468 -30.854759 -68.625000 30.805492 -30.854759 -68.125000 30.930473 -29.792307 -68.250008 30.930473 -29.792307 -68.500015 30.805492 -30.854759 -68.625000 42.399239 -37.729778 -75.156242 42.274227 -38.792259 -75.031242 42.774200 -38.792259 -75.031258 42.649239 -37.729794 -75.156242 42.649239 -37.729778 -75.156250 42.399242 -37.729755 -75.156242 42.274227 -38.792259 -75.531250 42.399242 -37.729771 -75.406242 42.566528 -37.729771 -75.406250 42.649239 -37.729778 -75.406250 42.774200 -38.792259 -75.531265 42.399242 -37.729755 -75.156250 42.399242 -37.729771 -75.156242 42.399239 -37.729778 -75.156242 42.399242 -37.729755 -75.156242 42.399242 -37.729771 -79.468742 42.399242 -37.729771 -79.718742 42.274227 -38.792259 -79.843750 42.274227 -38.792259 -79.343742 42.399239 -37.729778 -75.156242 42.399242 -37.729771 -75.156242 42.399242 -37.729771 -75.406242 42.274227 -38.792259 -75.531250 42.274227 -38.792259 -75.031242 42.649239 -37.729778 -79.718750 42.649239 -37.729778 -79.718750 42.649239 -37.729778 -79.468750 42.774200 -38.792259 -79.343758 42.774200 -38.792259 -79.843765 42.649239 -37.729794 -75.156242 42.649239 -37.729778 -75.156250 42.649239 -37.729778 -75.156250 42.649239 -37.729778 -75.406250 42.649239 -37.729778 -75.156250 42.649239 -37.729794 -75.156242 42.774200 -38.792259 -75.031258 42.774200 -38.792259 -75.531265 42.566528 -37.729771 -79.718750 42.566528 -37.729771 -79.468750 42.649239 -37.729778 -79.468750 42.649239 -37.729778 -79.718750 42.649239 -37.729778 -79.718750 42.566528 -37.729771 -75.406250 42.566528 -37.729771 -75.156250 42.649239 -37.729778 -75.156250 42.649239 -37.729778 -75.406250 42.649239 -37.729778 -75.156250 42.566528 -37.729771 -75.156250 42.399242 -37.729755 -75.156250 42.399242 -37.729755 -75.156242 42.649239 -37.729778 -75.156250 42.649239 -37.729778 -79.468750 42.566528 -37.729771 -79.468750 42.399242 -37.729771 -79.468742 42.274227 -38.792259 -79.343742 42.774200 -38.792259 -79.343758 42.274227 -38.792259 -79.843750 42.399242 -37.729771 -79.718742 42.566528 -37.729771 -79.718750 42.649239 -37.729778 -79.718750 42.774200 -38.792259 -79.843765 -9.006703 -29.193630 -69.241165 -9.006682 -29.193581 -69.241135 -9.006684 -29.360868 -69.055351 -9.069188 -29.485466 -69.197220 -9.069188 -29.374756 -69.320175 -9.006682 -29.193579 -69.241127 -9.006681 -29.360863 -69.055344 -9.006682 -29.360863 -69.055344 -9.006682 -29.193581 -69.241135 -9.006684 -29.360868 -69.055351 -9.006682 -29.360863 -69.055344 -9.006681 -29.360863 -69.055344 -9.006679 -32.079212 -66.036308 -9.006678 -32.246479 -65.850540 -9.006681 -32.246483 -65.850548 -9.069183 -32.344013 -66.022484 -9.069188 -29.485466 -69.197220 -9.006682 -29.193569 -69.241142 -9.006682 -29.193579 -69.241127 -9.006682 -29.193581 -69.241135 -9.006703 -29.193630 -69.241165 -9.194180 -32.343998 -66.022453 -9.256674 -32.246475 -65.850540 -9.256675 -32.079205 -66.036316 -9.256679 -29.360857 -69.055344 -9.256679 -29.193567 -69.241142 -9.194183 -29.374729 -69.320168 -9.194183 -29.374729 -69.320168 -9.069188 -29.374756 -69.320175 -9.069188 -29.485466 -69.197220 -9.069183 -32.344013 -66.022484 -9.194180 -32.343998 -66.022453 -9.256675 -32.079205 -66.036316 -9.061388 -32.079212 -66.036308 -9.006683 -32.079212 -66.036308 -9.006679 -32.079212 -66.036308 -9.006681 -29.360863 -69.055344 -9.006682 -29.360863 -69.055344 -9.090700 -29.360861 -69.055344 -9.256679 -29.360857 -69.055344 -9.006681 -29.360863 -69.055344 -9.006682 -29.193579 -69.241127 -9.006682 -29.360863 -69.055344 -9.025526 -29.193577 -69.241135 -9.006682 -29.193579 -69.241127 -9.006682 -29.193569 -69.241142 -9.234152 -29.193567 -69.241142 -9.006683 -32.079212 -66.036308 -9.006683 -32.246479 -65.850540 -9.006678 -32.246479 -65.850540 -9.006679 -32.079212 -66.036308 -9.256679 -29.360857 -69.055344 -9.090700 -29.360861 -69.055344 -9.025526 -29.193577 -69.241135 -9.234152 -29.193567 -69.241142 -9.256679 -29.193567 -69.241142 -9.256674 -32.246475 -65.850540 -9.080036 -32.246475 -65.850540 -9.061388 -32.079212 -66.036308 -9.256675 -32.079205 -66.036316 -9.006678 -32.246479 -65.850540 -9.006683 -32.246479 -65.850540 -9.006684 -32.246483 -65.850548 -9.006681 -32.246483 -65.850548 -9.069183 -32.344013 -66.022484 -9.006681 -32.246483 -65.850548 -9.006684 -32.246483 -65.850548 -9.080036 -32.246475 -65.850540 -9.256674 -32.246475 -65.850540 -9.194180 -32.343998 -66.022453 -9.256679 -29.193567 -69.241142 -9.234152 -29.193567 -69.241142 -9.006682 -29.193569 -69.241142 -9.006703 -29.193630 -69.241165 -9.069188 -29.374756 -69.320175 -9.194183 -29.374729 -69.320168 -9.006680 -32.246464 -65.850510 -9.006683 -32.246479 -65.850540 -9.006683 -32.079212 -66.036308 -8.881680 -31.205957 -65.418274 -8.881680 -31.540527 -65.046700 -9.006684 -32.246483 -65.850548 -9.006683 -32.246479 -65.850540 -9.006680 -32.246464 -65.850510 -9.006684 -32.246490 -65.850540 -9.061388 -32.079212 -66.036308 -9.080036 -32.246475 -65.850540 -9.231868 -32.246464 -65.850525 -9.256680 -32.246460 -65.850525 -9.256680 -32.079182 -66.036301 -9.231868 -32.246464 -65.850525 -9.080036 -32.246475 -65.850540 -9.006684 -32.246483 -65.850548 -9.006684 -32.246490 -65.850540 -9.006680 -32.246464 -65.850510 -8.881680 -31.540527 -65.046700 -9.381650 -31.540518 -65.046707 -9.256680 -32.246460 -65.850525 -9.231868 -32.246464 -65.850525 -9.006684 -32.246490 -65.850540 -8.881680 -31.205957 -65.418274 -9.006683 -32.079212 -66.036308 -9.061388 -32.079212 -66.036308 -9.256680 -32.079182 -66.036301 -9.381650 -31.205936 -65.418297 -9.006682 -29.193581 -69.241135 -9.006682 -29.193579 -69.241127 -9.006682 -29.360863 -69.055344 -9.006683 -29.360868 -69.055351 -9.006682 -29.360863 -69.055344 -9.006682 -29.193579 -69.241127 -8.881678 -28.320318 -68.623100 -8.881678 -28.654898 -68.251511 -9.006684 -29.360868 -69.055351 -9.006682 -29.193581 -69.241135 -9.006683 -29.360868 -69.055351 -9.256680 -29.193546 -69.241127 -9.025526 -29.193577 -69.241135 -9.090700 -29.360861 -69.055344 -9.256680 -29.360846 -69.055336 -9.006682 -29.360863 -69.055344 -9.006684 -29.360868 -69.055351 -9.006683 -29.360868 -69.055351 -9.090700 -29.360861 -69.055344 -9.006682 -29.360863 -69.055344 -8.881678 -28.654898 -68.251511 -9.381651 -28.654888 -68.251526 -9.256680 -29.360846 -69.055336 -8.881678 -28.320318 -68.623100 -9.006682 -29.193579 -69.241127 -9.025526 -29.193577 -69.241135 -9.256680 -29.193546 -69.241127 -9.381651 -28.320297 -68.623123 -9.006680 -19.386606 -80.132858 -9.006680 -19.553890 -79.947075 -9.006681 -19.553892 -79.947075 -9.006681 -19.386612 -80.132858 -9.069179 -16.682178 -83.416702 -9.006708 -16.501076 -83.337708 -9.006669 -16.500961 -83.337662 -9.006669 -16.500978 -83.337639 -9.006670 -16.668264 -83.151855 -9.006680 -19.386606 -80.132858 -9.006681 -19.386612 -80.132858 -9.006688 -19.386629 -80.132874 -9.069183 -19.540741 -80.241951 -9.006688 -19.386629 -80.132874 -9.006688 -19.553902 -79.947090 -9.069183 -19.651438 -80.119011 -9.069183 -19.540741 -80.241951 -9.194180 -19.651424 -80.118980 -9.256668 -19.553907 -79.947098 -9.256680 -19.553890 -79.947067 -9.256680 -19.553885 -79.947075 -9.256680 -19.386606 -80.132858 -9.256688 -16.668255 -83.151863 -9.256689 -16.500973 -83.337646 -9.256685 -16.500984 -83.337646 -9.194183 -16.682158 -83.416679 -9.194183 -16.682158 -83.416679 -9.069179 -16.682178 -83.416702 -9.069183 -19.540741 -80.241951 -9.069183 -19.651438 -80.119011 -9.194180 -19.651424 -80.118980 -9.256680 -19.386606 -80.132858 -9.256680 -19.553885 -79.947075 -9.188513 -19.553888 -79.947075 -9.208935 -19.386606 -80.132858 -9.188513 -19.553888 -79.947075 -9.256680 -19.553885 -79.947075 -9.256680 -19.553890 -79.947067 -9.153949 -19.553890 -79.947067 -9.006669 -16.500961 -83.337662 -9.227318 -16.500973 -83.337646 -9.006678 -16.500978 -83.337639 -9.006669 -16.500978 -83.337639 -9.256684 -16.500973 -83.337646 -9.256689 -16.500973 -83.337646 -9.256688 -16.668255 -83.151863 -9.256684 -16.668255 -83.151863 -9.006681 -19.553890 -79.947075 -9.006680 -19.553890 -79.947075 -9.006680 -19.386606 -80.132858 -9.006680 -19.386606 -80.132858 -9.006678 -16.500978 -83.337639 -9.006679 -16.668264 -83.151855 -9.006670 -16.668264 -83.151855 -9.006669 -16.500978 -83.337639 -9.208935 -19.386606 -80.132858 -9.006680 -19.386606 -80.132858 -9.006680 -19.386606 -80.132858 -9.006670 -16.668264 -83.151855 -9.006679 -16.668264 -83.151855 -9.256684 -16.668255 -83.151863 -9.256688 -16.668255 -83.151863 -9.256680 -19.386606 -80.132858 -9.256680 -19.553890 -79.947067 -9.256668 -19.553907 -79.947098 -9.163757 -19.553892 -79.947075 -9.153949 -19.553890 -79.947067 -9.006681 -19.553892 -79.947075 -9.006680 -19.553890 -79.947075 -9.006681 -19.553890 -79.947075 -9.069183 -19.651438 -80.119011 -9.006688 -19.553902 -79.947090 -9.163757 -19.553892 -79.947075 -9.256668 -19.553907 -79.947098 -9.194180 -19.651424 -80.118980 -9.193836 -16.500988 -83.337654 -9.227318 -16.500973 -83.337646 -9.006669 -16.500961 -83.337662 -9.006708 -16.501076 -83.337708 -9.256689 -16.500973 -83.337646 -9.256684 -16.500973 -83.337646 -9.256683 -16.500984 -83.337646 -9.256685 -16.500984 -83.337646 -9.256685 -16.500984 -83.337646 -9.256683 -16.500984 -83.337646 -9.193836 -16.500988 -83.337654 -9.006708 -16.501076 -83.337708 -9.069179 -16.682178 -83.416702 -9.194183 -16.682158 -83.416679 -9.256684 -19.386600 -80.132851 -9.256685 -19.553879 -79.947067 -9.381650 -18.847950 -79.143257 -9.381650 -18.513403 -79.514809 -9.163757 -19.553892 -79.947075 -9.006688 -19.553902 -79.947090 -9.006683 -19.553902 -79.947090 -9.006683 -19.553911 -79.947083 -9.208935 -19.386606 -80.132858 -9.188513 -19.553888 -79.947075 -9.256685 -19.553879 -79.947067 -9.256684 -19.386600 -80.132851 -9.006683 -19.553902 -79.947090 -9.006688 -19.553902 -79.947090 -9.006688 -19.386629 -80.132874 -9.006684 -19.386629 -80.132874 -9.006676 -19.553864 -79.947029 -9.153949 -19.553890 -79.947067 -9.163757 -19.553892 -79.947075 -9.006683 -19.553911 -79.947083 -9.256685 -19.553879 -79.947067 -9.188513 -19.553888 -79.947075 -9.153949 -19.553890 -79.947067 -9.006676 -19.553864 -79.947029 -8.881682 -18.847971 -79.143234 -9.381650 -18.847950 -79.143257 -8.881682 -18.847971 -79.143234 -9.006676 -19.553864 -79.947029 -9.006681 -19.553890 -79.947075 -9.006680 -19.386606 -80.132858 -8.881682 -18.513403 -79.514809 -9.006679 -16.668264 -83.151855 -9.006678 -16.500978 -83.337639 -8.881682 -15.627785 -82.719627 -8.881682 -15.962359 -82.348038 -9.006681 -19.386612 -80.132858 -9.006681 -19.553892 -79.947075 -9.006683 -19.553902 -79.947090 -9.006684 -19.386629 -80.132874 -9.006683 -19.553902 -79.947090 -9.006681 -19.553892 -79.947075 -9.006681 -19.553890 -79.947075 -9.006676 -19.553864 -79.947029 -9.006683 -19.553911 -79.947083 -9.381651 -15.627769 -82.719643 -9.256686 -16.500957 -83.337639 -9.256684 -16.500973 -83.337646 -9.256684 -16.668255 -83.151863 -9.381651 -15.962339 -82.348061 -9.256683 -16.500984 -83.337646 -9.256684 -16.500973 -83.337646 -9.256686 -16.500957 -83.337639 -9.256683 -16.500980 -83.337654 -9.256680 -32.079182 -66.036301 -9.256680 -32.246460 -65.850525 -9.381650 -31.540518 -65.046707 -9.381650 -31.205936 -65.418297 -9.381651 -28.320297 -68.623123 -9.256680 -29.193546 -69.241127 -9.256680 -29.360846 -69.055336 -9.381651 -28.654888 -68.251526 -9.193836 -16.500988 -83.337654 -9.256683 -16.500984 -83.337646 -9.256683 -16.500980 -83.337654 -9.256684 -16.668255 -83.151863 -9.006679 -16.668264 -83.151855 -8.881682 -15.962359 -82.348038 -9.381651 -15.962339 -82.348061 -9.256686 -16.500957 -83.337639 -9.227318 -16.500973 -83.337646 -9.193836 -16.500988 -83.337654 -9.256683 -16.500980 -83.337654 -8.881682 -15.627785 -82.719627 -9.006678 -16.500978 -83.337639 -9.227318 -16.500973 -83.337646 -9.256686 -16.500957 -83.337639 -9.381651 -15.627769 -82.719643 -13.975769 -19.651438 -80.119011 -14.038264 -19.553902 -79.947090 -14.038264 -19.386629 -80.132874 -13.975769 -19.540743 -80.241951 -14.038271 -19.553892 -79.947075 -14.038273 -19.553890 -79.947075 -14.038273 -19.386608 -80.132858 -14.038271 -19.386614 -80.132858 -13.975769 -19.540743 -80.241951 -14.038264 -19.386629 -80.132874 -14.038271 -19.386614 -80.132858 -14.038273 -19.386608 -80.132858 -14.038282 -16.668264 -83.151855 -14.038283 -16.500978 -83.337639 -14.038283 -16.500961 -83.337662 -14.038244 -16.501076 -83.337708 -13.975774 -16.682178 -83.416702 -13.850769 -16.682158 -83.416679 -13.788268 -16.500984 -83.337646 -13.788264 -16.500973 -83.337646 -13.788264 -16.668255 -83.151863 -13.788272 -19.386608 -80.132851 -13.788273 -19.553885 -79.947075 -13.788273 -19.553890 -79.947067 -13.788284 -19.553907 -79.947098 -13.850772 -19.651424 -80.118980 -13.850772 -19.651424 -80.118980 -13.975769 -19.651438 -80.119011 -13.975769 -19.540743 -80.241951 -13.975774 -16.682178 -83.416702 -13.850769 -16.682158 -83.416679 -13.788268 -16.668255 -83.151863 -14.038275 -16.668264 -83.151855 -14.038282 -16.668264 -83.151855 -14.038273 -19.386608 -80.132858 -14.038272 -19.386608 -80.132858 -13.836018 -19.386608 -80.132851 -13.788272 -19.386608 -80.132851 -13.788264 -16.668255 -83.151863 -14.038275 -16.668264 -83.151855 -14.038275 -16.500978 -83.337639 -14.038283 -16.500978 -83.337639 -14.038282 -16.668264 -83.151855 -13.788264 -16.500973 -83.337646 -13.788268 -16.500973 -83.337646 -13.788268 -16.668255 -83.151863 -13.788264 -16.668255 -83.151863 -14.038275 -16.500978 -83.337639 -13.817635 -16.500973 -83.337646 -14.038283 -16.500961 -83.337662 -14.038283 -16.500978 -83.337639 -13.788273 -19.553885 -79.947075 -13.788272 -19.386608 -80.132851 -13.836018 -19.386608 -80.132851 -13.856440 -19.553888 -79.947075 -13.788273 -19.553890 -79.947067 -13.788273 -19.553885 -79.947075 -13.856440 -19.553888 -79.947075 -13.891002 -19.553890 -79.947067 -14.038273 -19.386608 -80.132858 -14.038273 -19.553890 -79.947075 -14.038272 -19.553890 -79.947075 -14.038272 -19.386608 -80.132858 -14.038273 -19.553890 -79.947075 -14.038271 -19.553892 -79.947075 -14.038272 -19.553890 -79.947075 -14.038264 -19.553902 -79.947090 -13.975769 -19.651438 -80.119011 -13.850772 -19.651424 -80.118980 -13.788284 -19.553907 -79.947098 -13.881194 -19.553892 -79.947075 -13.881194 -19.553892 -79.947075 -13.788284 -19.553907 -79.947098 -13.788273 -19.553890 -79.947067 -13.891002 -19.553890 -79.947067 -14.038283 -16.500961 -83.337662 -13.817635 -16.500973 -83.337646 -13.851116 -16.500988 -83.337654 -14.038244 -16.501076 -83.337708 -13.975774 -16.682178 -83.416702 -14.038244 -16.501076 -83.337708 -13.851116 -16.500988 -83.337654 -13.788269 -16.500984 -83.337646 -13.788268 -16.500984 -83.337646 -13.850769 -16.682158 -83.416679 -13.788268 -16.500973 -83.337646 -13.788264 -16.500973 -83.337646 -13.788268 -16.500984 -83.337646 -13.788269 -16.500984 -83.337646 -13.663301 -18.847948 -79.143257 -13.788267 -19.553879 -79.947067 -13.788268 -19.386602 -80.132851 -13.663302 -18.513403 -79.514809 -13.788267 -19.553879 -79.947067 -13.856440 -19.553888 -79.947075 -13.836018 -19.386608 -80.132851 -13.788268 -19.386602 -80.132851 -14.038269 -19.553902 -79.947090 -14.038264 -19.553902 -79.947090 -13.881194 -19.553892 -79.947075 -14.038269 -19.553911 -79.947083 -14.038264 -19.386629 -80.132874 -14.038264 -19.553902 -79.947090 -14.038269 -19.553902 -79.947090 -14.038268 -19.386629 -80.132874 -14.163270 -18.847971 -79.143234 -14.038278 -19.553864 -79.947029 -13.891002 -19.553890 -79.947067 -13.856440 -19.553888 -79.947075 -13.788267 -19.553879 -79.947067 -13.663301 -18.847948 -79.143257 -13.881194 -19.553892 -79.947075 -13.891002 -19.553890 -79.947067 -14.038278 -19.553864 -79.947029 -14.038269 -19.553911 -79.947083 -9.006680 -19.386606 -80.132858 -9.208935 -19.386606 -80.132858 -9.256684 -19.386600 -80.132851 -9.381650 -18.513403 -79.514809 -8.881682 -18.513403 -79.514809 -14.038271 -19.386614 -80.132858 -14.038264 -19.386629 -80.132874 -14.038268 -19.386629 -80.132874 -13.788268 -19.386602 -80.132851 -13.836018 -19.386608 -80.132851 -14.038272 -19.386608 -80.132858 -14.163270 -18.513403 -79.514809 -13.663302 -18.513403 -79.514809 -9.006688 -19.386629 -80.132874 -9.006681 -19.386612 -80.132858 -9.006684 -19.386629 -80.132874 -14.038272 -19.386608 -80.132858 -14.038272 -19.553890 -79.947075 -14.038278 -19.553864 -79.947029 -14.163270 -18.847971 -79.143234 -14.163270 -18.513403 -79.514809 -14.038271 -19.553892 -79.947075 -14.038271 -19.386614 -80.132858 -14.038268 -19.386629 -80.132874 -14.038269 -19.553902 -79.947090 -14.163270 -15.627783 -82.719627 -14.038275 -16.500978 -83.337639 -14.038275 -16.668264 -83.151855 -14.163270 -15.962358 -82.348038 -14.038278 -19.553864 -79.947029 -14.038272 -19.553890 -79.947075 -14.038271 -19.553892 -79.947075 -14.038269 -19.553902 -79.947090 -14.038269 -19.553911 -79.947083 -13.788268 -16.668255 -83.151863 -13.788268 -16.500973 -83.337646 -13.788266 -16.500957 -83.337639 -13.663301 -15.627769 -82.719643 -13.663301 -15.962339 -82.348061 -13.788266 -16.500957 -83.337639 -13.788268 -16.500973 -83.337646 -13.788269 -16.500984 -83.337646 -13.788269 -16.500980 -83.337654 -13.788269 -16.500984 -83.337646 -13.851116 -16.500988 -83.337654 -13.788269 -16.500980 -83.337654 -14.163270 -15.962358 -82.348038 -14.038275 -16.668264 -83.151855 -13.788268 -16.668255 -83.151863 -13.663301 -15.962339 -82.348061 -13.788266 -16.500957 -83.337639 -13.817635 -16.500973 -83.337646 -14.038275 -16.500978 -83.337639 -14.163270 -15.627783 -82.719627 -13.663301 -15.627769 -82.719643 -13.851116 -16.500988 -83.337654 -13.817635 -16.500973 -83.337646 -13.788266 -16.500957 -83.337639 -13.788269 -16.500980 -83.337654 -50.625000 55.281250 -68.843750 -50.375000 54.656250 -68.593750 -50.375000 54.656250 -69.718750 -50.625000 55.281250 -69.468750 -51.500000 54.656250 -68.593750 -51.250000 55.281250 -68.843750 -51.250000 55.281250 -69.468750 -51.500000 54.656250 -69.718750 -50.375000 54.656250 -68.593750 -50.625000 55.281250 -68.843750 -51.250000 55.281250 -68.843750 -51.500000 54.656250 -68.593750 -50.625000 55.281250 -69.468750 -50.375000 54.656250 -69.718750 -51.500000 54.656250 -69.718750 -51.250000 55.281250 -69.468750 -46.212498 54.656250 -68.593750 -46.462498 54.031250 -68.843750 -46.462498 54.031250 -69.468750 -46.212498 54.656250 -69.718750 -51.250000 54.031250 -68.843750 -51.500000 54.656250 -68.593750 -51.500000 54.656250 -69.718750 -51.250000 54.031250 -69.468750 -46.462498 54.031250 -69.468750 -46.462498 54.031250 -68.843750 -51.250000 54.031250 -68.843750 -51.250000 54.031250 -69.468750 -50.375000 54.656250 -68.593750 -46.212498 54.656250 -68.593750 -46.212498 54.656250 -69.718750 -50.375000 54.656250 -69.718750 -46.462498 54.031250 -68.843750 -46.212498 54.656250 -68.593750 -50.375000 54.656250 -68.593750 -51.500000 54.656250 -68.593750 -51.250000 54.031250 -68.843750 -50.375000 54.656250 -69.718750 -46.212498 54.656250 -69.718750 -46.462498 54.031250 -69.468750 -51.250000 54.031250 -69.468750 -51.500000 54.656250 -69.718750 -50.375000 55.906250 -69.718750 -50.375000 55.906250 -68.593750 -50.625000 55.281250 -68.843750 -50.625000 55.281250 -69.468750 -51.250000 55.281250 -68.843750 -51.500000 55.906250 -68.593750 -51.500000 55.906250 -69.718750 -51.250000 55.281250 -69.468750 -50.625000 55.281250 -68.843750 -50.375000 55.906250 -68.593750 -51.500000 55.906250 -68.593750 -51.250000 55.281250 -68.843750 -51.500000 55.906250 -69.718750 -50.375000 55.906250 -69.718750 -50.625000 55.281250 -69.468750 -51.250000 55.281250 -69.468750 64.718750 -39.531250 -72.500000 64.718750 -52.500000 -72.500000 64.718750 -52.500000 -71.406250 64.718750 -39.531250 -71.406250 65.440331 -52.500000 -71.406250 65.440399 -39.531250 -71.406250 64.718750 -39.531250 -71.406250 64.718750 -52.500000 -71.406250 65.440399 -39.531250 -72.500000 65.440331 -52.500000 -72.500000 64.718750 -52.500000 -72.500000 64.718750 -39.531250 -72.500000 45.562500 -52.500000 -71.406250 45.562500 -52.500000 -72.437500 45.562500 -39.531250 -72.437500 45.562500 -39.531250 -71.343750 45.562500 -52.322994 -71.343750 45.562500 -52.500000 -71.343750 44.312500 -52.500000 -71.343750 44.312500 -46.291744 -71.343750 44.312500 -39.531250 -71.343750 44.312500 -39.531250 -72.437500 44.312500 -52.500000 -72.437500 65.440399 -39.531250 -71.406250 65.440399 -39.531250 -72.500000 64.718750 -39.531250 -72.500000 64.718750 -39.531250 -71.406250 45.562500 -39.531250 -72.437500 44.312500 -39.531250 -72.437500 44.312500 -39.531250 -71.343750 44.909084 -39.531250 -71.343750 44.940334 -39.531250 -71.343750 45.562500 -39.531250 -71.343750 44.312500 -52.500000 -72.437500 44.312500 -39.531250 -72.437500 45.562500 -39.531250 -72.437500 45.562500 -52.500000 -72.437500 45.546745 -39.979404 -68.406250 45.546745 -39.979404 -70.906250 64.709221 -39.979366 -70.906250 64.709221 -39.979366 -68.406250 64.709213 -51.698116 -70.906250 64.709213 -51.698116 -68.406250 64.709213 -52.323105 -68.406250 64.709213 -52.323105 -70.906250 45.546703 -51.698246 -68.406250 45.546703 -51.698246 -70.906250 45.546700 -52.322994 -70.906250 45.546700 -52.322994 -68.406250 45.546703 -51.698246 -70.906250 45.546703 -51.698246 -68.406250 64.709213 -51.698116 -68.406250 64.709213 -51.698116 -70.906250 64.709221 -39.979366 -68.406250 64.709221 -39.979366 -70.906250 64.709267 -51.698116 -70.906250 64.709267 -52.323105 -70.906250 64.709267 -52.323105 -68.406250 45.546612 -51.698246 -70.906250 45.546745 -39.979404 -70.906250 45.546745 -39.979404 -68.406250 45.546604 -52.322994 -68.406250 45.546604 -52.322994 -70.906250 44.940334 -39.354778 -68.406250 44.940334 -39.354439 -68.406250 44.940334 -39.354439 -70.906250 44.940311 -52.322990 -70.906250 44.940311 -52.322990 -68.406250 44.940334 -39.354439 -70.906250 44.940334 -39.354439 -71.343750 44.940334 -39.354778 -71.343750 44.940334 -39.531250 -71.343750 44.940311 -52.322990 -71.343750 44.940311 -52.322990 -70.906250 65.315628 -39.354740 -70.906250 65.315628 -39.354740 -68.406250 65.315628 -52.323109 -68.406250 65.315628 -52.323109 -70.906250 65.315628 -39.354740 -71.343750 65.315628 -39.354740 -70.906250 65.315628 -52.323109 -70.906250 65.315628 -52.323109 -71.343750 45.562500 -52.322994 -71.343750 65.315628 -52.323109 -71.343750 65.315628 -52.323109 -70.906250 64.709267 -52.323105 -70.906250 64.709213 -52.323105 -70.906250 45.546700 -52.322994 -70.906250 45.546604 -52.322994 -70.906250 44.940311 -52.322990 -70.906250 44.940311 -52.322990 -71.343750 65.315628 -52.323109 -70.906250 65.315628 -52.323109 -68.406250 64.709267 -52.323105 -68.406250 64.709267 -52.323105 -70.906250 44.940311 -52.322990 -68.406250 44.940311 -52.322990 -70.906250 45.546604 -52.322994 -70.906250 45.546604 -52.322994 -68.406250 45.546700 -52.322994 -68.406250 45.546700 -52.322994 -70.906250 64.709213 -52.323105 -70.906250 64.709213 -52.323105 -68.406250 44.949795 -39.354439 -68.406250 44.949795 -39.354439 -70.906250 44.940334 -39.354439 -70.906250 44.940334 -39.354439 -68.406250 44.949795 -39.354439 -70.906250 44.949795 -39.354439 -71.343750 44.940334 -39.354439 -71.343750 44.940334 -39.354439 -70.906250 25.140171 -32.041866 -68.406250 25.140171 -32.041866 -70.906250 44.302650 -32.041904 -70.906250 44.302650 -32.041904 -68.406250 25.140158 -46.291855 -68.406250 25.140160 -45.666866 -68.406250 25.140160 -45.666866 -70.906250 25.140158 -46.291855 -70.906250 44.302692 -45.666996 -70.906250 44.302692 -45.666996 -68.406250 44.302692 -46.291744 -68.406250 44.302692 -46.291744 -70.906250 25.140160 -45.666866 -70.906250 25.140160 -45.666866 -68.406250 44.302692 -45.666996 -68.406250 44.302692 -45.666996 -70.906250 25.140106 -45.666866 -70.906250 25.140171 -32.041866 -70.906250 25.140171 -32.041866 -68.406250 25.140104 -46.291855 -68.406250 25.140104 -46.291855 -70.906250 45.546703 -51.698246 -68.406250 45.546700 -52.322994 -68.406250 64.709213 -52.323105 -68.406250 64.709213 -51.698116 -68.406250 65.315628 -52.323109 -68.406250 65.315628 -39.354740 -68.406250 64.709221 -39.354740 -68.406250 64.709221 -39.979366 -68.406250 64.709267 -52.323105 -68.406250 44.909061 -31.417278 -68.406250 44.899593 -31.417278 -68.406250 44.302643 -31.417276 -68.406250 44.302650 -32.041904 -68.406250 44.302811 -46.291744 -68.406250 44.909103 -46.291740 -68.406250 44.899593 -31.416939 -68.406250 44.899593 -31.417278 -68.406250 44.909061 -31.417278 -68.406250 44.909061 -31.416939 -68.406250 64.709221 -39.354740 -68.406250 45.546753 -39.354778 -68.406250 45.546745 -39.979404 -68.406250 64.709221 -39.979366 -68.406250 44.940334 -39.354778 -68.406250 44.949795 -39.354778 -68.406250 44.949795 -39.354439 -68.406250 44.940334 -39.354439 -68.406250 25.140171 -32.041866 -68.406250 25.140175 -31.417240 -68.406250 24.533770 -31.417238 -68.406250 24.533770 -46.291859 -68.406250 25.140104 -46.291855 -68.406250 45.546745 -39.979404 -68.406250 45.546753 -39.354778 -68.406250 44.949795 -39.354778 -68.406250 44.940334 -39.354778 -68.406250 44.940311 -52.322990 -68.406250 45.546604 -52.322994 -68.406250 25.140160 -45.666866 -68.406250 25.140158 -46.291855 -68.406250 44.302692 -46.291744 -68.406250 44.302692 -45.666996 -68.406250 44.302643 -31.417276 -68.406250 25.140175 -31.417240 -68.406250 25.140171 -32.041866 -68.406250 44.302650 -32.041904 -68.406250 44.302650 -32.041904 -68.406250 44.302650 -32.041904 -70.906250 44.302807 -45.666996 -70.906250 44.302811 -46.291744 -70.906250 44.302811 -46.291744 -68.406250 45.562500 -52.500000 -71.343750 45.562500 -52.322994 -71.343750 44.940311 -52.322990 -71.343750 44.909119 -52.322990 -71.343750 44.909119 -52.500000 -71.343750 44.909103 -46.291740 -71.343750 44.909119 -52.322990 -71.343750 44.940311 -52.322990 -71.343750 44.940334 -39.531250 -71.343750 44.909084 -39.531250 -71.343750 44.909119 -52.322990 -71.343750 44.909103 -46.291740 -71.343750 44.312500 -46.291744 -71.343750 44.312500 -52.500000 -71.343750 44.909119 -52.500000 -71.343750 44.312500 -46.291744 -71.343750 25.218750 -46.291855 -71.343750 25.218750 -39.531250 -71.343750 44.312500 -39.531250 -71.343750 44.312500 -39.531250 -71.343750 25.218750 -39.531250 -71.343750 24.533770 -39.531250 -71.343750 24.533770 -31.417238 -71.343750 44.899593 -31.417278 -71.343750 44.909061 -31.417278 -71.343750 44.909084 -39.531250 -71.343750 44.909061 -31.417278 -71.343750 44.899593 -31.417278 -71.343750 44.899593 -31.416939 -71.343750 44.909061 -31.416939 -71.343750 44.949795 -39.354439 -71.343750 44.949795 -39.354778 -71.343750 44.940334 -39.354778 -71.343750 44.940334 -39.354439 -71.343750 45.562500 -39.531250 -71.343750 45.562500 -39.354778 -71.343750 65.315628 -39.354740 -71.343750 65.315628 -52.323109 -71.343750 45.562500 -52.322994 -71.343750 44.940334 -39.354778 -71.343750 44.949795 -39.354778 -71.343750 45.562500 -39.354778 -71.343750 45.562500 -39.531250 -71.343750 44.940334 -39.531250 -71.343750 44.909084 -39.531250 -71.343750 44.909061 -31.417278 -71.343750 44.909061 -31.416939 -71.343750 44.909061 -31.416939 -70.906250 44.909103 -46.291740 -70.906250 44.909103 -46.291740 -71.343750 44.909061 -31.416939 -70.906250 44.909061 -31.416939 -68.406250 44.909061 -31.417278 -68.406250 44.909103 -46.291740 -68.406250 44.909103 -46.291740 -70.906250 24.533770 -31.417238 -70.906250 24.533770 -31.417238 -71.343750 24.533770 -39.531250 -71.343750 24.533770 -46.291859 -71.343750 24.533770 -46.291859 -70.906250 24.533770 -31.417238 -68.406250 24.533770 -31.417238 -70.906250 24.533770 -46.291859 -70.906250 24.533770 -46.291859 -68.406250 24.533770 -46.291859 -68.406250 24.533770 -46.291859 -70.906250 25.140104 -46.291855 -70.906250 25.140104 -46.291855 -68.406250 44.302811 -46.291744 -70.906250 44.302692 -46.291744 -70.906250 25.140158 -46.291855 -70.906250 25.140104 -46.291855 -70.906250 24.533770 -46.291859 -70.906250 24.533770 -46.291859 -71.343750 25.218750 -46.291855 -71.343750 44.312500 -46.291744 -71.343750 44.909103 -46.291740 -71.343750 44.909103 -46.291740 -70.906250 25.140158 -46.291855 -68.406250 25.140158 -46.291855 -70.906250 44.302692 -46.291744 -70.906250 44.302692 -46.291744 -68.406250 44.909103 -46.291740 -68.406250 44.302811 -46.291744 -68.406250 44.302811 -46.291744 -70.906250 44.909103 -46.291740 -70.906250 44.899593 -31.416939 -71.343750 44.899593 -31.416939 -70.906250 44.909061 -31.416939 -70.906250 44.909061 -31.416939 -71.343750 44.899593 -31.416939 -70.906250 44.899593 -31.416939 -68.406250 44.909061 -31.416939 -68.406250 44.909061 -31.416939 -70.906250 45.546604 -52.322994 -70.906250 45.546700 -52.322994 -70.906250 45.546703 -51.698246 -70.906250 45.546612 -51.698246 -70.906250 64.709213 -52.323105 -70.906250 64.709267 -52.323105 -70.906250 64.709267 -51.698116 -70.906250 64.709213 -51.698116 -70.906250 25.140104 -46.291855 -70.906250 25.140158 -46.291855 -70.906250 25.140160 -45.666866 -70.906250 25.140106 -45.666866 -70.906250 44.302650 -32.041904 -70.906250 25.140171 -32.041866 -70.906250 25.140106 -45.666866 -70.906250 25.140160 -45.666866 -70.906250 44.302692 -45.666996 -70.906250 44.302807 -45.666996 -70.906250 64.709221 -39.979366 -70.906250 45.546745 -39.979404 -70.906250 45.546612 -51.698246 -70.906250 45.546703 -51.698246 -70.906250 64.709213 -51.698116 -70.906250 64.709267 -51.698116 -70.906250 44.302692 -46.291744 -70.906250 44.302811 -46.291744 -70.906250 44.302807 -45.666996 -70.906250 44.302692 -45.666996 -70.906250 8.843750 -17.182655 -72.849976 8.843750 -17.182688 -72.849937 -31.906250 -17.182688 -72.849937 -31.906250 -17.182686 -72.849937 -31.906250 -16.785141 -73.291458 8.843750 -16.785141 -73.291458 8.843750 -7.893443 -64.485878 -31.906250 -7.893443 -64.485878 -31.906250 -17.182688 -72.849937 8.843750 -17.182688 -72.849937 -31.906250 -16.785141 -73.291458 -31.906250 -7.495939 -64.927353 8.843750 -7.495939 -64.927353 8.843750 -16.785141 -73.291458</float_array>
          <technique_common>
            <accessor source="#Detail0-mesh-positions-array" count="7220" stride="3">
              <param name="X" type="float"/>
              <param name="Y" type="float"/>
              <param name="Z" type="float"/>
            </accessor>
          </technique_common>
        </source>
        <source id="Detail0-mesh-normals">
          <float_array id="Detail0-mesh-normals-array" count="21660">0.000000 -0.000000 1.000000 0.000000 -0.000000 1.000000 0.000000 -0.000000 1.000000 0.000000 -0.000000 1.000000 0.000000 -1.000000 0.000000 0.000000 -1.000000 0.000000 0.000000 -1.000000 0.000000 0.000000 -1.000000 0.000000 0.000000 1.000000 0.000000 0.000000 1.000000 0.000000 0.000000 1.000000 0.000000 0.000000 1.000000 0.000000 -1.000000 -0.000000 0.000000 -1.000000 -0.000000 0.000000 -1.000000 -0.000000 0.000000 -1.000000 -0.000000 0.000000 1.000000 -0.000000 0.000000 1.000000 -0.000000 0.000000 1.000000 -0.000000 0.000000 1.000000 -0.000000 0.000000 0.000000 -0.000000 -1.000000 0.000000 -0.000000 -1.000000 0.000000 -0.000000 -1.000000 0.000000 -0.000000 -1.000000 0.000000 -0.000000 -1.000000 0.000000 -0.000000 -1.000000 0.000000 -0.000000 -1.000000 0.000000 -0.000000 -1.000000 0.000000 -0.000000 -1.000000 0.000000 -0.000000 -1.000000 0.000000 -0.000000 -1.000000 0.000000 -0.000000 -1.000000 0.000000 -0.000000 -1.000000 0.000000 -0.000000 -1.000000 0.000000 -0.000000 -1.000000 0.000000 -0.000000 -1.000000 0.000000 -0.000000 -1.000000 0.000000 -0.000000 -1.000000 0.000000 -0.000000 -1.000000 0.000000 -0.000000 -1.000000 0.000000 -0.000000 -1.000000 0.000000 -0.000000 -1.000000 0.000000 -0.000000 -1.000000 0.000000 -0.000000 -1.000000 0.000000 -0.000000 -1.000000 0.000000 -0.000000 -1.000000 0.000000 -0.000000 -1.000000 0.000000 -0.000000 -1.000000 0.000000 -0.000000 -1.000000 0.000000 -0.000000 -1.000000 0.000000 -0.000000 -1.000000 0.000000 -0.000000 -1.000000 0.000000 -0.000000 -1.000000 0.000000 -0.000000 -1.000000 0.000000 -0.000000 -1.000000 0.000000 -0.000000 -1.000000 0.000000 -0.000000 -1.000000 0.000000 -0.000000 -1.000000 0.000000 -0.000000 -1.000000 0.000000 -0.000000 -1.000000 0.000000 -0.000000 -1.000000 0.000000 -0.000000 -1.000000 0.000000 -0.000000 -1.000000 0.000000 -0.000000 -1.000000 0.000000 -0.000000 -1.000000 0.000000 -0.000000 -1.000000 0.000000 -0.000000 -1.000000 0.000000 -0.000000 -1.000000 0.000000 -0.000000 -1.000000 0.000000 -0.000000 1.000000 0.000000 -0.000000 1.000000 0.000000 -0.000000 1.000000 0.000000 -0.000000 1.000000 0.000000 -0.000000 1.000000 0.000000 -0.000000 1.000000 0.000000 -0.000000 1.000000 0.000000 -1.000000 0.000000 0.000000 -1.000000 0.000000 0.000000 -1.000000 0.000000 0.000000 -1.000000 0.000000 0.000000 -1.000000 0.000000 0.000000 -1.000000 0.000000 0.000000 -1.000000 0.000000 0.000000 -1.000000 0.000000 0.000000 -1.000000 0.000000 1.000000 -0.000000 0.000000 1.000000 -0.000000 0.000000 1.000000 -0.000000 0.000000 1.000000 -0.000000 0.000000 -1.000000 -0.000000 0.000000 -1.000000 -0.000000 0.000000 -1.000000 -0.000000 0.000000 -1.000000 -0.000000 0.000000 1.000000 -0.000000 0.000000 1.000000 -0.000000 0.000000 1.000000 -0.000000 0.000000 1.000000 -0.000000 0.000000 1.000000 -0.000000 0.000000 1.000000 -0.000000 0.000000 1.000000 -0.000000 0.000000 1.000000 -0.000000 0.000000 0.000000 -1.000000 0.000000 0.000000 -1.000000 0.000000 0.000000 -1.000000 0.000000 0.000000 -1.000000 0.000000 0.000000 1.000000 0.000000 0.000000 1.000000 0.000000 0.000000 1.000000 0.000000 0.000000 1.000000 0.000000 -1.000000 -0.000000 0.000000 -1.000000 -0.000000 0.000000 -1.000000 -0.000000 0.000000 -1.000000 -0.000000 0.000000 0.000000 1.000000 0.000000 0.000000 1.000000 0.000000 0.000000 1.000000 0.000000 0.000000 1.000000 0.000000 -1.000000 -0.000000 0.000000 -1.000000 -0.000000 0.000000 -1.000000 -0.000000 0.000000 -1.000000 -0.000000 0.000000 -1.000000 -0.000000 0.000000 -1.000000 -0.000000 0.000000 -1.000000 -0.000000 0.000000 0.000000 -1.000000 0.000000 0.000000 -1.000000 0.000000 0.000000 -1.000000 0.000000 0.000000 -1.000000 0.000000 -1.000000 -0.000000 0.000000 -1.000000 -0.000000 0.000000 -1.000000 -0.000000 0.000000 -1.000000 -0.000000 0.000000 -1.000000 -0.000000 0.000000 -1.000000 -0.000000 0.000000 -1.000000 -0.000000 0.000000 -1.000000 -0.000000 0.000000 1.000000 -0.000000 0.000000 1.000000 -0.000000 0.000000 1.000000 -0.000000 0.000000 1.000000 -0.000000 0.000000 1.000000 -0.000000 0.000000 1.000000 -0.000000 0.000000 1.000000 -0.000000 0.000000 1.000000 -0.000000 0.000000 1.000000 -0.000000 0.000000 1.000000 -0.000000 0.000000 0.000000 1.000000 0.000000 0.000000 1.000000 0.000000 0.000000 1.000000 0.000000 0.000000 1.000000 0.000000 0.000000 1.000000 0.000000 0.000000 1.000000 0.000000 1.000000 -0.000000 0.000000 1.000000 -0.000000 0.000000 1.000000 -0.000000 0.000000 1.000000 -0.000000 0.000000 1.000000 -0.000000 0.000000 1.000000 -0.000000 0.000000 1.000000 -0.000000 0.000000 1.000000 -0.000000 0.000000 1.000000 -0.000000 0.000000 1.000000 -0.000000 0.000000 1.000000 -0.000000 0.000000 -1.000000 -0.000000 0.000000 -1.000000 -0.000000 0.000000 -1.000000 -0.000000 0.000000 -1.000000 -0.000000 0.000000 -1.000000 -0.000000 0.000000 -1.000000 -0.000000 0.000000 -1.000000 -0.000000 0.000000 -1.000000 -0.000000 0.000000 -1.000000 -0.000000 0.000000 -1.000000 -0.000000 0.000000 -1.000000 -0.000000 0.000000 -1.000000 -0.000000 0.000000 -1.000000 -0.000000 0.000000 -1.000000 -0.000000 0.000000 -1.000000 -0.000000 0.000000 -1.000000 -0.000000 0.000000 -1.000000 -0.000000 0.000000 -1.000000 -0.000000 0.000000 -1.000000 -0.000000 0.000000 -1.000000 -0.000000 0.000000 -1.000000 -0.000000 0.000000 -1.000000 -0.000000 0.000000 -1.000000 -0.000000 0.000000 1.000000 -0.000000 0.000000 1.000000 -0.000000 0.000000 1.000000 -0.000000 0.000000 1.000000 -0.000000 0.000000 1.000000 -0.000000 0.000000 1.000000 -0.000000 0.000000 1.000000 -0.000000 0.000000 1.000000 -0.000000 0.000000 1.000000 -0.000000 0.000000 1.000000 -0.000000 0.000000 1.000000 -0.000000 0.000000 1.000000 -0.000000 0.000000 1.000000 -0.000000 0.000000 1.000000 -0.000000 0.000000 1.000000 -0.000000 0.000000 1.000000 -0.000000 0.000000 1.000000 -0.000000 0.000000 1.000000 -0.000000 0.000000 1.000000 -0.000000 0.000000 1.000000 -0.000000 0.000000 1.000000 -0.000000 0.000000 1.000000 -0.000000 0.000000 0.000000 1.000000 0.000000 0.000000 1.000000 0.000000 0.000000 1.000000 0.000000 0.000000 1.000000 0.000000 0.000000 1.000000 0.000000 0.000000 1.000000 0.000000 0.000000 1.000000 0.000000 0.000000 1.000000 0.000000 -1.000000 -0.000000 0.000000 -1.000000 -0.000000 0.000000 -1.000000 -0.000000 0.000000 -1.000000 -0.000000 0.000000 -1.000000 -0.000000 0.000000 -1.000000 -0.000000 0.000000 -1.000000 -0.000000 0.000000 -1.000000 -0.000000 0.000000 -1.000000 -0.000000 0.000000 -1.000000 -0.000000 0.000000 -1.000000 -0.000000 0.000000 -1.000000 -0.000000 0.000000 -1.000000 -0.000000 0.000000 -1.000000 -0.000000 0.000000 -1.000000 -0.000000 0.000000 -1.000000 -0.000000 0.000000 -1.000000 -0.000000 0.000000 -1.000000 -0.000000 0.000000 -1.000000 -0.000000 0.000000 -1.000000 -0.000000 0.000000 -1.000000 -0.000000 0.000000 -1.000000 -0.000000 0.000000 -1.000000 -0.000000 0.000000 -1.000000 -0.000000 0.000000 -1.000000 -0.000000 0.000000 0.000000 -1.000000 0.000000 0.000000 -1.000000 0.000000 0.000000 -1.000000 0.000000 0.000000 -1.000000 0.000000 0.000000 -1.000000 0.000000 0.000000 -1.000000 0.000000 0.000000 -1.000000 0.000000 0.000000 -1.000000 0.000000 0.000000 -1.000000 0.000000 0.000000 -1.000000 0.000000 0.000000 -1.000000 0.000000 0.000000 -1.000000 0.000000 0.000000 -1.000000 0.000000 1.000000 -0.000000 0.000000 1.000000 -0.000000 0.000000 1.000000 -0.000000 0.000000 1.000000 -0.000000 0.000000 1.000000 -0.000000 0.000000 1.000000 -0.000000 0.000000 1.000000 -0.000000 0.000000 1.000000 -0.000000 0.000000 1.000000 -0.000000 0.000000 1.000000 -0.000000 0.000000 0.000000 -1.000000 0.000000 0.000000 -1.000000 0.000000 0.000000 -1.000000 0.000000 0.000000 -1.000000 0.000000 0.000000 -1.000000 0.000000 0.000000 -1.000000 0.000000 0.000000 -1.000000 0.000000 0.000000 -1.000000 0.000000 0.986394 0.164399 0.000000 0.986394 0.164399 0.000000 0.986394 0.164399 0.000000 0.986394 0.164399 0.000000 1.000000 -0.000000 0.000000 1.000000 -0.000000 0.000000 1.000000 -0.000000 0.000000 1.000000 -0.000000 0.000000 1.000000 -0.000000 0.000000 1.000000 -0.000000 0.000000 1.000000 -0.000000 0.000000 1.000000 -0.000000 0.000000 -0.996130 0.087894 0.000000 -0.996130 0.087894 0.000000 -0.996130 0.087894 0.000000 -0.996130 0.087894 0.000000 -0.029486 0.999565 0.000000 -0.029486 0.999565 0.000000 -0.029486 0.999565 0.000000 -0.029486 0.999565 0.000000 -0.029486 0.999565 0.000000 -0.029486 0.999565 0.000000 -0.029486 0.999565 0.000000 -0.029486 0.999565 0.000000 0.986394 0.164399 0.000000 0.986394 0.164399 0.000000 0.986394 0.164399 0.000000 0.986394 0.164399 0.000000 0.986394 0.164399 0.000000 0.986394 0.164399 0.000000 0.986394 0.164399 0.000000 0.986394 0.164399 0.000000 -0.011428 -0.999935 0.000000 -0.011428 -0.999935 0.000000 -0.011428 -0.999935 0.000000 -0.011428 -0.999935 0.000000 -0.011428 -0.999935 0.000000 -0.011428 -0.999935 0.000000 -0.011428 -0.999935 0.000000 -0.011428 -0.999935 0.000000 -1.000000 -0.000000 0.000000 -1.000000 -0.000000 0.000000 -1.000000 -0.000000 0.000000 -1.000000 -0.000000 0.000000 -1.000000 -0.000000 0.000000 -1.000000 -0.000000 0.000000 -1.000000 -0.000000 0.000000 -1.000000 -0.000000 0.000000 -1.000000 -0.000000 0.000000 -1.000000 -0.000000 0.000000 -1.000000 -0.000000 0.000000 -1.000000 -0.000000 0.000000 1.000000 -0.000000 0.000000 1.000000 -0.000000 0.000000 1.000000 -0.000000 0.000000 1.000000 -0.000000 0.000000 1.000000 -0.000000 0.000000 1.000000 -0.000000 0.000000 1.000000 -0.000000 0.000000 1.000000 -0.000000 0.000000 -0.996130 0.087894 0.000000 -0.996130 0.087894 0.000000 -0.996130 0.087894 0.000000 -0.996130 0.087894 0.000000 -0.029486 0.999565 0.000000 -0.029486 0.999565 0.000000 -0.029486 0.999565 0.000000 -0.029486 0.999565 0.000000 -0.029486 0.999565 0.000000 -0.029486 0.999565 0.000000 -0.029486 0.999565 0.000000 -0.029486 0.999565 0.000000 -1.000000 -0.000000 0.000000 -1.000000 -0.000000 0.000000 -1.000000 -0.000000 0.000000 -1.000000 -0.000000 0.000000 -1.000000 -0.000000 0.000000 -1.000000 -0.000000 0.000000 -1.000000 -0.000000 0.000000 -1.000000 -0.000000 0.000000 -0.011428 -0.999935 0.000000 -0.011428 -0.999935 0.000000 -0.011428 -0.999935 0.000000 -0.011428 -0.999935 0.000000 -0.011428 -0.999935 0.000000 -0.011428 -0.999935 0.000000 -0.011428 -0.999935 0.000000 -0.011428 -0.999935 0.000000 0.986394 0.164399 0.000000 0.986394 0.164399 0.000000 0.986394 0.164399 0.000000 0.986394 0.164399 0.000000 1.000000 -0.000000 0.000000 1.000000 -0.000000 0.000000 1.000000 -0.000000 0.000000 1.000000 -0.000000 0.000000 1.000000 -0.000000 0.000000 1.000000 -0.000000 0.000000 1.000000 -0.000000 0.000000 1.000000 -0.000000 0.000000 -0.996130 0.087894 0.000000 -0.996130 0.087894 0.000000 -0.996130 0.087894 0.000000 -0.996130 0.087894 0.000000 -0.029486 0.999565 0.000000 -0.029486 0.999565 0.000000 -0.029486 0.999565 0.000000 -0.029486 0.999565 0.000000 -0.029486 0.999565 0.000000 -0.029486 0.999565 0.000000 -0.029486 0.999565 0.000000 -0.029486 0.999565 0.000000 -1.000000 -0.000000 0.000000 -1.000000 -0.000000 0.000000 -1.000000 -0.000000 0.000000 -1.000000 -0.000000 0.000000 -1.000000 -0.000000 0.000000 -1.000000 -0.000000 0.000000 -1.000000 -0.000000 0.000000 -1.000000 -0.000000 0.000000 -0.011428 -0.999935 0.000000 -0.011428 -0.999935 0.000000 -0.011428 -0.999935 0.000000 -0.011428 -0.999935 0.000000 -0.011428 -0.999935 0.000000 -0.011428 -0.999935 0.000000 -0.011428 -0.999935 0.000000 -0.011428 -0.999935 0.000000 0.000000 1.000000 0.000000 0.000000 1.000000 0.000000 0.000000 1.000000 0.000000 0.000000 1.000000 0.000000 0.000000 1.000000 0.000000 0.000000 1.000000 0.000000 0.000000 1.000000 0.000000 0.000000 1.000000 0.000000 0.000000 1.000000 0.000000 0.000000 1.000000 0.000000 0.000000 1.000000 0.000000 0.000000 1.000000 0.000000 0.000000 -1.000000 0.000000 0.000000 -1.000000 0.000000 0.000000 -1.000000 0.000000 0.000000 -1.000000 0.000000 0.986394 0.164399 0.000000 0.986394 0.164399 0.000000 0.986394 0.164399 0.000000 0.986394 0.164399 0.000000 1.000000 -0.000000 0.000000 1.000000 -0.000000 0.000000 1.000000 -0.000000 0.000000 1.000000 -0.000000 0.000000 1.000000 -0.000000 0.000000 1.000000 -0.000000 0.000000 1.000000 -0.000000 0.000000 1.000000 -0.000000 0.000000 -0.996130 0.087894 0.000000 -0.996130 0.087894 0.000000 -0.996130 0.087894 0.000000 -0.996130 0.087894 0.000000 -0.029486 0.999565 0.000000 -0.029486 0.999565 0.000000 -0.029486 0.999565 0.000000 -0.029486 0.999565 0.000000 -0.029486 0.999565 0.000000 -0.029486 0.999565 0.000000 -0.029486 0.999565 0.000000 -0.029486 0.999565 0.000000 -1.000000 -0.000000 0.000000 -1.000000 -0.000000 0.000000 -1.000000 -0.000000 0.000000 -1.000000 -0.000000 0.000000 -1.000000 -0.000000 0.000000 -1.000000 -0.000000 0.000000 -1.000000 -0.000000 0.000000 -1.000000 -0.000000 0.000000 -0.011428 -0.999935 0.000000 -0.011428 -0.999935 0.000000 -0.011428 -0.999935 0.000000 -0.011428 -0.999935 0.000000 -0.011428 -0.999935 0.000000 -0.011428 -0.999935 0.000000 -0.011428 -0.999935 0.000000 -0.011428 -0.999935 0.000000 0.000000 -1.000000 0.000000 0.000000 -1.000000 0.000000 0.000000 -1.000000 0.000000 0.000000 -1.000000 0.000000 0.000000 -1.000000 0.000000 0.000000 -1.000000 0.000000 0.000000 -1.000000 0.000000 0.000000 -1.000000 0.000000 0.000000 1.000000 0.000000 0.000000 1.000000 0.000000 0.000000 1.000000 0.000000 0.000000 1.000000 0.000000 1.000000 -0.000000 0.000000 1.000000 -0.000000 0.000000 1.000000 -0.000000 0.000000 1.000000 -0.000000 0.000000 -1.000000 -0.000000 0.000000 -1.000000 -0.000000 0.000000 -1.000000 -0.000000 0.000000 -1.000000 -0.000000 0.000000 -0.188240 -0.982123 0.000000 -0.188240 -0.982123 0.000000 -0.188240 -0.982123 0.000000 -0.188240 -0.982123 0.000000 -0.976187 0.216930 0.000000 -0.976187 0.216930 0.000000 -0.976187 0.216930 0.000000 -0.976187 0.216930 0.000000 -0.998324 -0.057874 0.000000 -0.998324 -0.057874 0.000000 -0.998324 -0.057874 0.000000 -0.998324 -0.057874 0.000000 -0.998324 -0.057874 0.000000 -0.998324 -0.057874 0.000000 -0.998324 -0.057874 0.000000 -0.998324 -0.057874 0.000000 0.039340 0.999226 0.000000 0.039340 0.999226 0.000000 0.039340 0.999226 0.000000 0.039340 0.999226 0.000000 1.000000 -0.000000 0.000000 1.000000 -0.000000 0.000000 1.000000 -0.000000 0.000000 1.000000 -0.000000 0.000000 0.864789 0.502136 0.000000 0.864789 0.502136 0.000000 0.864789 0.502136 0.000000 0.864789 0.502136 0.000000 0.604056 0.796942 0.000000 0.604056 0.796942 0.000000 0.604056 0.796942 0.000000 0.604056 0.796942 0.000000 -0.999294 0.037581 0.000000 -0.999294 0.037581 0.000000 -0.999294 0.037581 0.000000 -0.999294 0.037581 0.000000 -0.056362 0.998410 0.000000 -0.056362 0.998410 0.000000 -0.056362 0.998410 0.000000 -0.056362 0.998410 0.000000 -0.056362 0.998410 0.000000 -0.056362 0.998410 0.000000 -0.056362 0.998410 0.000000 -0.056362 0.998410 0.000000 0.000000 -1.000000 0.000000 0.000000 -1.000000 0.000000 0.000000 -1.000000 0.000000 0.000000 -1.000000 0.000000 -0.000000 -1.000000 -0.000000 -0.000000 -1.000000 -0.000000 -0.000000 -1.000000 -0.000000 -0.000000 -1.000000 -0.000000 0.000000 1.000000 0.000000 0.000000 1.000000 0.000000 0.000000 1.000000 0.000000 0.000000 1.000000 0.000000 -0.032249 0.999480 0.000000 -0.032249 0.999480 0.000000 -0.032249 0.999480 0.000000 -0.032249 0.999480 0.000000 0.000000 -0.000000 1.000000 0.000000 -0.000000 1.000000 0.000000 -0.000000 1.000000 0.000000 -0.000000 1.000000 0.000000 -0.000000 1.000000 0.000000 -0.000000 1.000000 0.000000 -0.000000 1.000000 0.000000 -0.000000 1.000000 0.000000 -0.000000 1.000000 0.000000 -0.000000 1.000000 0.000000 -0.000000 1.000000 0.000000 -0.000000 1.000000 0.000000 -0.000000 1.000000 0.000000 -0.000000 1.000000 0.000000 -0.000000 1.000000 0.000000 -0.000000 1.000000 0.000000 -0.000000 1.000000 0.000000 -0.000000 1.000000 0.000000 -0.000000 1.000000 0.000000 -0.000000 1.000000 0.000000 -0.000000 1.000000 0.000000 -0.000000 1.000000 0.000000 -0.000000 1.000000 0.000000 -0.000000 1.000000 0.000000 -0.000000 1.000000 0.000000 -0.000000 1.000000 0.000000 -0.000000 1.000000 0.000000 -0.000000 1.000000 0.000000 -0.000000 1.000000 0.000000 -0.000000 1.000000 0.000000 -0.000000 1.000000 0.000000 -0.000000 1.000000 0.000000 -0.000000 1.000000 0.000000 -0.000000 1.000000 0.000000 -0.000000 1.000000 0.000000 -0.000000 1.000000 0.000000 -0.000000 1.000000 0.000000 -0.000000 1.000000 0.000000 -0.000000 1.000000 0.000000 -0.000000 1.000000 0.000000 -0.000000 1.000000 0.000000 -0.000000 1.000000 0.000000 -0.000000 1.000000 0.000000 -0.000000 1.000000 0.000000 -0.000000 1.000000 0.000000 -0.000000 1.000000 0.000000 -0.000000 1.000000 0.000000 -0.000000 1.000000 0.000000 -0.000000 1.000000 0.000000 -0.000000 1.000000 0.000000 -0.000000 1.000000 0.000000 -0.000000 1.000000 0.000000 -0.000000 1.000000 0.000000 -0.000000 1.000000 0.000000 -0.000000 1.000000 0.000000 -0.000000 1.000000 0.000000 -0.000000 1.000000 0.000000 -0.000000 1.000000 0.000000 -0.000000 1.000000 0.000000 -0.000000 1.000000 0.000000 -0.000000 1.000000 0.000000 -0.000000 1.000000 0.000000 -0.000000 1.000000 0.000000 -0.000000 1.000000 0.000000 -0.000000 1.000000 0.000000 -0.000000 1.000000 0.000000 -0.000000 1.000000 0.000000 -0.000000 1.000000 0.000000 -0.000000 1.000000 0.000000 -0.000000 1.000000 0.000000 -0.000000 1.000000 0.000000 -0.000000 1.000000 0.000000 -0.000000 1.000000 0.000000 -0.000000 1.000000 0.000000 -0.000000 1.000000 0.000000 -0.000000 1.000000 0.000000 -0.000000 1.000000 0.000000 -0.000000 1.000000 0.000000 -0.000000 1.000000 0.000000 -0.000000 1.000000 0.000000 -0.000000 1.000000 0.000000 -0.000000 1.000000 0.000000 -0.000000 1.000000 0.000000 -0.000000 1.000000 0.000000 -0.000000 1.000000 0.000000 -0.000000 1.000000 0.000000 -0.000000 1.000000 0.000000 -0.000000 1.000000 0.000000 -0.000000 1.000000 0.000000 -0.000000 1.000000 0.000000 -0.000000 1.000000 0.000000 -0.000000 1.000000 0.000000 -0.000000 1.000000 0.000000 -0.000000 1.000000 0.000000 -0.000000 1.000000 0.000000 -0.000000 1.000000 0.000000 -0.000000 1.000000 0.000000 -0.000000 1.000000 0.000000 -0.000000 1.000000 0.000000 -0.000000 1.000000 0.000000 -0.000000 1.000000 0.000000 -0.000000 1.000000 0.000000 -0.000000 1.000000 0.000000 -0.000000 1.000000 0.000000 -0.000000 1.000000 0.000000 -0.000000 1.000000 0.000000 -0.000000 1.000000 0.000000 -0.000000 1.000000 0.000000 -0.000000 1.000000 0.000000 -0.000000 1.000000 0.000000 -0.000000 1.000000 0.000000 -0.000000 1.000000 0.000000 -0.000000 1.000000 0.000000 -0.000000 1.000000 0.000000 -0.000000 1.000000 0.000000 -0.000000 1.000000 0.000000 -0.000000 1.000000 0.000000 -0.000000 1.000000 0.000000 -0.000000 1.000000 0.000000 -0.000000 1.000000 0.000000 -0.000000 1.000000 0.000000 -0.000000 1.000000 0.000000 -0.000000 1.000000 0.000000 -0.000000 1.000000 0.000000 -0.000000 1.000000 0.000000 -0.000000 1.000000 0.000000 -0.000000 1.000000 0.000000 -0.000000 1.000000 0.000000 -0.000000 1.000000 0.000000 -0.000000 1.000000 0.000000 -0.000000 1.000000 0.000000 -0.000000 1.000000 0.000000 -0.000000 1.000000 0.000000 -0.000000 1.000000 0.000000 -0.000000 1.000000 0.000000 -0.000000 1.000000 0.000000 -0.000000 1.000000 0.000000 -0.000000 1.000000 0.000000 -0.000000 1.000000 0.000000 -0.000000 1.000000 0.000000 -0.000000 1.000000 0.000000 -0.000000 1.000000 0.000000 -0.000000 1.000000 0.000000 -0.000000 1.000000 0.000000 -0.000000 1.000000 0.000000 -0.000000 1.000000 0.000000 -0.000000 1.000000 0.000000 -0.000000 1.000000 0.000000 -0.000000 1.000000 0.000000 -0.000000 1.000000 0.000000 -0.000000 1.000000 0.000000 -0.000000 1.000000 0.000000 -0.000000 1.000000 0.000000 -0.000000 1.000000 0.000000 -0.000000 1.000000 0.000000 -0.000000 1.000000 0.000000 -0.000000 1.000000 0.000000 -0.000000 1.000000 0.000000 -0.000000 1.000000 0.000000 -0.000000 1.000000 0.000000 -0.000000 1.000000 0.000000 -0.000000 1.000000 0.000000 -0.000000 1.000000 0.000000 -0.000000 1.000000 0.000000 -0.000000 1.000000 0.000000 -0.000000 1.000000 0.000000 -0.000000 1.000000 0.000000 -0.000000 1.000000 0.000000 -0.000000 1.000000 0.000000 -0.000000 1.000000 0.000000 -0.000000 1.000000 0.000000 -0.000000 1.000000 0.000000 -0.000000 1.000000 0.000000 -0.000000 1.000000 0.000000 -0.000000 1.000000 0.000000 -0.000000 1.000000 0.000000 -0.000000 1.000000 0.000000 -0.000000 1.000000 0.000000 -0.000000 1.000000 0.000000 -0.000000 1.000000 0.000000 -0.000000 1.000000 0.000000 -0.000000 1.000000 0.000000 -0.000000 1.000000 0.000000 -0.000000 1.000000 0.000000 -0.000000 1.000000 0.000000 -0.000000 1.000000 0.000000 -0.000000 1.000000 0.000000 -0.000000 1.000000 0.000000 -0.000000 1.000000 0.000000 -0.000000 1.000000 0.000000 -0.000000 1.000000 0.000000 -0.000000 1.000000 0.000000 -0.000000 1.000000 0.000000 -0.000000 1.000000 0.000000 -0.000000 1.000000 0.000000 -0.000000 1.000000 0.000000 -0.000000 1.000000 0.000000 -0.000000 1.000000 0.000000 -0.000000 1.000000 0.000000 -0.000000 1.000000 0.000000 -0.000000 1.000000 0.000000 -0.000000 1.000000 0.000000 -0.000000 1.000000 0.000000 -0.000000 1.000000 0.000000 -0.000000 1.000000 0.000000 -0.000000 1.000000 0.000000 -0.000000 1.000000 0.000000 -0.000000 1.000000 0.000000 -0.000000 1.000000 0.000000 -0.000000 1.000000 0.000000 -0.000000 1.000000 0.000000 -0.000000 1.000000 0.000000 -0.000000 1.000000 0.000000 -0.000000 1.000000 0.000000 -0.000000 1.000000 0.000000 -0.000000 1.000000 0.000000 -0.000000 1.000000 0.000000 -0.000000 1.000000 0.000000 -0.000000 1.000000 0.000000 -0.000000 1.000000 0.000000 -0.000000 1.000000 0.000000 -0.000000 1.000000 0.000000 -0.000000 1.000000 0.000000 -0.000000 1.000000 0.000000 -0.000000 1.000000 0.000000 -0.000000 1.000000 0.000000 -0.000000 1.000000 0.000000 -0.000000 1.000000 0.000000 -0.000000 1.000000 0.000000 -0.000000 1.000000 0.000000 -0.000000 1.000000 0.000000 -0.000000 1.000000 0.000000 -0.000000 1.000000 0.000000 -0.000000 1.000000 0.000000 -0.000000 1.000000 0.000000 -0.000000 1.000000 0.000000 -0.000000 1.000000 0.000000 -0.000000 1.000000 0.000000 -0.000000 1.000000 0.000000 -0.000000 1.000000 0.000000 -0.000000 1.000000 0.000000 -0.000000 1.000000 0.000000 -0.000000 1.000000 0.000000 -0.000000 1.000000 0.000000 -0.000000 1.000000 0.000000 -0.000000 1.000000 0.000000 -0.000000 1.000000 0.000000 -0.000000 1.000000 0.000000 -0.000000 1.000000 0.000000 -0.000000 1.000000 0.000000 -0.000000 1.000000 0.000000 -0.000000 1.000000 0.000000 -0.000000 1.000000 0.000000 -0.000000 1.000000 0.000000 -0.000000 1.000000 0.000000 -0.000000 1.000000 0.000000 -0.000000 1.000000 0.000000 -0.000000 1.000000 0.000000 -0.000000 1.000000 0.000000 -0.000000 1.000000 0.000000 -0.000000 1.000000 0.000000 -0.000000 1.000000 0.000000 -0.000000 1.000000 0.000000 -0.000000 1.000000 0.000000 -0.000000 1.000000 0.000000 -0.000000 1.000000 0.000000 -0.000000 1.000000 0.000000 -0.000000 1.000000 0.000000 -0.000000 1.000000 0.000000 -0.000000 1.000000 0.000000 -0.000000 1.000000 0.000000 -0.000000 1.000000 0.000000 -0.000000 1.000000 0.000000 -0.000000 1.000000 0.000000 -0.000000 1.000000 0.000000 -0.000000 1.000000 0.000000 -0.000000 1.000000 0.000000 -0.000000 1.000000 0.000000 -0.000000 1.000000 0.000000 -0.000000 1.000000 0.000000 -0.000000 1.000000 0.000000 -0.000000 1.000000 0.000000 -0.000000 1.000000 0.000000 -0.000000 1.000000 0.000000 -0.000000 1.000000 0.000000 -0.000000 1.000000 0.000000 -0.000000 1.000000 0.000000 -0.000000 1.000000 0.000000 -0.000000 1.000000 0.000000 -0.000000 1.000000 0.000000 -0.000000 1.000000 0.000000 -0.000000 1.000000 0.000000 -0.000000 1.000000 0.000000 -0.000000 1.000000 0.000000 -0.000000 1.000000 0.000000 -0.000000 1.000000 0.000000 -0.000000 1.000000 0.000000 -0.000000 1.000000 0.000000 -0.000000 1.000000 0.000000 -0.000000 1.000000 0.000000 -0.000000 1.000000 0.000000 -0.000000 1.000000 0.000000 -0.000000 1.000000 0.000000 -0.000000 1.000000 0.000000 -0.000000 1.000000 0.000000 -0.000000 1.000000 0.000000 -0.000000 1.000000 0.000000 -0.000000 1.000000 0.000000 -0.000000 1.000000 0.000000 -0.000000 1.000000 0.000000 -0.000000 1.000000 0.000000 -0.000000 -1.000000 0.000000 -0.000000 -1.000000 0.000000 -0.000000 -1.000000 0.000000 -0.000000 -1.000000 0.000000 -0.000000 -1.000000 0.000000 -0.000000 -1.000000 0.000000 -0.000000 -1.000000 0.000000 -0.000000 -1.000000 0.000000 -0.000000 -1.000000 0.000000 -0.000000 -1.000000 0.000000 -0.000000 -1.000000 0.000000 -0.000000 -1.000000 0.000000 -0.000000 -1.000000 0.000000 -0.000000 -1.000000 0.000000 -0.000000 -1.000000 0.000000 -0.000000 -1.000000 0.000000 -0.000000 -1.000000 0.000000 -0.000000 -1.000000 0.000000 -0.000000 -1.000000 0.000000 -0.000000 -1.000000 0.000000 -0.000000 -1.000000 0.000000 -0.000000 -1.000000 0.000000 -0.000000 -1.000000 0.000000 -0.000000 -1.000000 0.000000 -0.000000 -1.000000 0.000000 -0.000000 -1.000000 0.000000 -0.000000 -1.000000 0.000000 -0.000000 -1.000000 0.000000 -0.000000 -1.000000 0.000000 -0.000000 -1.000000 0.000000 -0.000000 -1.000000 0.000000 -0.000000 -1.000000 0.000000 -0.000000 -1.000000 0.000000 -0.000000 -1.000000 0.000000 -0.000000 -1.000000 0.000000 -0.000000 -1.000000 0.000000 -0.000000 -1.000000 0.000000 -0.000000 -1.000000 0.000000 -0.000000 -1.000000 0.000000 -0.000000 -1.000000 0.000000 -0.000000 -1.000000 0.000000 -0.000000 -1.000000 0.000000 -0.000000 -1.000000 0.000000 -0.000000 -1.000000 0.000000 -0.000000 -1.000000 0.000000 -0.000000 -1.000000 0.000000 -0.000000 -1.000000 0.000000 -0.000000 -1.000000 0.000000 -0.000000 -1.000000 0.000000 -0.000000 -1.000000 0.000000 -0.000000 -1.000000 0.000000 -0.000000 -1.000000 0.000000 -0.000000 -1.000000 0.000000 -0.000000 -1.000000 0.000000 -0.000000 -1.000000 0.000000 -0.000000 -1.000000 0.000000 -0.000000 -1.000000 0.000000 -0.000000 -1.000000 0.000000 -0.000000 -1.000000 0.000000 -0.000000 -1.000000 0.000000 -0.000000 -1.000000 0.000000 -0.000000 -1.000000 0.000000 -0.000000 -1.000000 0.000000 -0.000000 -1.000000 0.000000 -0.000000 -1.000000 0.000000 -0.000000 -1.000000 0.000000 -0.000000 -1.000000 0.000000 -0.000000 -1.000000 0.000000 -0.000000 -1.000000 0.000000 -0.000000 -1.000000 0.000000 -0.000000 -1.000000 0.000000 -0.000000 -1.000000 0.000000 -0.000000 -1.000000 0.000000 -0.000000 -1.000000 0.000000 -0.000000 -1.000000 0.000000 -0.000000 -1.000000 0.000000 -0.000000 -1.000000 0.000000 -0.000000 -1.000000 0.000000 -0.000000 -1.000000 0.000000 -0.000000 -1.000000 0.000000 -0.000000 -1.000000 0.000000 -0.000000 -1.000000 0.000000 -0.000000 -1.000000 0.000000 -0.000000 -1.000000 0.000000 -0.000000 -1.000000 0.000000 -0.000000 -1.000000 0.000000 -0.000000 -1.000000 0.000000 -0.000000 -1.000000 0.000000 -0.000000 -1.000000 0.000000 -0.000000 -1.000000 0.000000 -0.000000 -1.000000 0.000000 -0.000000 -1.000000 0.000000 -0.000000 -1.000000 0.000000 -0.000000 -1.000000 0.000000 -0.000000 -1.000000 0.000000 -0.000000 -1.000000 0.000000 -0.000000 -1.000000 0.000000 -0.000000 -1.000000 0.000000 -0.000000 -1.000000 0.000000 -0.000000 -1.000000 0.000000 -0.000000 -1.000000 0.000000 -0.000000 -1.000000 0.000000 -0.000000 -1.000000 0.000000 -0.000000 -1.000000 0.000000 -0.000000 -1.000000 0.000000 -0.000000 -1.000000 0.000000 -0.000000 -1.000000 0.000000 -0.000000 -1.000000 0.000000 -0.000000 -1.000000 0.000000 -0.000000 -1.000000 0.000000 -0.000000 -1.000000 0.000000 -0.000000 -1.000000 0.000000 -0.000000 -1.000000 0.000000 -0.000000 -1.000000 0.000000 -0.000000 -1.000000 0.000000 -0.000000 -1.000000 0.000000 -0.000000 -1.000000 0.000000 -0.000000 -1.000000 0.000000 -0.000000 -1.000000 0.000000 -0.000000 -1.000000 0.000000 -0.000000 -1.000000 0.000000 -0.000000 -1.000000 0.000000 -0.000000 -1.000000 0.000000 -0.000000 -1.000000 0.000000 -0.000000 -1.000000 0.000000 -0.000000 -1.000000 0.000000 -0.000000 -1.000000 0.000000 -0.000000 -1.000000 0.000000 -0.000000 -1.000000 0.000000 -0.000000 -1.000000 0.000000 -0.000000 -1.000000 0.000000 -0.000000 -1.000000 0.000000 -0.000000 -1.000000 0.000000 -0.000000 -1.000000 0.000000 -0.000000 -1.000000 0.000000 -0.000000 -1.000000 0.000000 -0.000000 -1.000000 0.000000 -0.000000 -1.000000 0.000000 -0.000000 -1.000000 0.000000 -0.000000 -1.000000 0.000000 -0.000000 -1.000000 0.000000 -0.000000 -1.000000 0.000000 -0.000000 -1.000000 0.000000 -0.000000 -1.000000 0.000000 -0.000000 -1.000000 0.000000 -0.000000 -1.000000 0.000000 -0.000000 -1.000000 0.000000 -0.000000 -1.000000 0.000000 -0.000000 -1.000000 0.000000 -0.000000 -1.000000 0.000000 -0.000000 -1.000000 0.000000 -0.000000 -1.000000 0.000000 -0.000000 -1.000000 0.000000 -0.000000 -1.000000 0.000000 -0.000000 -1.000000 0.000000 -0.000000 -1.000000 0.000000 -0.000000 -1.000000 0.000000 -0.000000 -1.000000 0.000000 -0.000000 -1.000000 0.000000 -0.000000 -1.000000 0.000000 -0.000000 -1.000000 0.000000 -0.000000 -1.000000 0.000000 -0.000000 -1.000000 0.000000 -0.000000 -1.000000 0.000000 -0.000000 -1.000000 0.000000 -0.000000 -1.000000 0.000000 -0.000000 -1.000000 0.000000 -0.000000 -1.000000 0.000000 -0.000000 -1.000000 0.000000 -0.000000 -1.000000 0.000000 -0.000000 -1.000000 0.000000 -0.000000 -1.000000 0.000000 -0.000000 -1.000000 0.000000 -0.000000 -1.000000 0.000000 -0.000000 -1.000000 0.000000 -0.000000 -1.000000 0.000000 -0.000000 -1.000000 0.000000 -0.000000 -1.000000 0.000000 -0.000000 -1.000000 0.000000 -0.000000 -1.000000 0.000000 -0.000000 -1.000000 0.000000 -0.000000 -1.000000 0.000000 -0.000000 -1.000000 0.000000 -0.000000 -1.000000 0.000000 -0.000000 -1.000000 0.000000 -0.000000 -1.000000 0.000000 -0.000000 -1.000000 0.000000 -0.000000 -1.000000 0.000000 -0.000000 -1.000000 0.000000 -0.000000 -1.000000 0.000000 -0.000000 -1.000000 0.000000 -0.000000 -1.000000 0.000000 -0.000000 -1.000000 0.000000 -0.000000 -1.000000 0.000000 -0.000000 -1.000000 0.000000 -0.000000 -1.000000 0.000000 -0.000000 -1.000000 0.000000 -0.000000 -1.000000 0.000000 -0.000000 -1.000000 0.000000 -0.000000 -1.000000 0.000000 -0.000000 -1.000000 0.000000 -0.000000 -1.000000 0.000000 -0.000000 -1.000000 0.000000 -0.000000 -1.000000 0.000000 -0.000000 -1.000000 0.000000 -0.000000 -1.000000 0.000000 -0.000000 -1.000000 0.000000 -0.000000 -1.000000 0.000000 -0.000000 -1.000000 0.000000 -0.000000 -1.000000 0.000000 -0.000000 -1.000000 0.000000 -0.000000 -1.000000 0.000000 -0.000000 -1.000000 0.000000 -0.000000 -1.000000 0.000000 -0.000000 -1.000000 0.000000 -0.000000 -1.000000 0.000000 -0.000000 -1.000000 0.000000 -0.000000 -1.000000 0.000000 -0.000000 -1.000000 0.000000 -0.000000 -1.000000 0.000000 -0.000000 -1.000000 0.000000 -0.000000 -1.000000 0.000000 -0.000000 -1.000000 0.000000 -0.000000 -1.000000 0.000000 -0.000000 -1.000000 0.000000 -0.000000 -1.000000 0.000000 -0.000000 -1.000000 0.000000 -0.000000 -1.000000 0.000000 -0.000000 -1.000000 0.000000 -0.000000 -1.000000 0.000000 -0.000000 -1.000000 0.000000 -0.000000 -1.000000 0.000000 -0.000000 -1.000000 0.000000 -0.000000 -1.000000 0.000000 -0.000000 -1.000000 0.000000 -0.000000 -1.000000 0.000000 -0.000000 -1.000000 0.000000 -0.000000 -1.000000 0.000000 -0.000000 -1.000000 0.000000 -0.000000 -1.000000 0.000000 -0.000000 -1.000000 0.000000 -0.000000 -1.000000 0.000000 -0.000000 -1.000000 0.000000 -0.000000 -1.000000 0.000000 -0.000000 -1.000000 0.000000 -0.000000 -1.000000 0.000000 -0.000000 -1.000000 0.000000 -0.000000 -1.000000 0.000000 -0.000000 -1.000000 0.000000 -0.000000 -1.000000 0.000000 -0.000000 -1.000000 0.000000 -0.000000 -1.000000 0.000000 -0.000000 -1.000000 0.000000 -0.000000 -1.000000 0.000000 -0.000000 -1.000000 0.000000 -0.000000 -1.000000 0.000000 -0.000000 -1.000000 0.000000 -0.000000 -1.000000 0.000000 -0.000000 -1.000000 0.000000 -0.000000 -1.000000 0.000000 -0.000000 -1.000000 0.000000 -0.000000 -1.000000 0.000000 -0.000000 -1.000000 0.000000 -0.000000 -1.000000 0.000000 -0.000000 -1.000000 0.000000 -0.000000 -1.000000 0.000000 -0.000000 -1.000000 0.000000 -0.000000 -1.000000 0.000000 -0.000000 -1.000000 0.000000 -0.000000 -1.000000 0.000000 -0.000000 -1.000000 0.000000 -0.000000 -1.000000 0.000000 -0.000000 -1.000000 0.000000 -0.000000 -1.000000 0.000000 -0.000000 -1.000000 0.000000 -0.000000 -1.000000 0.000000 -0.000000 -1.000000 0.000000 -0.000000 -1.000000 0.000000 -0.000000 -1.000000 0.000000 -0.000000 -1.000000 0.000000 -0.000000 -1.000000 0.000000 -0.000000 -1.000000 0.000000 -0.000000 -1.000000 0.000000 -0.000000 -1.000000 0.000000 -0.000000 -1.000000 0.000000 -0.000000 -1.000000 0.000000 -0.000000 -1.000000 0.000000 -0.000000 -1.000000 0.000000 -0.000000 -1.000000 0.000000 -0.000000 -1.000000 0.000000 -0.000000 -1.000000 0.000000 -0.000000 -1.000000 0.000000 -0.000000 -1.000000 0.000000 -0.000000 -1.000000 0.000000 -0.000000 -1.000000 0.000000 -0.000000 -1.000000 0.000000 -0.000000 -1.000000 0.000000 -0.000000 -1.000000 0.000000 -0.000000 -1.000000 0.000000 -0.000000 -1.000000 0.000000 -0.000000 -1.000000 0.000000 -0.000000 -1.000000 0.000000 -0.000000 -1.000000 0.000000 -0.000000 -1.000000 0.000000 -0.000000 -1.000000 0.000000 -0.000000 -1.000000 0.000000 -0.000000 -1.000000 0.000000 -0.000000 -1.000000 0.000000 -0.000000 -1.000000 0.000000 -0.000000 -1.000000 0.000000 -0.000000 -1.000000 0.000000 -0.000000 -1.000000 0.000000 -0.000000 -1.000000 0.000000 -0.000000 -1.000000 0.000000 -0.000000 -1.000000 0.000000 -0.000000 -1.000000 0.000000 -0.000000 -1.000000 0.000000 -0.000000 -1.000000 0.000000 -0.000000 -1.000000 0.000000 -0.000000 -1.000000 0.000000 -0.000000 -1.000000 0.000000 -0.000000 -1.000000 0.000000 -0.000000 -1.000000 0.000000 -0.000000 -1.000000 0.000000 -0.000000 -1.000000 0.000000 -0.000000 -1.000000 0.000000 -0.000000 -1.000000 0.000000 -0.000000 -1.000000 0.000000 -0.000000 -1.000000 0.000000 -0.000000 -1.000000 0.000000 -0.000000 -1.000000 0.000000 -0.000000 -1.000000 0.000000 -0.000000 -1.000000 0.000000 -0.000000 -1.000000 0.000000 -0.000000 -1.000000 0.000000 -0.000000 -1.000000 0.000000 -0.000000 -1.000000 0.000000 -0.000000 -1.000000 0.000000 -0.000000 -1.000000 0.000000 -0.000000 -1.000000 0.000000 -0.000000 -1.000000 0.000000 -0.000000 -1.000000 0.000000 -0.000000 -1.000000 0.000000 -0.000000 -1.000000 0.000000 -0.000000 -1.000000 0.000000 -0.000000 -1.000000 0.000000 -0.000000 -1.000000 0.000000 -0.000000 -1.000000 0.000000 -0.000000 -1.000000 0.000000 -0.000000 -1.000000 0.000000 -0.000000 -1.000000 0.000000 -0.000000 -1.000000 0.000000 -0.000000 -1.000000 0.000000 -0.000000 -1.000000 0.000000 -0.000000 -1.000000 0.000000 -0.000000 -1.000000 0.000000 -0.000000 -1.000000 0.000000 -0.000000 -1.000000 0.000000 -0.000000 -1.000000 0.000000 -0.000000 -1.000000 0.000000 -0.000000 -1.000000 0.000000 -0.000000 -1.000000 0.000000 -0.000000 -1.000000 0.000000 -0.000000 -1.000000 0.000000 -0.000000 -1.000000 0.000000 -0.000000 -1.000000 0.000000 -0.000000 -1.000000 0.000000 -0.000000 -1.000000 0.000000 -0.000000 -1.000000 0.000000 -0.000000 -1.000000 0.000000 -0.000000 -1.000000 0.000000 -0.000000 -1.000000 0.000000 -0.000000 -1.000000 0.000000 -0.000000 -1.000000 0.000000 -0.000000 -1.000000 0.000000 -0.000000 -1.000000 0.000000 -0.000000 -1.000000 0.000000 -0.000000 -1.000000 0.000000 -0.000000 -1.000000 0.000000 -0.000000 -1.000000 0.000000 -0.000000 -1.000000 0.000000 -0.000000 -1.000000 0.000000 -0.000000 -1.000000 0.000000 -0.000000 -1.000000 0.000000 -0.000000 -1.000000 0.000000 -0.000000 -1.000000 0.000000 -0.000000 -1.000000 0.000000 -0.000000 -1.000000 0.000000 -0.000000 -1.000000 0.000000 -0.000000 -1.000000 0.000000 -0.000000 -1.000000 0.000000 -0.000000 -1.000000 0.000000 -0.000000 -1.000000 0.000000 -0.000000 -1.000000 0.000000 -0.000000 -1.000000 0.000000 -0.000000 -1.000000 0.000000 -0.000000 -1.000000 0.000000 -0.000000 -1.000000 0.000000 -0.000000 -1.000000 0.000000 -0.000000 -1.000000 0.000000 -0.000000 -1.000000 0.000000 -0.000000 -1.000000 0.000000 -0.000000 -1.000000 0.000000 -0.000000 -1.000000 0.000000 -0.000000 -1.000000 0.000000 -0.000000 -1.000000 0.000000 -0.000000 -1.000000 0.000000 -0.000000 -1.000000 0.000000 -0.000000 -1.000000 0.000000 -0.000000 -1.000000 0.000000 -0.000000 -1.000000 0.000000 -0.000000 -1.000000 0.000000 -0.000000 -1.000000 0.000000 -0.000000 -1.000000 0.000000 -0.000000 -1.000000 0.000000 -0.000000 -1.000000 0.000000 -0.000000 -1.000000 0.000000 -0.000000 -1.000000 0.000000 -0.000000 -1.000000 0.000000 -0.000000 -1.000000 0.000000 -0.000000 -1.000000 0.000000 -0.000000 -1.000000 0.000000 -0.000000 -1.000000 0.000000 -0.000000 -1.000000 0.000000 -0.000000 -1.000000 0.000000 -0.000000 -1.000000 0.000000 -0.000000 -1.000000 0.000000 -0.000000 -1.000000 0.000000 -0.000000 -1.000000 0.000000 -0.000000 -1.000000 0.000000 -0.000000 -1.000000 0.000000 -0.000000 -1.000000 0.000000 -0.000000 -1.000000 0.000000 -0.000000 -1.000000 0.000000 -0.000000 -1.000000 0.000000 -0.000000 -1.000000 0.000000 -0.000000 -1.000000 0.000000 -0.000000 -1.000000 0.000000 -0.000000 -1.000000 0.000000 -0.000000 -1.000000 0.000000 -0.000000 -1.000000 0.000000 -1.000000 0.000000 0.000000 -1.000000 0.000000 0.000000 -1.000000 0.000000 0.000000 -1.000000 0.000000 -0.000000 1.000000 -0.000000 -0.000000 1.000000 -0.000000 -0.000000 1.000000 -0.000000 -0.000000 1.000000 -0.000000 -0.000000 1.000000 -0.000000 -1.000000 -0.000000 0.000000 -1.000000 -0.000000 0.000000 -1.000000 -0.000000 0.000000 -1.000000 -0.000000 0.000000 -1.000000 -0.000000 0.000000 0.000000 -1.000000 0.000000 0.000000 -1.000000 0.000000 0.000000 -1.000000 0.000000 0.000000 -1.000000 0.000000 0.000000 -1.000000 0.000000 0.000000 -1.000000 0.000000 0.000000 -0.000000 1.000000 0.000000 -0.000000 1.000000 0.000000 -0.000000 1.000000 0.000000 -0.000000 1.000000 0.000000 -0.000000 1.000000 0.000000 -0.000000 1.000000 0.000000 -0.000000 1.000000 -0.000000 0.000000 -1.000000 -0.000000 0.000000 -1.000000 -0.000000 0.000000 -1.000000 -0.000000 0.000000 -1.000000 -0.000000 0.000000 -1.000000 -0.000000 0.000000 -1.000000 -0.000000 0.000000 -1.000000 -0.000000 0.000000 -1.000000 -0.000000 0.000000 -1.000000 -0.000000 0.000000 -1.000000 -0.000000 0.000000 -1.000000 -0.000000 0.000000 -1.000000 -0.000000 0.000000 -1.000000 -0.000000 0.000000 -1.000000 -0.000000 0.000000 -1.000000 -0.000000 0.000000 -1.000000 -0.000000 0.000000 -1.000000 0.000000 1.000000 0.000000 0.000000 1.000000 0.000000 0.000000 1.000000 0.000000 0.000000 1.000000 0.000000 0.000000 1.000000 0.000000 0.000000 1.000000 0.000000 0.000000 1.000000 0.000000 0.000000 1.000000 0.000000 0.000000 1.000000 0.000000 1.000000 -0.000000 0.000000 1.000000 -0.000000 0.000000 1.000000 -0.000000 0.000000 1.000000 -0.000000 0.000000 1.000000 -0.000000 0.000000 1.000000 -0.000000 0.000000 1.000000 -0.000000 0.000000 1.000000 -0.000000 0.000000 1.000000 -0.000000 0.000000 1.000000 -0.000000 0.000000 0.000000 -1.000000 0.000000 0.000000 -1.000000 0.000000 0.000000 -1.000000 0.000000 0.000000 -1.000000 0.000000 1.000000 -0.000000 0.000000 1.000000 -0.000000 0.000000 1.000000 -0.000000 0.000000 1.000000 -0.000000 0.000000 1.000000 -0.000000 0.000000 1.000000 -0.000000 0.000000 1.000000 -0.000000 0.000000 1.000000 -0.000000 0.000000 -1.000000 -0.000000 0.000000 -1.000000 -0.000000 0.000000 -1.000000 -0.000000 0.000000 -1.000000 -0.000000 0.000000 -1.000000 -0.000000 0.000000 -1.000000 -0.000000 0.000000 -1.000000 -0.000000 0.000000 -1.000000 -0.000000 0.000000 -1.000000 -0.000000 0.000000 -1.000000 -0.000000 0.000000 -1.000000 -0.000000 0.000000 -1.000000 -0.000000 0.000000 -1.000000 -0.000000 0.000000 -1.000000 -0.000000 0.000000 -1.000000 -0.000000 0.000000 -1.000000 -0.000000 0.000000 -1.000000 -0.000000 0.000000 -1.000000 -0.000000 0.000000 -1.000000 -0.000000 0.000000 -1.000000 -0.000000 0.000000 -1.000000 -0.000000 0.000000 -1.000000 -0.000000 0.000000 -1.000000 -0.000000 0.000000 -1.000000 -0.000000 0.000000 1.000000 -0.000000 0.000000 1.000000 -0.000000 0.000000 1.000000 -0.000000 0.000000 1.000000 -0.000000 0.000000 1.000000 -0.000000 0.000000 0.000000 -1.000000 0.000000 0.000000 -1.000000 0.000000 0.000000 -1.000000 0.000000 0.000000 -1.000000 0.000000 0.000000 -1.000000 0.000000 0.000000 -1.000000 0.000000 0.000000 -1.000000 0.000000 0.000000 -1.000000 0.000000 0.000000 -1.000000 0.000000 0.000000 -1.000000 0.000000 0.000000 1.000000 0.000000 0.000000 1.000000 0.000000 0.000000 1.000000 0.000000 0.000000 1.000000 0.000000 0.000000 1.000000 0.000000 1.000000 -0.000000 0.000000 1.000000 -0.000000 0.000000 1.000000 -0.000000 0.000000 1.000000 -0.000000 0.000000 1.000000 -0.000000 0.000000 0.000000 1.000000 0.000000 0.000000 1.000000 0.000000 0.000000 1.000000 0.000000 0.000000 1.000000 0.000000 0.000000 1.000000 0.000000 -0.000000 0.000000 -1.000000 -0.000000 0.000000 -1.000000 -0.000000 0.000000 -1.000000 -0.000000 0.000000 -1.000000 -0.000000 0.000000 -1.000000 -0.000000 0.000000 -1.000000 -0.000000 0.000000 -1.000000 -0.000000 0.000000 -1.000000 -0.000000 0.000000 -1.000000 -0.000000 0.000000 -1.000000 -0.000000 0.000000 -1.000000 -0.000000 0.000000 -1.000000 -0.000000 0.000000 -1.000000 -0.000000 0.000000 -1.000000 0.000000 -0.000000 1.000000 0.000000 -0.000000 1.000000 0.000000 -0.000000 1.000000 0.000000 -0.000000 1.000000 0.000000 -0.000000 1.000000 0.000000 -0.000000 1.000000 0.000000 -0.000000 1.000000 0.000000 -0.000000 1.000000 0.000000 -0.000000 1.000000 0.000000 -0.000000 1.000000 0.000000 -0.000000 1.000000 0.000000 -0.000000 1.000000 0.000000 -0.000000 1.000000 0.000000 -0.000000 1.000000 0.000000 -0.000000 -1.000000 0.000000 -0.000000 -1.000000 0.000000 -0.000000 -1.000000 0.000000 -0.000000 -1.000000 0.000000 -0.000000 -1.000000 0.000000 -0.000000 -1.000000 0.000000 -0.000000 -1.000000 0.000000 -0.000000 -1.000000 0.000000 -0.000000 -1.000000 0.000000 -0.000000 -1.000000 0.000000 -0.000000 -1.000000 0.000000 -0.000000 -1.000000 0.000000 -0.000000 -1.000000 0.000000 -0.000000 -1.000000 0.000000 -0.000000 -1.000000 0.000000 -0.000000 -1.000000 0.000000 -0.000000 -1.000000 0.000000 -0.000000 -1.000000 0.000000 -0.000000 -1.000000 0.000000 -0.000000 -1.000000 0.000000 -0.000000 -1.000000 0.000000 -0.000000 -1.000000 0.000000 -0.000000 -1.000000 0.000000 -0.000000 -1.000000 0.000000 -0.000000 -1.000000 0.000000 -0.000000 -1.000000 -0.000000 1.000000 -0.000000 -0.000000 1.000000 -0.000000 -0.000000 1.000000 -0.000000 -0.000000 1.000000 -0.000000 -0.000000 1.000000 -0.000000 -0.000000 1.000000 -0.000000 -0.000000 1.000000 -0.000000 -0.000000 1.000000 -0.000000 -0.000000 1.000000 -0.000000 -0.000000 1.000000 -0.000000 -0.000000 -1.000000 -0.000000 -0.000000 -1.000000 -0.000000 -0.000000 -1.000000 -0.000000 -0.000000 -1.000000 -0.000000 -0.000000 -1.000000 -0.000000 -0.000000 -1.000000 -0.000000 -0.000000 -1.000000 -0.000000 -0.000000 -1.000000 -0.000000 -0.000000 -1.000000 -0.000000 1.000000 0.000000 -0.000000 1.000000 0.000000 -0.000000 1.000000 0.000000 -0.000000 1.000000 0.000000 -0.000000 -1.000000 0.000000 -0.000000 -1.000000 0.000000 -0.000000 -1.000000 0.000000 -0.000000 -1.000000 0.000000 -0.000000 -1.000000 0.000000 -0.000000 1.000000 -0.000000 0.000000 1.000000 -0.000000 0.000000 1.000000 -0.000000 0.000000 1.000000 -0.000000 0.000000 1.000000 -0.000000 0.000000 1.000000 -0.000000 0.000000 1.000000 -0.000000 0.000000 1.000000 -0.000000 0.000000 1.000000 -0.000000 0.000000 1.000000 -0.000000 0.000000 1.000000 -0.000000 0.000000 1.000000 -0.000000 0.000000 -1.000000 -0.000000 0.000000 -1.000000 -0.000000 0.000000 -1.000000 -0.000000 0.000000 -1.000000 -0.000000 0.000000 -1.000000 -0.000000 0.000000 -1.000000 -0.000000 0.000000 -1.000000 -0.000000 0.000000 -1.000000 -0.000000 0.000000 -1.000000 -0.000000 0.000000 -1.000000 -0.000000 0.000000 -1.000000 -0.000000 0.000000 -1.000000 -0.000000 0.000000 1.000000 -0.000000 0.000000 1.000000 -0.000000 0.000000 1.000000 -0.000000 0.000000 1.000000 -0.000000 0.000000 1.000000 -0.000000 0.000000 1.000000 -0.000000 0.000000 1.000000 -0.000000 0.000000 1.000000 -0.000000 0.000000 1.000000 -0.000000 0.000000 1.000000 -0.000000 0.000000 1.000000 -0.000000 0.000000 1.000000 -0.000000 0.000000 -1.000000 -0.000000 0.000000 -1.000000 -0.000000 0.000000 -1.000000 -0.000000 0.000000 -1.000000 -0.000000 0.000000 -1.000000 -0.000000 0.000000 -1.000000 -0.000000 0.000000 -1.000000 -0.000000 0.000000 -1.000000 -0.000000 0.000000 -1.000000 -0.000000 0.000000 -1.000000 -0.000000 0.000000 -1.000000 -0.000000 0.000000 -1.000000 -0.000000 0.000000 -1.000000 -0.000000 0.000000 -1.000000 -0.000000 0.000000 -1.000000 -0.000000 0.000000 -1.000000 -0.000000 0.000000 -1.000000 -0.000000 0.000000 -1.000000 -0.000000 0.000000 -1.000000 -0.000000 0.000000 -1.000000 -0.000000 0.000000 -1.000000 -0.000000 0.000000 -1.000000 -0.000000 0.000000 -1.000000 -0.000000 0.000000 -1.000000 -0.000000 0.000000 0.000000 1.000000 0.000000 0.000000 1.000000 0.000000 0.000000 1.000000 0.000000 0.000000 1.000000 0.000000 0.000000 1.000000 0.000000 0.000000 1.000000 0.000000 0.000000 1.000000 0.000000 0.000000 1.000000 0.000000 0.000000 1.000000 0.000000 1.000000 -0.000000 0.000000 1.000000 -0.000000 0.000000 1.000000 -0.000000 0.000000 1.000000 -0.000000 0.000000 1.000000 -0.000000 0.000000 1.000000 -0.000000 0.000000 1.000000 -0.000000 0.000000 1.000000 -0.000000 0.000000 1.000000 -0.000000 0.000000 1.000000 -0.000000 0.000000 1.000000 -0.000000 0.000000 1.000000 -0.000000 0.000000 1.000000 -0.000000 0.000000 1.000000 -0.000000 0.000000 1.000000 -0.000000 0.000000 1.000000 -0.000000 0.000000 1.000000 -0.000000 0.000000 1.000000 -0.000000 0.000000 1.000000 -0.000000 0.000000 1.000000 -0.000000 0.000000 1.000000 -0.000000 0.000000 1.000000 -0.000000 0.000000 1.000000 -0.000000 0.000000 1.000000 -0.000000 0.000000 1.000000 -0.000000 0.000000 1.000000 -0.000000 0.000000 1.000000 -0.000000 0.000000 1.000000 -0.000000 0.000000 1.000000 -0.000000 0.000000 1.000000 -0.000000 0.000000 1.000000 -0.000000 0.000000 1.000000 -0.000000 0.000000 1.000000 -0.000000 0.000000 -1.000000 -0.000000 0.000000 -1.000000 -0.000000 0.000000 -1.000000 -0.000000 0.000000 -1.000000 -0.000000 0.000000 -1.000000 -0.000000 0.000000 -1.000000 -0.000000 0.000000 -1.000000 -0.000000 0.000000 -1.000000 -0.000000 0.000000 -1.000000 -0.000000 0.000000 0.000000 -0.000000 1.000000 0.000000 -0.000000 1.000000 0.000000 -0.000000 1.000000 0.000000 -0.000000 1.000000 0.000000 -0.000000 1.000000 0.000000 -0.000000 1.000000 0.000000 -0.000000 1.000000 0.000000 -0.000000 1.000000 0.000000 -0.000000 1.000000 0.000000 -0.000000 1.000000 0.000000 -0.000000 1.000000 0.000000 -0.000000 1.000000 0.000000 -0.000000 1.000000 0.000000 -0.000000 1.000000 0.000000 -0.000000 1.000000 0.000000 -1.000000 0.000000 0.000000 -1.000000 0.000000 0.000000 -1.000000 0.000000 0.000000 -1.000000 0.000000 0.000000 -1.000000 0.000000 0.000000 -1.000000 0.000000 0.000000 -1.000000 0.000000 0.000000 -1.000000 0.000000 1.000000 -0.000000 0.000000 1.000000 -0.000000 0.000000 1.000000 -0.000000 0.000000 1.000000 -0.000000 0.000000 1.000000 -0.000000 0.000000 1.000000 -0.000000 0.000000 1.000000 -0.000000 0.000000 1.000000 -0.000000 0.000000 -1.000000 -0.000000 0.000000 -1.000000 -0.000000 0.000000 -1.000000 -0.000000 0.000000 -1.000000 -0.000000 0.000000 -1.000000 -0.000000 0.000000 -1.000000 -0.000000 0.000000 -1.000000 -0.000000 0.000000 -1.000000 -0.000000 0.000000 -1.000000 -0.000000 0.000000 -1.000000 -0.000000 0.000000 -1.000000 -0.000000 0.000000 -1.000000 -0.000000 0.000000 -1.000000 -0.000000 0.000000 -1.000000 -0.000000 0.000000 -0.000000 0.000000 -1.000000 -0.000000 0.000000 -1.000000 -0.000000 0.000000 -1.000000 -0.000000 0.000000 -1.000000 -0.000000 0.000000 -1.000000 -0.000000 0.000000 -1.000000 -0.000000 0.000000 -1.000000 -0.000000 0.000000 -1.000000 -0.000000 0.000000 -1.000000 -0.000000 0.000000 -1.000000 -0.000000 0.000000 -1.000000 -0.000000 0.000000 -1.000000 -0.000000 0.000000 -1.000000 -0.000000 0.000000 -1.000000 -0.000000 0.000000 -1.000000 -0.000000 0.000000 -1.000000 -0.000000 0.000000 -1.000000 -0.000000 0.000000 -1.000000 -0.000000 0.000000 -1.000000 -0.000000 0.000000 -1.000000 -0.000000 0.000000 -1.000000 -0.000000 0.000000 -1.000000 -0.000000 0.000000 -1.000000 -0.000000 0.000000 -1.000000 -0.000000 0.000000 1.000000 -0.000000 0.000000 1.000000 -0.000000 0.000000 1.000000 -0.000000 0.000000 1.000000 -0.000000 0.000000 1.000000 -0.000000 0.000000 1.000000 -0.000000 0.000000 1.000000 -0.000000 0.000000 1.000000 -0.000000 0.000000 1.000000 -0.000000 0.000000 1.000000 -0.000000 0.000000 1.000000 -0.000000 0.000000 1.000000 -0.000000 0.000000 1.000000 -0.000000 0.000000 1.000000 -0.000000 0.000000 1.000000 -0.000000 0.000000 1.000000 -0.000000 0.000000 1.000000 -0.000000 0.000000 1.000000 -0.000000 0.000000 1.000000 -0.000000 0.000000 1.000000 -0.000000 0.000000 1.000000 -0.000000 0.000000 1.000000 -0.000000 0.000000 1.000000 -0.000000 0.000000 1.000000 -1.000000 -0.000000 0.000000 -1.000000 -0.000000 0.000000 -1.000000 -0.000000 0.000000 -1.000000 -0.000000 0.000000 -1.000000 -0.000000 0.000000 -1.000000 -0.000000 0.000000 -1.000000 -0.000000 0.000000 -1.000000 -0.000000 0.000000 -1.000000 -0.000000 0.000000 1.000000 -0.000000 0.000000 1.000000 -0.000000 0.000000 1.000000 -0.000000 0.000000 1.000000 -0.000000 0.000000 1.000000 -0.000000 0.000000 0.000000 -1.000000 0.000000 0.000000 -1.000000 0.000000 0.000000 -1.000000 0.000000 0.000000 -1.000000 0.000000 0.000000 -1.000000 0.000000 0.000000 -1.000000 0.000000 0.000000 -1.000000 0.000000 0.000000 -1.000000 0.000000 0.000000 -1.000000 0.000000 0.000000 -1.000000 0.000000 0.000000 -1.000000 0.000000 0.000000 -1.000000 0.000000 0.000000 -1.000000 0.000000 0.000000 -1.000000 0.000000 0.000000 1.000000 0.000000 0.000000 1.000000 0.000000 0.000000 1.000000 0.000000 0.000000 1.000000 0.000000 0.000000 1.000000 0.000000 1.000000 -0.000000 0.000000 1.000000 -0.000000 0.000000 1.000000 -0.000000 0.000000 1.000000 -0.000000 0.000000 1.000000 -0.000000 0.000000 1.000000 -0.000000 0.000000 1.000000 -0.000000 0.000000 1.000000 -0.000000 0.000000 1.000000 -0.000000 0.000000 1.000000 -0.000000 0.000000 1.000000 -0.000000 0.000000 1.000000 -0.000000 0.000000 1.000000 -0.000000 0.000000 1.000000 -0.000000 0.000000 1.000000 -0.000000 0.000000 1.000000 -0.000000 0.000000 1.000000 -0.000000 0.000000 0.000000 1.000000 0.000000 0.000000 1.000000 0.000000 0.000000 1.000000 0.000000 0.000000 1.000000 0.000000 0.000000 1.000000 0.000000 0.000000 1.000000 0.000000 0.000000 1.000000 0.000000 0.000000 1.000000 0.000000 0.000000 1.000000 0.000000 0.000000 1.000000 0.000000 -0.000000 0.000000 1.000000 -0.000000 0.000000 1.000000 -0.000000 0.000000 1.000000 -0.000000 0.000000 1.000000 -0.000000 0.000000 1.000000 -0.000000 0.000000 1.000000 -0.000000 0.000000 1.000000 -0.000000 0.000000 1.000000 -0.000000 0.000000 1.000000 -0.000000 0.000000 1.000000 -0.000000 0.000000 1.000000 -0.000000 0.000000 1.000000 -0.000000 0.000000 1.000000 -0.000000 0.000000 1.000000 -0.000000 1.000000 -0.000000 -0.000000 1.000000 -0.000000 -0.000000 1.000000 -0.000000 -0.000000 1.000000 -0.000000 -0.000000 1.000000 -0.000000 -0.000000 1.000000 -0.000000 -0.000000 1.000000 -0.000000 -0.000000 1.000000 -0.000000 -0.000000 1.000000 -0.000000 -0.000000 1.000000 -0.000000 -0.000000 1.000000 -0.000000 -0.000000 1.000000 -0.000000 -0.000000 1.000000 -0.000000 -0.000000 1.000000 -0.000000 -0.000000 1.000000 -0.000000 -0.000000 1.000000 -0.000000 -0.000000 1.000000 -0.000000 -0.000000 1.000000 -0.000000 -0.000000 1.000000 -0.000000 -0.000000 -1.000000 -0.000000 -0.000000 -1.000000 -0.000000 -0.000000 -1.000000 -0.000000 -0.000000 -1.000000 -0.000000 -0.000000 -1.000000 -0.000000 -0.000000 -1.000000 -0.000000 -0.000000 -1.000000 -0.000000 -0.000000 -1.000000 -0.000000 -0.000000 -1.000000 -0.000000 -0.000000 -1.000000 -0.000000 -0.000000 -1.000000 -0.000000 -0.000000 -1.000000 -0.000000 -0.000000 -1.000000 -0.000000 -0.000000 -1.000000 -0.000000 -0.000000 -1.000000 -0.000000 -0.000000 -1.000000 -0.000000 -0.000000 -1.000000 -0.000000 -0.000000 -1.000000 -0.000000 -0.000000 -1.000000 -0.000000 -0.000000 -1.000000 -0.000000 -0.000000 -1.000000 -0.000000 -0.000000 -1.000000 -0.000000 -0.000000 -1.000000 -0.000000 -0.000000 -1.000000 -0.000000 -0.000000 -1.000000 -0.000000 -0.000000 -1.000000 -0.000000 -0.000000 -1.000000 -0.000000 -0.000000 -1.000000 -0.000000 -0.000000 -1.000000 -0.000000 -0.000000 -1.000000 -0.000000 -0.000000 -1.000000 -0.000000 -0.000000 -1.000000 -0.000000 -0.000000 -1.000000 -0.000000 -0.000000 -1.000000 -0.000000 -0.000000 -1.000000 -0.000000 -0.000000 -1.000000 -0.000000 -0.000000 -1.000000 -0.000000 -0.000000 -1.000000 -0.000000 -0.000000 -1.000000 -0.000000 -0.000000 -1.000000 -0.000000 -0.000000 -1.000000 -0.000000 -0.000000 -1.000000 -0.000000 -0.000000 -1.000000 -0.000000 -0.000000 -1.000000 -0.000000 -0.000000 -1.000000 -0.000000 -0.000000 -1.000000 -0.000000 -0.000000 -1.000000 -0.000000 -0.000000 -1.000000 -0.000000 -0.000000 -1.000000 -0.000000 -0.000000 -1.000000 -0.000000 -0.000000 -1.000000 -0.000000 -0.000000 -1.000000 -0.000000 -0.000000 -1.000000 -0.000000 -0.000000 -1.000000 -0.000000 -0.000000 -1.000000 -0.000000 -0.000000 -1.000000 -0.000000 -0.000000 -1.000000 -0.000000 -0.000000 -1.000000 -0.000000 -0.000000 -1.000000 -0.000000 -0.000000 -1.000000 -0.000000 -0.000000 -1.000000 -0.000000 -0.000000 -1.000000 -0.000000 -0.000000 -1.000000 -0.000000 -0.000000 -1.000000 -0.000000 -0.000000 -1.000000 -0.000000 -0.000000 -1.000000 -0.000000 -0.000000 -1.000000 -0.000000 -0.000000 -1.000000 -0.000000 -0.000000 -1.000000 -0.000000 -0.000000 -1.000000 -0.000000 -0.000000 -1.000000 -0.000000 -0.000000 -1.000000 -0.000000 -0.000000 -1.000000 -0.000000 -0.000000 -1.000000 -0.000000 -0.000000 -1.000000 -0.000000 -0.000000 -1.000000 -0.000000 -0.000000 -1.000000 -0.000000 -0.000000 -1.000000 -0.000000 -0.000000 -1.000000 -0.000000 -0.000000 -1.000000 -0.000000 -0.000000 -1.000000 -0.000000 -0.000000 -1.000000 -0.000000 -0.000000 -1.000000 -0.000000 -0.000000 -1.000000 -0.000000 -0.000000 -1.000000 -0.000000 -0.000000 -1.000000 -0.000000 -0.000000 -1.000000 -0.000000 -0.000000 -1.000000 -0.000000 -0.000000 -1.000000 -0.000000 -0.000000 -1.000000 -0.000000 -0.000000 -1.000000 -0.000000 -0.000000 -1.000000 -0.000000 -0.000000 -1.000000 -0.000000 -0.000000 -1.000000 -0.000000 1.000000 0.000000 -0.000000 1.000000 0.000000 -0.000000 1.000000 0.000000 -0.000000 1.000000 0.000000 -0.000000 1.000000 0.000000 -0.000000 1.000000 0.000000 -0.000000 1.000000 0.000000 -0.000000 1.000000 0.000000 -0.000000 1.000000 0.000000 -0.000000 1.000000 0.000000 -0.000000 1.000000 0.000000 -0.000000 1.000000 0.000000 -0.000000 1.000000 0.000000 -0.000000 1.000000 0.000000 -0.000000 1.000000 0.000000 -0.000000 1.000000 0.000000 -0.000000 1.000000 0.000000 -0.000000 1.000000 0.000000 -0.000000 1.000000 0.000000 -0.000000 1.000000 0.000000 -0.000000 1.000000 0.000000 -0.000000 1.000000 0.000000 -0.000000 1.000000 0.000000 -0.000000 1.000000 0.000000 -0.000000 1.000000 0.000000 -0.000000 1.000000 0.000000 -0.000000 1.000000 0.000000 -0.000000 1.000000 0.000000 -0.000000 1.000000 0.000000 -0.000000 1.000000 0.000000 -0.000000 1.000000 0.000000 -0.000000 1.000000 0.000000 -0.000000 1.000000 0.000000 -0.000000 1.000000 0.000000 -0.000000 1.000000 0.000000 -0.000000 -1.000000 0.000000 -0.000000 -1.000000 0.000000 -0.000000 -1.000000 0.000000 -0.000000 -1.000000 0.000000 -0.000000 -1.000000 0.000000 -0.000000 0.000000 1.000000 0.000000 0.000000 1.000000 0.000000 0.000000 1.000000 0.000000 0.000000 1.000000 0.000000 1.000000 -0.000000 0.000000 1.000000 -0.000000 0.000000 1.000000 -0.000000 0.000000 1.000000 -0.000000 0.000000 1.000000 -0.000000 0.000000 1.000000 -0.000000 0.000000 1.000000 -0.000000 0.000000 1.000000 -0.000000 0.000000 1.000000 -0.000000 0.000000 1.000000 -0.000000 0.000000 1.000000 -0.000000 0.000000 1.000000 -0.000000 0.000000 1.000000 -0.000000 0.000000 -1.000000 -0.000000 0.000000 -1.000000 -0.000000 0.000000 -1.000000 -0.000000 0.000000 -1.000000 -0.000000 0.000000 -1.000000 -0.000000 0.000000 -1.000000 -0.000000 0.000000 -1.000000 -0.000000 0.000000 -1.000000 -0.000000 0.000000 0.000000 -1.000000 0.000000 0.000000 -1.000000 0.000000 0.000000 -1.000000 0.000000 0.000000 -1.000000 0.000000 0.000000 -1.000000 0.000000 0.000000 -1.000000 0.000000 0.000000 -1.000000 0.000000 0.000000 -1.000000 0.000000 1.000000 -0.000000 0.000000 1.000000 -0.000000 0.000000 1.000000 -0.000000 0.000000 1.000000 -0.000000 0.000000 -1.000000 -0.000000 0.000000 -1.000000 -0.000000 0.000000 -1.000000 -0.000000 0.000000 -1.000000 -0.000000 0.000000 -1.000000 -0.000000 0.000000 -1.000000 -0.000000 0.000000 -1.000000 -0.000000 0.000000 -1.000000 -0.000000 0.000000 -1.000000 -0.000000 0.000000 -1.000000 -0.000000 0.000000 -1.000000 -0.000000 0.000000 -1.000000 -0.000000 0.000000 -1.000000 -0.000000 0.000000 -1.000000 -0.000000 0.000000 -1.000000 -0.000000 0.000000 -1.000000 -0.000000 0.000000 -1.000000 -0.000000 0.000000 -1.000000 -0.000000 0.000000 -1.000000 -0.000000 0.000000 -1.000000 -0.000000 0.000000 -1.000000 -0.000000 0.000000 -1.000000 -0.000000 0.000000 -1.000000 -0.000000 0.000000 1.000000 -0.000000 0.000000 1.000000 -0.000000 0.000000 1.000000 -0.000000 0.000000 1.000000 -0.000000 0.000000 0.000000 -1.000000 0.000000 0.000000 -1.000000 0.000000 0.000000 -1.000000 0.000000 0.000000 -1.000000 0.000000 0.000000 -1.000000 0.000000 0.000000 -1.000000 0.000000 0.000000 -1.000000 0.000000 0.000000 -1.000000 0.000000 0.000000 1.000000 0.000000 0.000000 1.000000 0.000000 0.000000 1.000000 0.000000 0.000000 1.000000 0.000000 1.000000 -0.000000 0.000000 1.000000 -0.000000 0.000000 1.000000 -0.000000 0.000000 1.000000 -0.000000 0.000000 0.000000 1.000000 0.000000 0.000000 1.000000 0.000000 0.000000 1.000000 0.000000 0.000000 1.000000 0.000000 0.000000 1.000000 0.000000 0.000000 1.000000 0.000000 -0.000000 1.000000 -0.000000 -0.000000 1.000000 -0.000000 -0.000000 1.000000 -0.000000 -0.000000 1.000000 -0.000000 -0.000000 1.000000 -0.000000 -0.000000 1.000000 -0.000000 -0.000000 1.000000 -0.000000 -0.000000 1.000000 -0.000000 -0.000000 1.000000 -0.000000 -0.000000 1.000000 -0.000000 -0.000000 1.000000 -0.000000 -0.000000 1.000000 -0.000000 -0.000000 -1.000000 -0.000000 -0.000000 -1.000000 -0.000000 -0.000000 -1.000000 -0.000000 -0.000000 -1.000000 -0.000000 -0.000000 -1.000000 -0.000000 -0.000000 -1.000000 -0.000000 1.000000 0.000000 -0.000000 1.000000 0.000000 -0.000000 1.000000 0.000000 -0.000000 1.000000 0.000000 -0.000000 1.000000 0.000000 -0.000000 -1.000000 0.000000 -0.000000 -1.000000 0.000000 -0.000000 -1.000000 0.000000 -0.000000 -1.000000 0.000000 -0.000000 0.000000 1.000000 0.000000 0.000000 1.000000 0.000000 0.000000 1.000000 0.000000 0.000000 1.000000 0.000000 0.000000 1.000000 0.000000 0.000000 1.000000 0.000000 0.000000 1.000000 0.000000 0.000000 1.000000 0.000000 0.000000 1.000000 0.000000 0.000000 1.000000 0.000000 0.000000 1.000000 0.000000 0.000000 1.000000 0.000000 0.000000 1.000000 0.000000 0.000000 1.000000 0.000000 0.000000 1.000000 0.000000 0.000000 1.000000 0.000000 0.000000 1.000000 0.000000 0.000000 1.000000 0.000000 0.000000 1.000000 0.000000 0.000000 1.000000 0.000000 0.000000 1.000000 0.000000 0.000000 1.000000 0.000000 0.000000 1.000000 0.000000 0.000000 1.000000 0.000000 0.000000 1.000000 0.000000 0.000000 1.000000 0.000000 0.000000 1.000000 0.000000 0.000000 1.000000 0.000000 0.000000 1.000000 0.000000 0.000000 1.000000 0.000000 0.000000 1.000000 0.000000 0.000000 1.000000 0.000000 0.000000 1.000000 0.000000 0.000000 1.000000 0.000000 0.000000 1.000000 0.000000 0.000000 1.000000 0.000000 0.000000 1.000000 0.000000 0.000000 1.000000 0.000000 1.000000 -0.000000 0.000000 1.000000 -0.000000 0.000000 1.000000 -0.000000 0.000000 1.000000 -0.000000 0.000000 1.000000 -0.000000 0.000000 1.000000 -0.000000 0.000000 1.000000 -0.000000 0.000000 1.000000 -0.000000 0.000000 1.000000 -0.000000 0.000000 1.000000 -0.000000 0.000000 1.000000 -0.000000 0.000000 1.000000 -0.000000 0.000000 1.000000 -0.000000 0.000000 1.000000 -0.000000 0.000000 1.000000 -0.000000 0.000000 1.000000 -0.000000 0.000000 -1.000000 -0.000000 0.000000 -1.000000 -0.000000 0.000000 -1.000000 -0.000000 0.000000 -1.000000 -0.000000 0.000000 -1.000000 -0.000000 0.000000 -1.000000 -0.000000 0.000000 -1.000000 -0.000000 0.000000 -1.000000 -0.000000 0.000000 -1.000000 -0.000000 0.000000 -1.000000 -0.000000 0.000000 0.000000 -0.000000 1.000000 0.000000 -0.000000 1.000000 0.000000 -0.000000 1.000000 0.000000 -0.000000 1.000000 0.000000 -0.000000 1.000000 0.000000 -0.000000 1.000000 0.000000 -0.000000 1.000000 0.000000 -0.000000 1.000000 0.000000 -1.000000 0.000000 0.000000 -1.000000 0.000000 0.000000 -1.000000 0.000000 0.000000 -1.000000 0.000000 0.000000 -1.000000 0.000000 0.000000 -1.000000 0.000000 0.000000 -1.000000 0.000000 0.000000 -1.000000 0.000000 0.000000 -1.000000 0.000000 0.000000 -1.000000 0.000000 0.000000 -1.000000 0.000000 0.000000 -1.000000 0.000000 0.000000 -1.000000 0.000000 0.000000 -1.000000 0.000000 1.000000 -0.000000 0.000000 1.000000 -0.000000 0.000000 1.000000 -0.000000 0.000000 1.000000 -0.000000 0.000000 1.000000 -0.000000 0.000000 1.000000 -0.000000 0.000000 1.000000 -0.000000 0.000000 1.000000 -0.000000 0.000000 -1.000000 -0.000000 0.000000 -1.000000 -0.000000 0.000000 -1.000000 -0.000000 0.000000 -1.000000 -0.000000 0.000000 -1.000000 -0.000000 0.000000 -1.000000 -0.000000 0.000000 -1.000000 -0.000000 0.000000 -1.000000 -0.000000 0.000000 -1.000000 -0.000000 0.000000 -1.000000 -0.000000 0.000000 -1.000000 -0.000000 0.000000 -1.000000 -0.000000 0.000000 -1.000000 -0.000000 0.000000 -1.000000 -0.000000 0.000000 -1.000000 -0.000000 0.000000 -1.000000 -0.000000 0.000000 -1.000000 -0.000000 0.000000 -1.000000 -0.000000 0.000000 -1.000000 -0.000000 0.000000 -1.000000 -0.000000 0.000000 -1.000000 -0.000000 0.000000 -1.000000 -0.000000 0.000000 -1.000000 -0.000000 0.000000 -1.000000 -0.000000 0.000000 -1.000000 -0.000000 0.000000 -1.000000 -0.000000 0.000000 -1.000000 -0.000000 0.000000 -1.000000 -0.000000 0.000000 -1.000000 -0.000000 0.000000 -1.000000 -0.000000 0.000000 -1.000000 -0.000000 0.000000 -1.000000 -0.000000 0.000000 -1.000000 -0.000000 0.000000 -1.000000 -0.000000 0.000000 -1.000000 -0.000000 0.000000 -1.000000 -0.000000 0.000000 -1.000000 -0.000000 0.000000 -1.000000 -0.000000 0.000000 -1.000000 -0.000000 0.000000 -1.000000 -0.000000 0.000000 -1.000000 -0.000000 0.000000 1.000000 -0.000000 0.000000 1.000000 -0.000000 0.000000 1.000000 -0.000000 0.000000 1.000000 -0.000000 0.000000 0.000000 -1.000000 0.000000 0.000000 -1.000000 0.000000 0.000000 -1.000000 0.000000 0.000000 -1.000000 0.000000 0.000000 -1.000000 0.000000 0.000000 -1.000000 0.000000 0.000000 -1.000000 0.000000 0.000000 -1.000000 0.000000 0.000000 1.000000 0.000000 0.000000 1.000000 0.000000 0.000000 1.000000 0.000000 0.000000 1.000000 0.000000 1.000000 -0.000000 0.000000 1.000000 -0.000000 0.000000 1.000000 -0.000000 0.000000 1.000000 -0.000000 0.000000 1.000000 -0.000000 0.000000 1.000000 -0.000000 0.000000 1.000000 -0.000000 0.000000 1.000000 -0.000000 0.000000 1.000000 -0.000000 0.000000 1.000000 -0.000000 0.000000 1.000000 -0.000000 0.000000 1.000000 -0.000000 0.000000 1.000000 -0.000000 0.000000 1.000000 -0.000000 0.000000 1.000000 -0.000000 0.000000 1.000000 -0.000000 0.000000 1.000000 -0.000000 0.000000 1.000000 -0.000000 0.000000 1.000000 -0.000000 0.000000 1.000000 -0.000000 0.000000 1.000000 -0.000000 0.000000 1.000000 -0.000000 0.000000 1.000000 -0.000000 0.000000 1.000000 -0.000000 0.000000 1.000000 -0.000000 0.000000 1.000000 -0.000000 0.000000 1.000000 -0.000000 0.000000 1.000000 -0.000000 0.000000 1.000000 -0.000000 0.000000 1.000000 -0.000000 0.000000 1.000000 -0.000000 0.000000 1.000000 -0.000000 0.000000 1.000000 -0.000000 0.000000 0.000000 1.000000 0.000000 0.000000 1.000000 0.000000 0.000000 1.000000 0.000000 0.000000 1.000000 0.000000 0.000000 1.000000 0.000000 0.000000 1.000000 0.000000 0.000000 1.000000 0.000000 0.000000 1.000000 0.000000 0.000000 1.000000 0.000000 0.000000 1.000000 0.000000 0.000000 1.000000 0.000000 0.000000 1.000000 0.000000 0.000000 1.000000 0.000000 0.000000 1.000000 0.000000 0.000000 1.000000 0.000000 0.000000 1.000000 0.000000 0.000000 1.000000 0.000000 0.000000 1.000000 0.000000 0.000000 1.000000 0.000000 0.000000 1.000000 0.000000 0.000000 1.000000 0.000000 0.000000 1.000000 0.000000 0.000000 1.000000 0.000000 0.000000 1.000000 0.000000 0.000000 1.000000 0.000000 0.000000 1.000000 0.000000 0.000000 1.000000 0.000000 0.000000 1.000000 0.000000 0.000000 1.000000 0.000000 0.000000 1.000000 0.000000 0.000000 1.000000 0.000000 0.000000 1.000000 0.000000 -0.000000 1.000000 -0.000000 -0.000000 1.000000 -0.000000 -0.000000 1.000000 -0.000000 -0.000000 1.000000 -0.000000 -0.000000 1.000000 -0.000000 -0.000000 1.000000 -0.000000 -0.000000 1.000000 -0.000000 -0.000000 1.000000 -0.000000 -0.000000 1.000000 -0.000000 -0.000000 1.000000 -0.000000 -0.000000 1.000000 -0.000000 -0.000000 1.000000 -0.000000 -0.000000 1.000000 -0.000000 -0.000000 1.000000 -0.000000 -0.000000 1.000000 -0.000000 -0.000000 1.000000 -0.000000 -0.000000 1.000000 -0.000000 -0.000000 1.000000 -0.000000 -0.000000 1.000000 -0.000000 -0.000000 1.000000 -0.000000 -0.000000 1.000000 -0.000000 -0.000000 1.000000 -0.000000 -0.000000 1.000000 -0.000000 -0.000000 1.000000 -0.000000 -0.000000 1.000000 -0.000000 -0.000000 1.000000 -0.000000 -0.000000 1.000000 -0.000000 -0.000000 1.000000 -0.000000 -0.000000 1.000000 -0.000000 -0.000000 -1.000000 -0.000000 -0.000000 -1.000000 -0.000000 -0.000000 -1.000000 -0.000000 -0.000000 -1.000000 -0.000000 -0.000000 -1.000000 -0.000000 -0.000000 -1.000000 -0.000000 -0.000000 -1.000000 -0.000000 -0.000000 -1.000000 -0.000000 -0.000000 -1.000000 -0.000000 -0.000000 -1.000000 -0.000000 -0.000000 -1.000000 -0.000000 -0.000000 -1.000000 -0.000000 -0.000000 -1.000000 -0.000000 -0.000000 -1.000000 -0.000000 -0.000000 -1.000000 -0.000000 -0.000000 -1.000000 -0.000000 -0.000000 -1.000000 -0.000000 -0.000000 -1.000000 -0.000000 -0.000000 -1.000000 -0.000000 -0.000000 -1.000000 -0.000000 -0.000000 -1.000000 -0.000000 -0.000000 -1.000000 -0.000000 -0.000000 -1.000000 -0.000000 -0.000000 -1.000000 -0.000000 -0.000000 -1.000000 -0.000000 -0.000000 -1.000000 -0.000000 -0.000000 -1.000000 -0.000000 -0.000000 -1.000000 -0.000000 -0.000000 -1.000000 -0.000000 -0.000000 -1.000000 -0.000000 -0.000000 -1.000000 -0.000000 -0.000000 -1.000000 -0.000000 -0.000000 -1.000000 -0.000000 -0.000000 -1.000000 -0.000000 -0.000000 -1.000000 -0.000000 -0.000000 -1.000000 -0.000000 -0.000000 -1.000000 -0.000000 -0.000000 -1.000000 -0.000000 1.000000 0.000000 -0.000000 1.000000 0.000000 -0.000000 1.000000 0.000000 -0.000000 1.000000 0.000000 -0.000000 1.000000 0.000000 -0.000000 1.000000 0.000000 -0.000000 1.000000 0.000000 -0.000000 1.000000 0.000000 -0.000000 1.000000 0.000000 -0.000000 1.000000 0.000000 -0.000000 1.000000 0.000000 -0.000000 -1.000000 0.000000 -0.000000 -1.000000 0.000000 -0.000000 -1.000000 0.000000 -0.000000 -1.000000 0.000000 -0.000000 -1.000000 0.000000 -0.000000 -1.000000 0.000000 -0.000000 -1.000000 -0.000004 0.000000 -1.000000 -0.000004 0.000000 -1.000000 -0.000004 0.000000 -1.000000 -0.000004 0.000000 -1.000000 -0.000004 0.000000 -1.000000 -0.000004 0.000000 -1.000000 -0.000004 0.000000 -1.000000 -0.000004 0.000000 -1.000000 -0.000004 0.000000 -1.000000 -0.000004 0.000000 -1.000000 -0.000004 0.000000 -1.000000 -0.000004 0.000000 -1.000000 -0.000004 0.000000 -1.000000 -0.000004 0.000000 -1.000000 -0.000004 0.000000 -1.000000 -0.000004 0.000000 -1.000000 -0.000004 0.000000 -1.000000 -0.000004 0.000000 -1.000000 -0.000004 0.000000 -1.000000 -0.000004 0.000000 -1.000000 -0.000004 0.000000 -1.000000 -0.000004 0.000000 -1.000000 -0.000004 0.000000 -1.000000 -0.000004 0.000000 0.000001 -1.000000 0.000000 0.000001 -1.000000 0.000000 0.000001 -1.000000 0.000000 0.000001 -1.000000 0.000000 0.000001 -1.000000 0.000000 0.000001 -1.000000 0.000000 0.000001 -1.000000 0.000000 1.000000 -0.000006 0.000000 1.000000 -0.000006 0.000000 1.000000 -0.000006 0.000000 1.000000 -0.000006 0.000000 1.000000 -0.000006 0.000000 1.000000 -0.000006 0.000000 1.000000 -0.000006 0.000000 1.000000 -0.000006 0.000000 1.000000 -0.000006 0.000000 1.000000 -0.000006 0.000000 1.000000 -0.000006 0.000000 1.000000 -0.000006 0.000000 1.000000 -0.000006 0.000000 1.000000 -0.000006 0.000000 1.000000 -0.000006 0.000000 1.000000 -0.000006 0.000000 1.000000 -0.000006 0.000000 1.000000 -0.000006 0.000000 1.000000 -0.000006 0.000000 1.000000 -0.000006 0.000000 1.000000 -0.000006 0.000000 1.000000 -0.000006 0.000000 1.000000 -0.000006 0.000000 1.000000 -0.000006 0.000000 1.000000 -0.000006 0.000000 1.000000 -0.000006 0.000000 1.000000 -0.000006 0.000000 1.000000 -0.000006 0.000000 1.000000 -0.000006 0.000000 1.000000 -0.000006 0.000000 -1.000000 -0.000004 0.000000 -1.000000 -0.000004 0.000000 -1.000000 -0.000004 0.000000 -1.000000 -0.000004 0.000000 -1.000000 -0.000004 0.000000 1.000000 0.000008 0.000000 1.000000 0.000008 0.000000 1.000000 0.000008 0.000000 1.000000 0.000008 0.000000 1.000000 0.000008 0.000000 1.000000 0.000008 0.000000 1.000000 0.000008 0.000000 1.000000 0.000008 0.000000 1.000000 0.000008 0.000000 1.000000 0.000008 0.000000 -0.000002 1.000000 0.000000 -0.000002 1.000000 0.000000 -0.000002 1.000000 0.000000 -0.000002 1.000000 0.000000 -0.000002 1.000000 0.000000 -0.000002 1.000000 0.000000 -0.000002 1.000000 0.000000 -0.000002 1.000000 0.000000 -0.000002 1.000000 0.000000 -0.000002 1.000000 0.000000 -0.000002 1.000000 0.000000 -0.000002 1.000000 0.000000 -0.559195 0.829036 0.000000 -0.559195 0.829036 0.000000 -0.559195 0.829036 0.000000 -0.559195 0.829036 0.000000 -0.559195 0.829036 0.000000 -0.559195 0.829036 0.000000 -0.559195 0.829036 0.000000 -0.559195 0.829036 0.000000 -0.559195 0.829036 0.000000 -0.559195 0.829036 0.000000 0.559189 -0.829040 0.000000 0.559189 -0.829040 0.000000 0.559189 -0.829040 0.000000 0.559189 -0.829040 0.000000 0.559189 -0.829040 0.000000 0.829040 0.559189 0.000000 0.829040 0.559189 0.000000 0.829040 0.559189 0.000000 0.829040 0.559189 0.000000 0.829040 0.559189 0.000000 0.829040 0.559189 0.000000 0.829040 0.559189 0.000000 0.829040 0.559189 0.000000 0.829040 0.559189 0.000000 -1.000000 -0.000000 0.000000 -1.000000 -0.000000 0.000000 -1.000000 -0.000000 0.000000 -1.000000 -0.000000 0.000000 -1.000000 -0.000000 0.000000 -1.000000 -0.000000 0.000000 -1.000000 -0.000000 0.000000 -1.000000 -0.000000 0.000000 -1.000000 -0.000000 0.000000 -1.000000 -0.000000 0.000000 -1.000000 -0.000000 0.000000 -1.000000 -0.000000 0.000000 -1.000000 -0.000000 0.000000 -1.000000 -0.000000 0.000000 -1.000000 -0.000000 0.000000 -1.000000 -0.000000 0.000000 -1.000000 -0.000000 0.000000 -1.000000 -0.000000 0.000000 -1.000000 -0.000000 0.000000 -1.000000 -0.000000 0.000000 -1.000000 -0.000000 0.000000 -1.000000 -0.000000 0.000000 -1.000000 -0.000000 0.000000 0.000000 -1.000000 0.000000 0.000000 -1.000000 0.000000 0.000000 -1.000000 0.000000 0.000000 -1.000000 0.000000 0.000000 -1.000000 0.000000 0.000000 -1.000000 0.000000 0.000000 -1.000000 0.000000 0.000000 -1.000000 0.000000 0.000000 -1.000000 0.000000 0.000000 -1.000000 0.000000 0.000000 -1.000000 0.000000 0.000000 -1.000000 0.000000 0.000000 -1.000000 0.000000 0.000000 -1.000000 0.000000 0.000000 -1.000000 0.000000 0.000000 -1.000000 0.000000 0.000000 -1.000000 0.000000 0.000000 -1.000000 0.000000 0.000000 -1.000000 0.000000 0.000000 -0.000000 -1.000000 0.000000 -0.000000 -1.000000 0.000000 -0.000000 -1.000000 0.000000 -0.000000 -1.000000 0.000000 -0.000000 -1.000000 0.000000 -0.000000 -1.000000 0.000000 -0.000000 -1.000000 0.000000 -0.000000 -1.000000 0.000000 -0.000000 -1.000000 0.000000 -0.000000 -1.000000 0.000000 -0.000000 -1.000000 0.000000 -0.000000 -1.000000 0.000000 -0.000000 -1.000000 0.000000 -0.000000 -1.000000 0.000000 -0.000000 -1.000000 0.000000 -0.000000 -1.000000 0.000000 -0.000000 -1.000000 0.000000 -0.000000 -1.000000 0.000000 -0.000000 -1.000000 0.000000 -0.000000 -1.000000 0.000000 -0.000000 -1.000000 0.000000 -0.000000 -1.000000 0.000000 -0.000000 -1.000000 0.000000 -0.000000 -1.000000 0.000000 -0.000000 -1.000000 -0.978637 0.205597 0.000000 -0.978637 0.205597 0.000000 -0.978637 0.205597 0.000000 -0.978637 0.205597 0.000000 -0.978637 0.205597 0.000000 -0.175955 -0.984398 0.000000 -0.175955 -0.984398 0.000000 -0.175955 -0.984398 0.000000 -0.175955 -0.984398 0.000000 -0.175955 -0.984398 0.000000 -0.175955 -0.984398 0.000000 -0.175955 -0.984398 0.000000 -0.175955 -0.984398 0.000000 -0.175955 -0.984398 0.000000 -0.829035 -0.559197 -0.000000 -0.829035 -0.559197 -0.000000 -0.829035 -0.559197 -0.000000 -0.829035 -0.559197 -0.000000 -0.829035 -0.559197 -0.000000 -0.829035 -0.559197 -0.000000 -0.829035 -0.559197 -0.000000 -0.829035 -0.559197 -0.000000 -0.829035 -0.559197 -0.000000 0.829035 0.559197 0.000000 0.829035 0.559197 0.000000 0.829035 0.559197 0.000000 0.829035 0.559197 0.000000 0.829035 0.559197 0.000000 0.829035 0.559197 0.000000 0.829035 0.559197 0.000000 0.829035 0.559197 0.000000 0.829035 0.559197 0.000000 -0.829038 -0.559193 0.000000 -0.829038 -0.559193 0.000000 -0.829038 -0.559193 0.000000 -0.829038 -0.559193 0.000000 -0.829038 -0.559193 0.000000 -0.829038 -0.559193 0.000000 -0.829038 -0.559193 0.000000 -0.829038 -0.559193 0.000000 -0.829038 -0.559193 0.000000 -0.829038 -0.559193 0.000000 -0.829038 -0.559193 0.000000 -0.829038 -0.559193 0.000000 -0.829038 -0.559193 0.000000 -0.829038 -0.559193 0.000000 -0.829038 -0.559193 0.000000 -0.829038 -0.559193 0.000000 -0.829038 -0.559193 0.000000 -0.829038 -0.559193 0.000000 -0.829038 -0.559193 0.000000 -0.829038 -0.559193 0.000000 -0.829038 -0.559193 0.000000 -0.829038 -0.559193 0.000000 -0.829038 -0.559193 0.000000 -0.829038 -0.559193 0.000000 -0.829038 -0.559193 0.000000 -0.829038 -0.559193 0.000000 -0.829038 -0.559193 0.000000 -0.829038 -0.559193 0.000000 -0.829038 -0.559193 0.000000 -0.829038 -0.559193 0.000000 -0.829038 -0.559193 0.000000 -0.829038 -0.559193 0.000000 -0.829038 -0.559193 0.000000 -0.829038 -0.559193 0.000000 -0.829038 -0.559193 0.000000 -0.829038 -0.559193 0.000000 -0.829038 -0.559193 0.000000 -0.829038 -0.559193 0.000000 -0.829038 -0.559193 0.000000 -0.829038 -0.559193 0.000000 -0.829038 -0.559193 0.000000 -0.829038 -0.559193 0.000000 -0.829038 -0.559193 0.000000 -0.829038 -0.559193 0.000000 -0.586186 -0.395388 -0.707145 -0.586186 -0.395388 -0.707145 -0.586186 -0.395388 -0.707145 -0.586186 -0.395388 -0.707145 -0.586186 -0.395388 -0.707145 -0.586206 -0.395401 0.707122 -0.586206 -0.395401 0.707122 -0.586206 -0.395401 0.707122 -0.586206 -0.395401 0.707122 -0.586206 -0.395401 0.707122 -0.586206 -0.395401 0.707122 -0.717608 -0.696447 0.000000 -0.717608 -0.696447 0.000000 -0.717608 -0.696447 0.000000 -0.717608 -0.696447 0.000000 -0.717608 -0.696447 0.000000 0.717638 -0.696416 0.000000 0.717638 -0.696416 0.000000 0.717638 -0.696416 0.000000 0.717638 -0.696416 0.000000 0.717638 -0.696416 0.000000 0.717638 -0.696416 0.000000 0.717638 -0.696416 0.000000 0.000005 -1.000000 -0.000000 0.000005 -1.000000 -0.000000 0.000005 -1.000000 -0.000000 0.000005 -1.000000 -0.000000 0.000005 -1.000000 -0.000000 0.000005 -1.000000 -0.000000 0.000005 -1.000000 -0.000000 0.000005 -1.000000 -0.000000 0.000005 -1.000000 -0.000000 0.000005 -1.000000 -0.000000 0.000005 -1.000000 -0.000000 0.000005 -1.000000 -0.000000 0.000005 -1.000000 -0.000000 0.000005 -1.000000 -0.000000 0.000005 -1.000000 -0.000000 0.000005 -1.000000 -0.000000 0.000005 -1.000000 -0.000000 -0.000005 1.000000 0.000000 -0.000005 1.000000 0.000000 -0.000005 1.000000 0.000000 -0.000005 1.000000 0.000000 -0.000005 1.000000 0.000000 -0.000005 1.000000 0.000000 0.000000 -0.707054 -0.707160 0.000000 -0.707054 -0.707160 0.000000 -0.707054 -0.707160 0.000000 -0.707054 -0.707160 0.000000 -0.707054 -0.707160 0.000000 -0.707054 -0.707160 0.000000 -0.707054 -0.707160 0.000000 -0.707074 0.707139 0.000000 -0.707074 0.707139 0.000000 -0.707074 0.707139 0.000000 -0.707074 0.707139 0.000000 -0.707074 0.707139 0.000000 -0.336336 0.941742 0.000000 -0.336336 0.941742 0.000000 -0.336336 0.941742 0.000000 -0.336336 0.941742 0.000000 0.992149 -0.125061 0.000000 0.992149 -0.125061 0.000000 0.992149 -0.125061 0.000000 0.992149 -0.125061 0.000000 0.232573 0.972579 0.000000 0.232573 0.972579 0.000000 0.232573 0.972579 0.000000 0.232573 0.972579 0.000000 0.232573 0.972579 0.000000 0.232573 0.972579 0.000000 0.232573 0.972579 0.000000 0.232573 0.972579 0.000000 0.181405 -0.983408 0.000000 0.181405 -0.983408 0.000000 0.181405 -0.983408 0.000000 0.181405 -0.983408 0.000000 0.993252 -0.115972 0.000000 0.993252 -0.115972 0.000000 0.993252 -0.115972 0.000000 0.993252 -0.115972 0.000000 0.993252 -0.115972 0.000000 0.993252 -0.115972 0.000000 0.993252 -0.115972 0.000000 0.993252 -0.115972 0.000000 -0.980993 0.194043 0.000000 -0.980993 0.194043 0.000000 -0.980993 0.194043 0.000000 -0.980993 0.194043 0.000000 -0.280567 -0.959834 0.000000 -0.280567 -0.959834 0.000000 -0.280567 -0.959834 0.000000 -0.280567 -0.959834 0.000000 -0.040507 -0.999179 0.000000 -0.040507 -0.999179 0.000000 -0.040507 -0.999179 0.000000 -0.040507 -0.999179 0.000000 -0.040507 -0.999179 0.000000 -0.040507 -0.999179 0.000000 -0.040507 -0.999179 0.000000 -0.040507 -0.999179 0.000000 -0.987045 0.160446 0.000000 -0.987045 0.160446 0.000000 -0.987045 0.160446 0.000000 -0.987045 0.160446 0.000000 -0.303367 0.952874 0.000000 -0.303367 0.952874 0.000000 -0.303367 0.952874 0.000000 -0.303367 0.952874 0.000000 -0.303367 0.952874 0.000000 -0.303367 0.952874 0.000000 -0.303367 0.952874 0.000000 -0.303367 0.952874 0.000000 0.135268 0.990809 0.000000 0.135268 0.990809 0.000000 0.135268 0.990809 0.000000 0.135268 0.990809 0.000000 -0.994660 -0.103207 0.000000 -0.994660 -0.103207 0.000000 -0.994660 -0.103207 0.000000 -0.994660 -0.103207 0.000000 -0.987364 0.158466 0.000000 -0.987364 0.158466 0.000000 -0.987364 0.158466 0.000000 -0.987364 0.158466 0.000000 -0.987364 0.158466 0.000000 -0.987364 0.158466 0.000000 -0.987364 0.158466 0.000000 -0.987364 0.158466 0.000000 0.930979 0.365072 0.000000 0.930979 0.365072 0.000000 0.930979 0.365072 0.000000 0.930979 0.365072 0.000000 0.997199 -0.074790 0.000000 0.997199 -0.074790 0.000000 0.997199 -0.074790 0.000000 0.997199 -0.074790 0.000000 0.997199 -0.074790 0.000000 0.997199 -0.074790 0.000000 0.997199 -0.074790 0.000000 0.997199 -0.074790 1.000000 -0.000004 0.000000 1.000000 -0.000004 0.000000 1.000000 -0.000004 0.000000 1.000000 -0.000004 0.000000 1.000000 -0.000004 0.000000 1.000000 -0.000004 0.000000 1.000000 -0.000004 0.000000 1.000000 -0.000004 0.000000 1.000000 -0.000004 0.000000 1.000000 -0.000004 0.000000 1.000000 -0.000004 0.000000 1.000000 -0.000004 0.000000 1.000000 -0.000004 0.000000 1.000000 -0.000004 0.000000 1.000000 -0.000004 0.000000 1.000000 -0.000004 0.000000 1.000000 -0.000004 0.000000 1.000000 -0.000004 0.000000 1.000000 -0.000004 0.000000 1.000000 -0.000004 0.000000 1.000000 -0.000004 0.000000 1.000000 -0.000004 0.000000 1.000000 -0.000004 0.000000 1.000000 -0.000004 0.000000 1.000000 -0.000004 0.000000 1.000000 -0.000004 0.000000 1.000000 -0.000004 0.000000 1.000000 -0.000004 0.000000 1.000000 -0.000004 0.000000 1.000000 -0.000004 0.000000 1.000000 -0.000004 0.000000 1.000000 -0.000004 0.000000 1.000000 -0.000004 0.000000 1.000000 -0.000004 0.000000 1.000000 -0.000004 0.000000 1.000000 -0.000004 0.000000 1.000000 -0.000004 0.000000 1.000000 -0.000004 0.000000 1.000000 -0.000004 0.000000 1.000000 -0.000004 0.000000 1.000000 -0.000004 0.000000 1.000000 -0.000004 0.000000 1.000000 -0.000004 0.000000 1.000000 -0.000004 0.000000 1.000000 -0.000004 0.000000 1.000000 -0.000004 0.000000 1.000000 -0.000004 0.000000 1.000000 -0.000004 0.000000 1.000000 -0.000004 0.000000 1.000000 -0.000004 0.000000 1.000000 -0.000004 0.000000 1.000000 -0.000004 0.000000 1.000000 -0.000004 0.000000 1.000000 -0.000004 0.000000 1.000000 -0.000004 0.000000 1.000000 -0.000004 0.000000 1.000000 -0.000004 0.000000 1.000000 -0.000004 0.000000 1.000000 -0.000004 0.000000 1.000000 -0.000004 0.000000 1.000000 -0.000004 0.000000 1.000000 -0.000004 0.000000 1.000000 -0.000004 0.000000 1.000000 -0.000004 0.000000 1.000000 -0.000004 0.000000 1.000000 -0.000004 0.000000 1.000000 -0.000004 0.000000 1.000000 -0.000004 0.000000 1.000000 -0.000004 0.000000 1.000000 -0.000004 0.000000 1.000000 -0.000004 0.000000 1.000000 -0.000004 0.000000 1.000000 -0.000004 0.000000 1.000000 -0.000004 0.000000 1.000000 -0.000004 0.000000 1.000000 -0.000004 0.000000 1.000000 -0.000004 0.000000 1.000000 -0.000004 0.000000 1.000000 -0.000004 0.000000 1.000000 -0.000004 0.000000 1.000000 -0.000004 0.000000 1.000000 -0.000004 0.000000 1.000000 -0.000004 0.000000 1.000000 -0.000004 0.000000 1.000000 -0.000004 0.000000 1.000000 -0.000004 0.000000 -0.000001 -1.000000 0.000000 -0.000001 -1.000000 0.000000 -0.000001 -1.000000 0.000000 -0.000001 -1.000000 0.000000 -0.000001 -1.000000 0.000000 -0.000001 -1.000000 0.000000 -0.000001 -1.000000 0.000000 -0.000001 -1.000000 0.000000 -0.000001 -1.000000 0.000000 -0.000001 -1.000000 0.000000 -0.000001 -1.000000 0.000000 -1.000000 -0.000006 0.000000 -1.000000 -0.000006 0.000000 -1.000000 -0.000006 0.000000 -1.000000 -0.000006 0.000000 -1.000000 -0.000006 0.000000 -1.000000 -0.000006 0.000000 -1.000000 -0.000006 0.000000 -1.000000 -0.000006 0.000000 -1.000000 -0.000006 0.000000 -1.000000 -0.000006 0.000000 -1.000000 -0.000006 0.000000 -1.000000 -0.000006 0.000000 -1.000000 -0.000006 0.000000 -1.000000 -0.000006 0.000000 -1.000000 -0.000006 0.000000 -1.000000 -0.000006 0.000000 -1.000000 -0.000006 0.000000 -1.000000 -0.000006 0.000000 -1.000000 -0.000006 0.000000 -1.000000 -0.000006 0.000000 -1.000000 -0.000006 0.000000 -1.000000 -0.000006 0.000000 -1.000000 -0.000006 0.000000 -1.000000 -0.000006 0.000000 -1.000000 -0.000006 0.000000 -1.000000 -0.000006 0.000000 -1.000000 -0.000006 0.000000 -1.000000 -0.000006 0.000000 -1.000000 -0.000006 0.000000 -1.000000 -0.000006 0.000000 -1.000000 -0.000006 0.000000 -1.000000 -0.000006 0.000000 -1.000000 -0.000006 0.000000 -1.000000 -0.000006 0.000000 -1.000000 -0.000006 0.000000 -1.000000 -0.000006 0.000000 -1.000000 -0.000006 0.000000 -1.000000 -0.000006 0.000000 -1.000000 -0.000006 0.000000 -1.000000 -0.000006 0.000000 -1.000000 -0.000006 0.000000 -1.000000 -0.000006 0.000000 -1.000000 -0.000006 0.000000 -1.000000 -0.000006 0.000000 -1.000000 -0.000006 0.000000 -1.000000 -0.000006 0.000000 -1.000000 -0.000006 0.000000 -1.000000 -0.000006 0.000000 -1.000000 -0.000006 0.000000 -1.000000 -0.000006 0.000000 -1.000000 -0.000006 0.000000 -1.000000 -0.000006 0.000000 -1.000000 -0.000006 0.000000 -1.000000 -0.000006 0.000000 -1.000000 -0.000006 0.000000 -1.000000 -0.000006 0.000000 -1.000000 -0.000006 0.000000 -1.000000 -0.000006 0.000000 -1.000000 -0.000006 0.000000 -1.000000 -0.000006 0.000000 -1.000000 -0.000006 0.000000 -1.000000 -0.000006 0.000000 -1.000000 -0.000006 0.000000 -1.000000 -0.000006 0.000000 -1.000000 -0.000006 0.000000 -1.000000 -0.000006 0.000000 -1.000000 -0.000006 0.000000 -1.000000 -0.000006 0.000000 -1.000000 -0.000006 0.000000 -1.000000 -0.000006 0.000000 -1.000000 -0.000006 0.000000 -1.000000 -0.000006 0.000000 -1.000000 -0.000006 0.000000 -1.000000 -0.000006 0.000000 -1.000000 -0.000006 0.000000 -1.000000 -0.000006 0.000000 -1.000000 -0.000006 0.000000 -1.000000 -0.000006 0.000000 -1.000000 -0.000006 0.000000 -1.000000 -0.000006 0.000000 -1.000000 -0.000006 0.000000 -1.000000 -0.000006 0.000000 -1.000000 -0.000006 0.000000 -1.000000 -0.000006 0.000000 -1.000000 -0.000006 0.000000 -1.000000 -0.000006 0.000000 -1.000000 -0.000006 0.000000 -1.000000 -0.000006 0.000000 -1.000000 -0.000006 0.000000 -1.000000 -0.000006 0.000000 -1.000000 -0.000006 0.000000 -1.000000 -0.000006 0.000000 -1.000000 -0.000006 0.000000 -1.000000 -0.000006 0.000000 -1.000000 -0.000006 0.000000 -1.000000 -0.000006 0.000000 -1.000000 -0.000006 0.000000 -1.000000 -0.000006 0.000000 0.000000 -0.194464 -0.980910 0.000000 -0.194464 -0.980910 0.000000 -0.194464 -0.980910 0.000000 -0.194464 -0.980910 0.000000 -0.194464 -0.980910 0.000000 -0.194464 -0.980910 0.000000 -0.194464 -0.980910 0.000000 -0.194464 -0.980910 1.000000 -0.000005 0.000000 1.000000 -0.000005 0.000000 1.000000 -0.000005 0.000000 1.000000 -0.000005 0.000000 1.000000 -0.000005 0.000000 1.000000 -0.000005 0.000000 1.000000 -0.000005 0.000000 -1.000000 0.000007 0.000000 -1.000000 0.000007 0.000000 -1.000000 0.000007 0.000000 -1.000000 0.000007 0.000000 -1.000000 0.000007 0.000000 -1.000000 0.000007 0.000000 -1.000000 0.000007 0.000000 -1.000000 0.000007 0.000000 -1.000000 0.000007 0.000000 -1.000000 0.000007 0.000000 0.000002 1.000000 0.000000 0.000002 1.000000 0.000000 0.000002 1.000000 0.000000 0.000002 1.000000 0.000000 0.000002 1.000000 0.000000 0.000002 1.000000 0.000000 0.000002 1.000000 0.000000 0.000002 1.000000 0.000000 0.000002 1.000000 0.000000 0.000002 1.000000 0.000000 0.000002 1.000000 0.000000 0.000002 1.000000 0.000000 0.000000 -0.000000 -1.000000 0.000000 -0.000000 -1.000000 0.000000 -0.000000 -1.000000 0.000000 -0.000000 -1.000000 0.000000 -0.000000 -1.000000 0.000000 -0.000000 -1.000000 0.000000 -0.000000 -1.000000 0.000000 -0.000000 -1.000000 0.000000 -0.000000 -1.000000 0.000000 -0.000000 -1.000000 0.000000 -0.000000 -1.000000 0.000000 -0.000000 -1.000000 0.000000 -0.000000 -1.000000 1.000000 -0.000001 0.000000 1.000000 -0.000001 0.000000 1.000000 -0.000001 0.000000 1.000000 -0.000001 0.000000 1.000000 -0.000001 0.000000 -1.000000 -0.000004 0.000000 -1.000000 -0.000004 0.000000 -1.000000 -0.000004 0.000000 -1.000000 -0.000004 0.000000 -1.000000 -0.000004 0.000000 -0.000006 1.000000 0.000000 -0.000006 1.000000 0.000000 -0.000006 1.000000 0.000000 -0.000006 1.000000 0.000000 0.000000 -0.000000 -1.000000 0.000000 -0.000000 -1.000000 0.000000 -0.000000 -1.000000 0.000000 -0.000000 -1.000000 0.000000 -0.000000 -1.000000 0.000000 -0.000000 -1.000000 0.000000 -0.000000 -1.000000 0.000000 -0.000000 -1.000000 0.000000 -0.000000 -1.000000 0.000000 -0.000000 -1.000000 0.000000 -0.000000 -1.000000 0.000000 -0.000000 -1.000000 0.000000 -0.000000 1.000000 0.000000 -0.000000 1.000000 0.000000 -0.000000 1.000000 0.000000 -0.000000 1.000000 0.000000 -0.000000 1.000000 0.000000 -0.000000 1.000000 0.000000 -0.000000 1.000000 0.000000 -0.000000 1.000000 0.000000 -0.000000 1.000000 0.717606 -0.696450 0.000000 0.717606 -0.696450 0.000000 0.717606 -0.696450 0.000000 0.717606 -0.696450 0.000000 0.717606 -0.696450 0.000000 0.717606 -0.696450 0.000000 -0.717639 -0.696415 0.000000 -0.717639 -0.696415 0.000000 -0.717639 -0.696415 0.000000 -0.717639 -0.696415 0.000000 -0.717639 -0.696415 0.000000 -0.000005 -1.000000 -0.000000 -0.000005 -1.000000 -0.000000 -0.000005 -1.000000 -0.000000 -0.000005 -1.000000 -0.000000 -0.000005 -1.000000 -0.000000 -0.000005 -1.000000 -0.000000 -0.000005 -1.000000 -0.000000 -0.000005 -1.000000 -0.000000 -0.000005 -1.000000 -0.000000 0.000005 1.000000 0.000000 0.000005 1.000000 0.000000 0.000005 1.000000 0.000000 0.000005 1.000000 0.000000 0.000005 1.000000 0.000000 0.000005 1.000000 0.000000 0.000005 1.000000 0.000000 0.000005 1.000000 0.000000 0.000005 1.000000 0.000000 0.000000 -1.000000 0.000000 0.000000 -1.000000 0.000000 0.000000 -1.000000 0.000000 0.000000 -1.000000 0.000000 0.000000 -1.000000 0.000000 0.000000 -1.000000 0.000000 0.000000 -1.000000 0.000000 0.000000 -1.000000 0.000000 0.000000 -1.000000 0.000000 0.000000 -1.000000 0.000000 0.000000 -1.000000 0.000000 0.000000 -1.000000 0.000000 0.000000 -1.000000 0.000000 0.000000 -1.000000 0.000000 0.000000 -1.000000 0.000000 0.000000 -1.000000 0.000000 0.000000 -1.000000 0.000000 0.000000 -1.000000 0.000000 0.000000 -1.000000 0.000000 0.000000 -1.000000 0.000000 0.000000 -1.000000 0.000000 0.000000 -1.000000 0.000000 0.000000 -1.000000 0.000000 0.000000 -1.000000 0.000000 0.000000 -1.000000 0.000000 0.000000 -1.000000 0.000000 0.000000 -1.000000 0.000000 0.000000 -1.000000 0.000000 0.000000 -1.000000 0.000000 0.000000 -1.000000 0.000000 0.000000 -1.000000 0.000000 0.000000 -1.000000 0.000000 0.000000 -1.000000 0.000000 0.000000 -1.000000 0.000000 0.000000 -1.000000 0.000000 0.000000 -1.000000 0.000000 0.000000 -1.000000 0.000000 0.000000 -1.000000 0.000000 0.000000 -1.000000 0.000000 0.000000 -1.000000 0.000000 0.000000 -1.000000 0.000000 0.000000 -1.000000 0.000000 0.000000 -1.000000 0.000000 0.000000 -1.000000 0.000000 0.000000 -1.000000 0.000000 0.000000 -1.000000 0.000000 0.000000 -1.000000 0.000000 0.000000 -1.000000 0.000000 0.000000 -1.000000 0.000000 0.000000 -1.000000 0.000000 0.000000 -1.000000 0.000000 0.000000 -1.000000 0.000000 0.000000 -1.000000 0.000000 0.000000 -1.000000 0.000000 0.000000 -1.000000 0.000000 0.000000 -1.000000 0.000000 0.000000 -1.000000 0.000000 0.000000 -1.000000 0.000000 0.000000 -1.000000 0.000000 0.000000 -1.000000 0.000000 0.000000 -1.000000 0.000000 0.000000 -1.000000 0.000000 0.000000 -1.000000 0.000000 0.000000 -1.000000 0.000000 0.000000 -1.000000 0.000000 0.000000 -1.000000 0.000000 0.000000 -1.000000 0.000000 0.000000 -1.000000 0.000000 0.000000 -1.000000 0.000000 0.000000 -1.000000 0.000000 0.000000 -1.000000 0.000000 0.000000 -1.000000 0.000000 0.000000 -1.000000 0.000000 0.000000 -1.000000 0.000000 0.000000 -1.000000 0.000000 0.000000 -1.000000 0.000000 0.000000 -1.000000 0.000000 0.000000 -1.000000 0.000000 0.000000 -1.000000 0.000000 0.000000 -1.000000 0.000000 0.000000 -1.000000 0.000000 0.000000 -1.000000 0.000000 0.000000 -1.000000 0.000000 0.000000 -1.000000 0.000000 0.000000 -1.000000 0.000000 0.000000 -1.000000 0.000000 0.000000 -1.000000 0.000000 0.000000 -1.000000 0.000000 0.000000 -1.000000 0.000000 0.000000 -1.000000 0.000000 0.000000 -0.707086 -0.707128 0.000000 -0.707086 -0.707128 0.000000 -0.707086 -0.707128 0.000000 -0.707086 -0.707128 0.000000 -0.707086 -0.707128 0.000000 -0.707085 0.707129 0.000000 -0.707085 0.707129 0.000000 -0.707085 0.707129 0.000000 -0.707085 0.707129 0.000000 -0.707085 0.707129 0.000000 -0.707085 0.707129 0.000000 -0.707085 0.707129 0.717612 -0.696443 0.000000 0.717612 -0.696443 0.000000 0.717612 -0.696443 0.000000 0.717612 -0.696443 0.000000 0.717612 -0.696443 0.000000 -0.717650 -0.696404 0.000000 -0.717650 -0.696404 0.000000 -0.717650 -0.696404 0.000000 -0.717650 -0.696404 0.000000 -0.717650 -0.696404 0.000000 -0.717650 -0.696404 0.000000 -0.717650 -0.696404 0.000000 -0.000005 -1.000000 -0.000000 -0.000005 -1.000000 -0.000000 -0.000005 -1.000000 -0.000000 -0.000005 -1.000000 -0.000000 -0.000005 -1.000000 -0.000000 -0.000005 -1.000000 -0.000000 -0.000005 -1.000000 -0.000000 -0.000005 -1.000000 -0.000000 -0.000005 -1.000000 -0.000000 -0.000005 -1.000000 -0.000000 -0.000005 -1.000000 -0.000000 -0.000005 -1.000000 -0.000000 -0.000005 -1.000000 -0.000000 -0.000005 -1.000000 -0.000000 -0.000005 -1.000000 -0.000000 -0.000005 -1.000000 -0.000000 -0.000005 -1.000000 -0.000000 0.000005 1.000000 0.000000 0.000005 1.000000 0.000000 0.000005 1.000000 0.000000 0.000005 1.000000 0.000000 0.000005 1.000000 0.000000 0.000005 1.000000 0.000000 0.000000 -1.000000 0.000000 0.000000 -1.000000 0.000000 0.000000 -1.000000 0.000000 0.000000 -1.000000 0.000000 0.000000 -1.000000 0.000000 0.000000 -1.000000 0.000000 0.000000 -1.000000 0.000000 0.000000 -1.000000 0.000000 0.000000 -1.000000 0.000000 0.000000 -1.000000 0.000000 0.000000 -1.000000 0.000000 0.000000 -1.000000 0.000000 0.000000 -1.000000 0.000000 0.000000 -1.000000 0.000000 0.000000 -1.000000 0.000000 0.000000 -1.000000 0.000000 0.000000 -1.000000 0.000000 0.000000 -1.000000 0.000000 0.000000 -1.000000 0.000000 0.000000 -1.000000 0.000000 0.000000 -1.000000 0.000000 0.000000 -1.000000 0.000000 0.000000 -1.000000 0.000000 0.000000 -1.000000 0.000000 0.000000 -1.000000 0.000000 0.000000 -1.000000 0.000000 0.000000 -1.000000 0.000000 0.000000 -1.000000 0.000000 0.000000 -1.000000 0.000000 0.000000 -1.000000 0.000000 0.000000 -1.000000 0.000000 0.000000 -1.000000 0.000000 0.000000 -1.000000 0.000000 0.000000 -1.000000 0.000000 0.000000 -1.000000 0.000000 0.000000 -1.000000 0.000000 0.000000 -1.000000 0.000000 0.000000 -1.000000 0.000000 0.000000 -1.000000 0.000000 0.000000 -1.000000 0.000000 0.000000 -1.000000 0.000000 0.000000 -1.000000 0.000000 0.000000 -1.000000 0.000000 0.000000 -1.000000 0.000000 0.000000 -1.000000 0.000000 0.000000 -1.000000 0.000000 0.000000 -1.000000 0.000000 0.000000 -1.000000 0.000000 0.000000 -1.000000 0.000000 0.000000 -1.000000 0.000000 -0.000000 -0.707054 -0.707160 -0.000000 -0.707054 -0.707160 -0.000000 -0.707054 -0.707160 -0.000000 -0.707054 -0.707160 -0.000000 -0.707054 -0.707160 -0.000000 -0.707054 -0.707160 -0.000000 -0.707054 -0.707160 -0.000000 -0.707074 0.707139 -0.000000 -0.707074 0.707139 -0.000000 -0.707074 0.707139 -0.000000 -0.707074 0.707139 -0.000000 -0.707074 0.707139 0.000000 -0.000000 1.000000 0.000000 -0.000000 1.000000 0.000000 -0.000000 1.000000 0.000000 -0.000000 1.000000 0.000000 -0.000000 1.000000 0.000000 -0.000000 1.000000 0.000000 -0.000000 1.000000 0.000000 -0.000000 1.000000 0.000000 -0.000000 1.000000 0.000000 -0.000000 1.000000 0.000000 -0.000000 1.000000 0.000000 -0.000000 1.000000 0.000000 -0.000000 1.000000 0.000000 -0.000000 1.000000 0.000000 -0.000000 1.000000 0.000000 -0.000000 1.000000 0.000000 -0.000000 1.000000 0.000000 -0.000000 1.000000 -0.707196 -0.000001 -0.707017 -0.707196 -0.000001 -0.707017 -0.707196 -0.000001 -0.707017 -0.707196 -0.000001 -0.707017 0.713920 0.000001 -0.700228 0.713920 0.000001 -0.700228 0.713920 0.000001 -0.700228 0.713920 0.000001 -0.700228 0.000000 -0.808725 -0.588186 0.000000 -0.808725 -0.588186 0.000000 -0.808725 -0.588186 0.000000 -0.808725 -0.588186 0.000000 -0.808725 -0.588186 0.000000 -0.000000 -1.000000 0.000000 -0.000000 -1.000000 0.000000 -0.000000 -1.000000 0.000000 -0.000000 -1.000000 1.000000 0.000001 0.000000 1.000000 0.000001 0.000000 1.000000 0.000001 0.000000 1.000000 0.000001 0.000000 1.000000 0.000001 0.000000 0.000001 -0.983875 -0.178859 0.000001 -0.983875 -0.178859 0.000001 -0.983875 -0.178859 0.000001 -0.983875 -0.178859 0.000001 -0.983875 -0.178859 0.000001 -0.983875 -0.178859 0.000001 -0.983875 -0.178859 0.000000 -0.000000 -1.000000 0.000000 -0.000000 -1.000000 0.000000 -0.000000 -1.000000 0.000000 -0.000000 -1.000000 0.000000 -0.000000 -1.000000 0.000000 -0.000000 -1.000000 0.000000 -0.000000 -1.000000 0.000000 -0.000000 -1.000000 0.000000 -0.000000 -1.000000 0.000000 -0.000000 1.000000 0.000000 -0.000000 1.000000 0.000000 -0.000000 1.000000 0.000000 -0.000000 1.000000 0.000000 -0.000000 1.000000 0.000000 -0.000000 1.000000 0.000000 -0.000000 1.000000 0.000000 -0.000000 1.000000 0.000000 -0.000000 1.000000 0.000000 -0.000000 1.000000 0.000000 -0.000000 1.000000 0.000000 -0.000000 1.000000 0.000000 -0.000000 1.000000 0.000000 -0.000000 1.000000 0.000000 -0.000000 1.000000 0.000000 -0.000000 1.000000 0.000000 -0.000000 1.000000 0.000000 -0.000000 1.000000 0.000000 -0.000000 1.000000 0.000000 -0.000000 1.000000 0.000000 -0.000000 1.000000 0.000000 -0.000000 1.000000 0.000000 -0.000000 1.000000 0.000000 -0.000000 1.000000 0.000000 -0.000000 1.000000 0.000000 -0.000000 1.000000 0.000000 -0.000000 1.000000 0.000000 -0.000000 1.000000 0.000000 -0.000000 1.000000 0.000000 -0.000000 1.000000 0.000000 0.743145 0.669131 0.000000 0.743145 0.669131 0.000000 0.743145 0.669131 0.000000 0.743145 0.669131 0.000000 0.743145 0.669131 0.000000 0.743145 0.669131 0.000000 0.743145 0.669131 0.000000 0.743145 0.669131 0.000000 0.743145 0.669131 0.000000 0.743145 0.669131 0.000000 0.743145 0.669131 0.000000 0.743145 0.669131 0.000000 0.743145 0.669131 0.000000 0.743145 0.669131 0.000000 0.743145 0.669131 0.000000 0.743145 0.669131 0.000000 0.743145 0.669131 0.000000 0.743145 0.669131 0.000000 0.743145 0.669131 0.000000 0.743145 0.669131 0.000000 0.743145 0.669131 0.000000 0.743145 0.669131 0.000000 0.743145 0.669131 0.000000 0.743145 0.669131 0.000000 0.743145 0.669131 0.000000 0.743145 0.669131 0.000000 0.743145 0.669131 0.000000 0.743145 0.669131 0.000000 0.743145 0.669131 0.000000 0.743145 0.669131 0.000000 0.743145 0.669131 0.000000 0.743145 0.669131 0.000000 0.743145 0.669131 0.000000 0.743145 0.669131 0.000000 0.743145 0.669131 0.000000 0.743145 0.669131 0.000000 0.743145 0.669131 0.000000 0.743145 0.669131 0.000000 0.743145 0.669131 0.000000 0.743145 0.669131 0.000000 0.743145 0.669131 0.000000 0.743145 0.669131 0.000000 0.743145 0.669131 0.000000 0.743145 0.669131 0.000000 0.743145 0.669131 -0.707120 -0.473138 0.525473 -0.707120 -0.473138 0.525473 -0.707120 -0.473138 0.525473 -0.707120 -0.473138 0.525473 -0.707120 -0.473138 0.525473 0.707116 -0.473140 0.525475 0.707116 -0.473140 0.525475 0.707116 -0.473140 0.525475 0.707116 -0.473140 0.525475 0.707116 -0.473140 0.525475 0.000000 0.235492 0.971876 0.000000 0.235492 0.971876 0.000000 0.235492 0.971876 0.000000 0.235492 0.971876 0.000000 0.669130 -0.743145 0.000000 0.669130 -0.743145 0.000000 0.669130 -0.743145 0.000000 0.669130 -0.743145 -0.903739 -0.286444 0.318128 -0.903739 -0.286444 0.318128 -0.903739 -0.286444 0.318128 -0.903739 -0.286444 0.318128 0.903738 -0.286445 0.318130 0.903738 -0.286445 0.318130 0.903738 -0.286445 0.318130 0.903738 -0.286445 0.318130 0.000000 -0.743145 -0.669131 0.000000 -0.743145 -0.669131 0.000000 -0.743145 -0.669131 0.000000 -0.743145 -0.669131 0.000000 -0.743145 -0.669131 0.000000 -0.743145 -0.669131 0.000000 -0.743145 -0.669131 0.000000 -0.743145 -0.669131 0.000000 -0.743145 -0.669131 0.000000 -0.743145 -0.669131 0.000000 -0.743145 -0.669131 0.000000 -0.743145 -0.669131 0.000000 -0.743145 -0.669131 0.000000 0.307877 0.951426 0.000000 0.307877 0.951426 0.000000 0.307877 0.951426 0.000000 0.307877 0.951426 0.000000 0.307877 0.951426 0.000000 0.307877 0.951426 0.000000 -0.669130 0.743145 0.000000 -0.669130 0.743145 0.000000 -0.669130 0.743145 0.000000 -0.669130 0.743145 0.000000 -0.669130 0.743145 0.000000 -0.669130 0.743145 0.000000 -0.669130 0.743145 0.000000 -0.669130 0.743145 0.000000 -0.669130 0.743145 0.000000 -0.669130 0.743145 0.000000 -0.669130 0.743145 0.000000 -0.669130 0.743145 0.000000 -0.669130 0.743145 0.000000 -0.669130 0.743145 1.000000 -0.000000 0.000000 1.000000 -0.000000 0.000000 1.000000 -0.000000 0.000000 1.000000 -0.000000 0.000000 1.000000 -0.000000 0.000000 1.000000 -0.000000 0.000000 1.000000 -0.000000 0.000000 1.000000 -0.000000 0.000000 1.000000 -0.000000 0.000000 -1.000000 -0.000000 0.000000 -1.000000 -0.000000 0.000000 -1.000000 -0.000000 0.000000 -1.000000 -0.000000 0.000000 -1.000000 -0.000000 0.000000 -1.000000 -0.000000 0.000000 -1.000000 -0.000000 0.000000 -1.000000 -0.000000 0.000000 -1.000000 -0.000000 0.000000 0.000000 0.743143 0.669133 0.000000 0.743143 0.669133 0.000000 0.743143 0.669133 0.000000 0.743143 0.669133 0.000000 0.743143 0.669133 0.000000 0.743143 0.669133 0.000000 0.743143 0.669133 0.000000 0.743143 0.669133 0.000000 -1.000000 0.000000 0.000000 -1.000000 0.000000 0.000000 -1.000000 0.000000 0.000000 -1.000000 0.000000 0.000000 -1.000000 0.000000 0.000000 -1.000000 0.000000 0.000000 0.669129 -0.743146 0.000000 0.669129 -0.743146 0.000000 0.669129 -0.743146 0.000000 0.669129 -0.743146 0.000000 0.669129 -0.743146 0.000000 0.669129 -0.743146 0.000000 0.669129 -0.743146 0.000000 0.669129 -0.743146 0.000000 0.669129 -0.743146 0.000000 0.669129 -0.743146 0.000000 0.669129 -0.743146 0.000000 0.669129 -0.743146 0.000000 0.669129 -0.743146 0.000000 0.669129 -0.743146 0.000000 0.669129 -0.743146 0.000000 0.669129 -0.743146 0.000000 0.669129 -0.743146 0.000000 0.669129 -0.743146 0.000000 0.669129 -0.743146 0.000000 0.669129 -0.743146 0.000000 0.669129 -0.743146 0.000000 0.669129 -0.743146 0.000000 0.669129 -0.743146 0.000000 0.669129 -0.743146 0.000000 0.669129 -0.743146 0.000000 0.669129 -0.743146 0.000000 0.669129 -0.743146 0.000000 0.669129 -0.743146 0.000000 0.669129 -0.743146 0.000000 0.669129 -0.743146 0.000000 0.669129 -0.743146 0.000000 0.669129 -0.743146 -1.000000 0.000000 -0.000000 -1.000000 0.000000 -0.000000 -1.000000 0.000000 -0.000000 -1.000000 0.000000 -0.000000 -1.000000 0.000000 -0.000000 -1.000000 0.000000 -0.000000 -1.000000 0.000000 -0.000000 -1.000000 0.000000 -0.000000 -1.000000 0.000000 -0.000000 -1.000000 0.000000 -0.000000 -1.000000 0.000000 -0.000000 -1.000000 0.000000 -0.000000 -1.000000 0.000000 -0.000000 -1.000000 0.000000 -0.000000 -1.000000 0.000000 -0.000000 -1.000000 0.000000 -0.000000 -1.000000 0.000000 -0.000000 -1.000000 0.000000 -0.000000 -1.000000 0.000000 -0.000000 -1.000000 0.000000 -0.000000 -1.000000 0.000000 -0.000000 -1.000000 0.000000 -0.000000 -1.000000 0.000000 -0.000000 -1.000000 0.000000 -0.000000 -1.000000 0.000000 -0.000000 -1.000000 0.000000 -0.000000 -1.000000 0.000000 -0.000000 -1.000000 0.000000 -0.000000 -1.000000 0.000000 -0.000000 -1.000000 0.000000 -0.000000 -1.000000 0.000000 -0.000000 -1.000000 0.000000 -0.000000 -1.000000 0.000000 -0.000000 -1.000000 0.000000 -0.000000 -1.000000 0.000000 -0.000000 -1.000000 0.000000 -0.000000 -1.000000 0.000000 -0.000000 -1.000000 0.000000 -0.000000 -1.000000 0.000000 -0.000000 -1.000000 0.000000 -0.000000 -1.000000 0.000000 -0.000000 -1.000000 0.000000 -0.000000 -1.000000 0.000000 -0.000000 -1.000000 0.000000 -0.000000 -1.000000 0.000000 -0.000000 -1.000000 0.000000 -0.000000 -1.000000 0.000000 -0.000000 -1.000000 0.000000 -0.000000 -1.000000 0.000000 -0.000000 -1.000000 0.000000 -0.000000 -1.000000 0.000000 -0.000000 -1.000000 0.000000 -0.000000 -1.000000 0.000000 -0.000000 -1.000000 0.000000 -0.000000 -1.000000 0.000000 -0.000000 -1.000000 0.000000 -0.000000 -1.000000 0.000000 -0.000000 -1.000000 0.000000 -0.000000 -1.000000 0.000000 -0.000000 -1.000000 0.000000 -0.000000 1.000000 -0.000000 0.000000 1.000000 -0.000000 0.000000 1.000000 -0.000000 0.000000 1.000000 -0.000000 0.000000 1.000000 0.000000 -0.000000 1.000000 0.000000 -0.000000 1.000000 0.000000 -0.000000 1.000000 0.000000 -0.000000 1.000000 0.000000 -0.000000 1.000000 0.000000 -0.000000 1.000000 0.000000 -0.000000 1.000000 0.000000 -0.000000 1.000000 0.000000 -0.000000 1.000000 0.000000 -0.000000 1.000000 0.000000 -0.000000 1.000000 0.000000 -0.000000 1.000000 0.000000 -0.000000 1.000000 0.000000 -0.000000 1.000000 0.000000 -0.000000 1.000000 0.000000 -0.000000 1.000000 0.000000 -0.000000 1.000000 0.000000 -0.000000 1.000000 0.000000 -0.000000 1.000000 0.000000 -0.000000 1.000000 0.000000 -0.000000 1.000000 0.000000 -0.000000 1.000000 0.000000 -0.000000 1.000000 0.000000 -0.000000 1.000000 0.000000 -0.000000 1.000000 0.000000 -0.000000 1.000000 0.000000 -0.000000 1.000000 0.000000 -0.000000 1.000000 0.000000 -0.000000 1.000000 0.000000 -0.000000 1.000000 0.000000 -0.000000 1.000000 0.000000 -0.000000 1.000000 0.000000 -0.000000 1.000000 0.000000 -0.000000 1.000000 0.000000 -0.000000 1.000000 0.000000 -0.000000 1.000000 0.000000 -0.000000 1.000000 0.000000 -0.000000 1.000000 0.000000 -0.000000 1.000000 0.000000 -0.000000 1.000000 0.000000 -0.000000 1.000000 0.000000 -0.000000 1.000000 0.000000 -0.000000 1.000000 0.000000 -0.000000 1.000000 0.000000 -0.000000 1.000000 0.000000 -0.000000 1.000000 0.000000 -0.000000 1.000000 0.000000 -0.000000 1.000000 0.000000 -0.000000 1.000000 0.000000 -0.000000 1.000000 0.000000 -0.000000 1.000000 0.000000 -0.000000 1.000000 0.000000 -0.000000 1.000000 0.000000 -0.000000 1.000000 0.000000 -0.000000 1.000000 0.000000 -0.000000 1.000000 0.000000 -0.000000 1.000000 0.000000 -0.000000 1.000000 0.000000 -0.000000 1.000000 0.000000 -0.000000 1.000000 0.000000 -0.000000 1.000000 0.000000 -0.000000 1.000000 0.000000 -0.000000 1.000000 0.000000 -0.000000 1.000000 0.000000 -0.000000 1.000000 0.000000 -0.000000 0.000000 -0.000000 1.000000 0.000000 -0.000000 1.000000 0.000000 -0.000000 1.000000 0.000000 -0.000000 1.000000 0.000000 -0.743147 -0.669129 0.000000 -0.743147 -0.669129 0.000000 -0.743147 -0.669129 0.000000 -0.743147 -0.669129 0.000000 -0.743147 -0.669129 0.000000 -0.743147 -0.669129 0.000000 -0.743147 -0.669129 0.000000 -0.743147 -0.669129 0.000000 -0.743147 -0.669129 0.000000 -0.743147 -0.669129 0.000000 -0.743147 -0.669129 0.000000 -0.743147 -0.669129 0.000000 -0.743147 -0.669129 0.000000 -0.743147 -0.669129 0.000000 0.743143 0.669132 0.000000 0.743143 0.669132 0.000000 0.743143 0.669132 0.000000 0.743143 0.669132 0.000000 0.669128 -0.743147 0.000000 0.669128 -0.743147 0.000000 0.669128 -0.743147 0.000000 0.669128 -0.743147 0.000000 -0.669129 0.743146 0.000000 -0.669129 0.743146 0.000000 -0.669129 0.743146 0.000000 -0.669129 0.743146 0.000000 -0.669129 0.743146 0.000000 -0.669129 0.743146 0.000000 -0.743144 -0.669131 0.000000 -0.743144 -0.669131 0.000000 -0.743144 -0.669131 0.000000 -0.743144 -0.669131 0.000000 -0.743144 -0.669131 0.000000 -0.743144 -0.669131 0.000000 -0.743144 -0.669131 0.000000 -0.743144 -0.669131 0.000000 -0.743144 -0.669131 0.000000 -0.743144 -0.669131 0.000000 -0.743144 -0.669131 0.000000 0.743142 0.669134 0.000000 0.743142 0.669134 0.000000 0.743142 0.669134 0.000000 0.743142 0.669134 0.000000 0.743142 0.669134 0.000000 0.743142 0.669134 0.000000 0.743142 0.669134 -0.000000 -0.669130 0.743146 -0.000000 -0.669130 0.743146 -0.000000 -0.669130 0.743146 -0.000000 -0.669130 0.743146 -0.000000 -0.669130 0.743146 -0.000000 -0.669130 0.743146 -0.000000 -0.669130 0.743146 -0.000000 -0.669130 0.743146 -0.000000 -0.669130 0.743146 -0.000000 -0.669130 0.743146 -0.000000 -0.669130 0.743146 -0.000000 -0.669130 0.743146 -0.000000 -0.669130 0.743146 -0.000000 -0.669130 0.743146 -0.000000 -0.669130 0.743146 -0.000000 -0.669130 0.743146 -0.000000 -0.669130 0.743146 -0.000000 -0.669130 0.743146 -0.000000 -0.669130 0.743146 -0.000000 -0.669130 0.743146 -0.000000 -0.669130 0.743146 -0.000000 -0.669130 0.743146 -0.000000 -0.669130 0.743146 -0.000000 -0.669130 0.743146 -0.000000 -0.669130 0.743146 -0.000000 -0.669130 0.743146 -0.000000 -0.669130 0.743146 -0.000000 -0.669130 0.743146 -0.000000 -0.669130 0.743146 -0.000000 -0.669130 0.743146 -0.000000 -0.669130 0.743146 -0.000000 -0.669130 0.743146 -0.000000 -0.669130 0.743146 -0.000000 -0.669130 0.743146 0.000000 -0.669130 0.743145 0.000000 -0.669130 0.743145 0.000000 -0.669130 0.743145 0.000000 -0.669130 0.743145 0.000000 -0.669130 0.743145 0.000000 -0.669130 0.743145 0.000000 -0.669130 0.743145 0.000000 -0.669130 0.743145 0.000000 -0.669130 0.743145 0.000000 -0.669130 0.743145 0.000000 -0.669130 0.743145 0.000000 -0.669130 0.743145 0.000000 -0.669130 0.743145 0.000000 -0.669130 0.743145 0.000000 -0.669130 0.743145 0.000000 -0.669130 0.743145 0.000000 -0.669130 0.743145 0.000000 -0.669130 0.743145 0.000000 -0.669130 0.743145 0.000000 -0.669130 0.743145 0.000000 -0.669130 0.743145 0.000000 -0.669130 0.743145 0.000000 -0.669130 0.743145 0.000000 -0.669130 0.743145 1.000000 -0.000000 0.000000 1.000000 -0.000000 0.000000 1.000000 -0.000000 0.000000 1.000000 -0.000000 0.000000 1.000000 -0.000000 0.000000 1.000000 -0.000000 0.000000 1.000000 -0.000000 0.000000 1.000000 -0.000000 0.000000 1.000000 -0.000000 0.000000 1.000000 -0.000000 0.000000 1.000000 -0.000000 0.000000 1.000000 -0.000000 0.000000 1.000000 -0.000000 0.000000 1.000000 -0.000000 0.000000 1.000000 -0.000000 0.000000 1.000000 -0.000000 0.000000 1.000000 -0.000000 0.000000 1.000000 -0.000000 0.000000 1.000000 -0.000000 0.000000 1.000000 -0.000000 0.000000 1.000000 -0.000000 0.000000 1.000000 -0.000000 0.000000 1.000000 -0.000000 0.000000 1.000000 -0.000000 0.000000 1.000000 -0.000000 0.000000 1.000000 -0.000000 0.000000 1.000000 -0.000000 0.000000 1.000000 -0.000000 0.000000 1.000000 -0.000000 0.000000 1.000000 -0.000000 0.000000 1.000000 -0.000000 0.000000 1.000000 -0.000000 0.000000 1.000000 -0.000000 0.000000 1.000000 -0.000000 0.000000 1.000000 -0.000000 0.000000 1.000000 -0.000000 0.000000 1.000000 -0.000000 0.000000 1.000000 -0.000000 0.000000 1.000000 -0.000000 0.000000 1.000000 -0.000000 0.000000 1.000000 -0.000000 0.000000 1.000000 -0.000000 0.000000 1.000000 -0.000000 0.000000 1.000000 -0.000000 0.000000 1.000000 -0.000000 0.000000 1.000000 -0.000000 0.000000 1.000000 -0.000000 0.000000 1.000000 -0.000000 0.000000 1.000000 -0.000000 0.000000 1.000000 -0.000000 0.000000 1.000000 -0.000000 0.000000 1.000000 -0.000000 0.000000 1.000000 -0.000000 0.000000 1.000000 -0.000000 0.000000 0.000000 -0.743145 -0.669130 0.000000 -0.743145 -0.669130 0.000000 -0.743145 -0.669130 0.000000 -0.743145 -0.669130 0.000000 -0.743145 -0.669130 0.000000 -0.743145 -0.669130 0.000000 -0.743145 -0.669130 0.000000 -0.743145 -0.669130 0.000000 -0.743145 -0.669130 0.000000 -0.743145 -0.669130 0.000000 -0.743145 -0.669130 0.000000 -0.743145 -0.669130 0.000000 -0.743145 -0.669130 0.000000 -0.743145 -0.669130 0.000000 -0.743145 -0.669130 0.000000 -0.743145 -0.669130 0.000000 -0.743145 -0.669130 0.000000 -0.743145 -0.669130 0.000000 0.743146 0.669129 0.000000 0.743146 0.669129 0.000000 0.743146 0.669129 0.000000 0.743146 0.669129 0.000000 0.743146 0.669129 0.000000 0.743146 0.669129 0.000000 0.743146 0.669129 0.000000 0.743146 0.669129 0.000000 0.743146 0.669129 0.000000 0.743146 0.669129 0.000000 0.743146 0.669129 0.000000 0.743146 0.669129 0.000000 0.743146 0.669129 0.000000 0.743146 0.669129 0.000000 0.743146 0.669129 0.000000 0.743146 0.669129 0.000000 0.669132 -0.743144 0.000000 0.669132 -0.743144 0.000000 0.669132 -0.743144 0.000000 0.669132 -0.743144 0.000000 0.669132 -0.743144 0.000000 0.669132 -0.743144 0.000000 0.669132 -0.743144 0.000000 0.669132 -0.743144 0.000000 0.669132 -0.743144 0.000000 -0.669132 0.743144 0.000000 -0.669132 0.743144 0.000000 -0.669132 0.743144 0.000000 -0.669132 0.743144 0.000000 -0.669132 0.743144 0.000000 -0.669132 0.743144 0.000000 -0.669132 0.743144 0.000000 -0.669132 0.743144 0.000000 -0.669132 0.743144 0.000000 -0.669132 0.743144 0.000000 -0.669132 0.743144 0.000000 -0.669132 0.743144 0.000000 -0.669132 0.743144 0.000000 -0.669132 0.743144 0.000000 -0.669132 0.743144 0.000000 -0.669132 0.743144 0.000000 -0.669132 0.743144 0.000000 -0.669132 0.743144 0.000000 -0.669132 0.743144 0.000000 -0.669132 0.743144 0.000006 -0.743145 -0.669130 0.000006 -0.743145 -0.669130 0.000006 -0.743145 -0.669130 0.000006 -0.743145 -0.669130 -0.000000 0.669133 -0.743143 -0.000000 0.669133 -0.743143 -0.000000 0.669133 -0.743143 -0.000000 0.669133 -0.743143 0.000000 -0.669134 0.743142 0.000000 -0.669134 0.743142 0.000000 -0.669134 0.743142 0.000000 -0.669134 0.743142 -0.717522 0.517626 0.466074 -0.717522 0.517626 0.466074 -0.717522 0.517626 0.466074 -0.717522 0.517626 0.466074 -0.717522 0.517626 0.466074 -0.717522 0.517626 0.466074 -0.717522 0.517626 0.466074 -0.717522 0.517626 0.466074 -0.717522 0.517626 0.466074 0.717709 0.517484 0.465944 0.717709 0.517484 0.465944 0.717709 0.517484 0.465944 0.717709 0.517484 0.465944 0.717709 0.517484 0.465944 0.717709 0.517484 0.465944 0.717709 0.517484 0.465944 0.000004 0.743146 0.669129 0.000004 0.743146 0.669129 0.000004 0.743146 0.669129 0.000004 0.743146 0.669129 0.000004 0.743146 0.669129 0.000004 0.743146 0.669129 0.000004 0.743146 0.669129 0.000004 0.743146 0.669129 0.000004 0.743146 0.669129 0.000004 0.743146 0.669129 0.000004 0.743146 0.669129 0.000004 0.743146 0.669129 0.000004 0.743146 0.669129 0.000004 0.743146 0.669129 0.000004 0.743146 0.669129 0.000004 0.743146 0.669129 -0.000004 -0.743146 -0.669129 -0.000004 -0.743146 -0.669129 -0.000004 -0.743146 -0.669129 -0.000004 -0.743146 -0.669129 -0.000004 -0.743146 -0.669129 -0.000004 -0.743146 -0.669129 0.000000 0.998624 -0.052439 0.000000 0.998624 -0.052439 0.000000 0.998624 -0.052439 0.000000 0.998624 -0.052439 0.000000 0.998624 -0.052439 0.000000 0.998624 -0.052439 -0.000000 0.052220 0.998636 -0.000000 0.052220 0.998636 -0.000000 0.052220 0.998636 -0.000000 0.052220 0.998636 -1.000000 -0.000000 0.000000 -1.000000 -0.000000 0.000000 -1.000000 -0.000000 0.000000 -1.000000 -0.000000 0.000000 -1.000000 -0.000000 0.000000 -1.000000 -0.000000 0.000000 -1.000000 -0.000000 0.000000 -1.000000 -0.000000 0.000000 -1.000000 -0.000000 0.000000 -1.000000 -0.000000 0.000000 -1.000000 -0.000000 0.000000 1.000000 -0.000000 0.000000 1.000000 -0.000000 0.000000 1.000000 -0.000000 0.000000 1.000000 -0.000000 0.000000 1.000000 -0.000000 0.000000 1.000000 -0.000000 0.000000 1.000000 -0.000000 0.000000 1.000000 -0.000000 0.000000 1.000000 -0.000000 0.000000 1.000000 -0.000000 0.000000 1.000000 -0.000000 0.000000 1.000000 -0.000000 0.000000 1.000000 -0.000000 0.000000 1.000000 -0.000000 0.000000 1.000000 -0.000000 0.000000 1.000000 -0.000000 0.000000 1.000000 -0.000000 0.000000 1.000000 -0.000000 0.000000 1.000000 -0.000000 0.000000 1.000000 -0.000000 0.000000 1.000000 -0.000000 0.000000 1.000000 -0.000000 0.000000 1.000000 -0.000000 0.000000 1.000000 -0.000000 0.000000 1.000000 -0.000000 0.000000 1.000000 -0.000000 0.000000 0.000004 -0.743145 -0.669131 0.000004 -0.743145 -0.669131 0.000004 -0.743145 -0.669131 0.000004 -0.743145 -0.669131 0.000004 -0.743145 -0.669131 0.000004 -0.743145 -0.669131 -0.000002 -0.669131 0.743145 -0.000002 -0.669131 0.743145 -0.000002 -0.669131 0.743145 -0.000002 -0.669131 0.743145 -0.000002 -0.669131 0.743145 -0.000002 -0.669131 0.743145 -0.000002 -0.669131 0.743145 -0.000002 -0.669131 0.743145 -0.000002 -0.669131 0.743145 -0.000002 -0.669131 0.743145 -0.000002 -0.669131 0.743145 -0.000002 -0.669131 0.743145 -0.000002 -0.669131 0.743145 -0.000002 -0.669131 0.743145 -0.000002 -0.669131 0.743145 -0.000002 -0.669131 0.743145 -0.000002 -0.669131 0.743145 -0.000002 -0.669131 0.743145 -0.000002 -0.669131 0.743145 -0.000002 -0.669131 0.743145 -0.000002 -0.669131 0.743145 -0.000002 -0.669131 0.743145 -0.000002 -0.669131 0.743145 -0.000002 -0.669131 0.743145 -0.000002 -0.669131 0.743145 -0.000002 -0.669131 0.743145 -0.000002 -0.669131 0.743145 -0.000002 -0.669131 0.743145 -0.000002 -0.669131 0.743145 -0.000002 -0.669131 0.743145 -0.000002 -0.669131 0.743145 -0.000002 -0.669131 0.743145 -0.000002 -0.669131 0.743145 -0.717511 0.517635 0.466082 -0.717511 0.517635 0.466082 -0.717511 0.517635 0.466082 -0.717511 0.517635 0.466082 -0.717511 0.517635 0.466082 -0.717511 0.517635 0.466082 -0.717511 0.517635 0.466082 -0.717511 0.517635 0.466082 0.717628 0.517545 0.466001 0.717628 0.517545 0.466001 0.717628 0.517545 0.466001 0.717628 0.517545 0.466001 0.717628 0.517545 0.466001 0.717628 0.517545 0.466001 0.000013 0.743143 0.669133 0.000013 0.743143 0.669133 0.000013 0.743143 0.669133 0.000013 0.743143 0.669133 -0.000013 -0.743143 -0.669133 -0.000013 -0.743143 -0.669133 -0.000013 -0.743143 -0.669133 -0.000013 -0.743143 -0.669133 -0.000013 -0.743143 -0.669133 -0.000013 -0.743143 -0.669133 -0.000013 -0.743143 -0.669133 -0.000013 -0.743143 -0.669133 -0.000013 -0.743143 -0.669133 -0.000013 -0.743143 -0.669133 -0.000013 -0.743143 -0.669133 -0.000013 -0.743143 -0.669133 -0.000013 -0.743143 -0.669133 -0.000013 -0.743143 -0.669133 -0.000013 -0.743143 -0.669133 -0.000013 -0.743143 -0.669133 -0.000013 -0.743143 -0.669133 1.000000 -0.000000 0.000000 1.000000 -0.000000 0.000000 1.000000 -0.000000 0.000000 1.000000 -0.000000 0.000000 -1.000000 -0.000000 -0.000000 -1.000000 -0.000000 -0.000000 -1.000000 -0.000000 -0.000000 -1.000000 -0.000000 -0.000000 -1.000000 -0.000000 -0.000000 -1.000000 -0.000000 -0.000000 -1.000000 -0.000000 -0.000000 -1.000000 -0.000000 -0.000000 -1.000000 -0.000000 -0.000000 -0.000004 -0.743145 -0.669131 -0.000004 -0.743145 -0.669131 -0.000004 -0.743145 -0.669131 -0.000004 -0.743145 -0.669131 -0.000004 -0.743145 -0.669131 -0.000001 0.669126 -0.743149 -0.000001 0.669126 -0.743149 -0.000001 0.669126 -0.743149 -0.000001 0.669126 -0.743149 -0.000001 0.669126 -0.743149 -0.000001 0.669126 -0.743149 -0.000001 0.669126 -0.743149 -0.000001 0.669126 -0.743149 -0.000001 0.669126 -0.743149 -0.000001 0.669126 -0.743149 -0.000001 0.669126 -0.743149 -0.000001 0.669126 -0.743149 -0.000001 0.669126 -0.743149 -0.000001 0.669126 -0.743149 -0.000001 0.669126 -0.743149 -0.000001 0.669126 -0.743149 -0.000001 0.669126 -0.743149 -0.000001 0.669126 -0.743149 -0.000001 0.669126 -0.743149 -0.000001 0.669126 -0.743149 0.000002 -0.669131 0.743145 0.000002 -0.669131 0.743145 0.000002 -0.669131 0.743145 0.000002 -0.669131 0.743145 0.000002 -0.669131 0.743145 0.000002 -0.669131 0.743145 0.000002 -0.669131 0.743145 0.000002 -0.669131 0.743145 0.000002 -0.669131 0.743145 0.000002 -0.669131 0.743145 0.717598 0.517569 0.466022 0.717598 0.517569 0.466022 0.717598 0.517569 0.466022 0.717598 0.517569 0.466022 0.717598 0.517569 0.466022 0.717598 0.517569 0.466022 0.717598 0.517569 0.466022 0.717598 0.517569 0.466022 0.717598 0.517569 0.466022 -0.717628 0.517545 0.466001 -0.717628 0.517545 0.466001 -0.717628 0.517545 0.466001 -0.717628 0.517545 0.466001 -0.717628 0.517545 0.466001 -0.717628 0.517545 0.466001 -0.717628 0.517545 0.466001 -0.717628 0.517545 0.466001 -0.000013 0.743143 0.669133 -0.000013 0.743143 0.669133 -0.000013 0.743143 0.669133 -0.000013 0.743143 0.669133 0.000013 -0.743143 -0.669133 0.000013 -0.743143 -0.669133 0.000013 -0.743143 -0.669133 0.000013 -0.743143 -0.669133 0.000013 -0.743143 -0.669133 0.000013 -0.743143 -0.669133 0.000013 -0.743143 -0.669133 0.000013 -0.743143 -0.669133 0.000013 -0.743143 -0.669133 0.000013 -0.743143 -0.669133 0.000013 -0.743143 -0.669133 0.000013 -0.743143 -0.669133 0.000013 -0.743143 -0.669133 0.000013 -0.743143 -0.669133 0.000013 -0.743143 -0.669133 0.000013 -0.743143 -0.669133 0.000013 -0.743143 -0.669133 0.000000 0.743146 0.669129 0.000000 0.743146 0.669129 0.000000 0.743146 0.669129 0.000000 0.743146 0.669129 0.000000 0.743146 0.669129 0.000000 0.743146 0.669129 0.000000 0.743146 0.669129 0.000000 0.743146 0.669129 0.000000 0.743146 0.669129 0.000000 0.743146 0.669129 0.000000 0.743146 0.669129 0.000000 0.743146 0.669129 0.000000 0.743146 0.669129 0.000000 0.743146 0.669129 0.000000 0.743146 0.669129 0.000000 0.743146 0.669129 0.000000 0.743146 0.669129 0.000000 0.743146 0.669129 0.000000 0.743146 0.669129 0.000000 0.743146 0.669129 0.000000 0.743146 0.669129 0.000000 0.743146 0.669129 0.000000 0.743146 0.669129 0.000000 0.743146 0.669129 0.000000 0.743146 0.669129 0.000000 0.743146 0.669129 0.000000 0.743146 0.669129 0.000000 0.743146 0.669129 0.000000 0.743146 0.669129 0.000000 0.743146 0.669129 0.000000 0.743146 0.669129 0.000000 0.743146 0.669129 0.000000 0.743146 0.669129 0.000000 0.743146 0.669129 0.000000 0.743146 0.669129 0.000000 0.743146 0.669129 0.000000 0.743146 0.669129 0.000000 0.743146 0.669129 0.000000 0.743146 0.669129 0.000000 0.743146 0.669129 0.000000 0.743146 0.669129 0.000000 0.743146 0.669129 0.000000 0.743146 0.669129 0.000000 0.743146 0.669129 0.000000 0.743146 0.669129 0.000000 0.743146 0.669129 0.000000 0.743146 0.669129 0.000000 0.743146 0.669129 0.000000 0.743146 0.669129 0.000000 0.743146 0.669129 0.000000 0.743146 0.669129 0.000000 0.743146 0.669129 0.000000 0.743146 0.669129 0.000000 0.743146 0.669129 0.000000 0.743146 0.669129 0.000000 0.743146 0.669129 0.000000 0.743146 0.669129 0.000000 0.743146 0.669129 0.000000 0.743146 0.669129 0.000000 0.743146 0.669129 0.000000 0.743146 0.669129 0.000000 0.743146 0.669129 0.000000 0.743146 0.669129 0.000000 0.743146 0.669129 0.000000 0.743146 0.669129 0.000000 0.743146 0.669129 0.000000 0.743146 0.669129 0.000000 0.743146 0.669129 0.000000 0.743146 0.669129 0.000000 0.743146 0.669129 0.000000 0.743146 0.669129 0.000000 0.743146 0.669129 0.000000 0.743146 0.669129 0.000000 0.743146 0.669129 0.000000 0.743146 0.669129 0.000000 0.743146 0.669129 0.000000 0.743146 0.669129 0.000000 0.743146 0.669129 0.000000 0.743146 0.669129 0.000000 0.743146 0.669129 0.000000 0.743146 0.669129 0.000000 0.743146 0.669129 0.000000 0.743146 0.669129 0.000000 0.743146 0.669129 0.000000 0.743146 0.669129 0.000000 0.743146 0.669129 0.000000 0.743146 0.669129 0.000000 0.743146 0.669129 0.000000 0.743146 0.669129 0.000000 0.743146 0.669129 0.000000 0.743146 0.669129 0.000000 0.743146 0.669129 0.000000 0.743146 0.669129 0.000000 0.743146 0.669129 0.000000 0.743146 0.669129 0.000000 0.743146 0.669129 0.000000 0.743146 0.669129 0.000000 0.743146 0.669129 0.000000 0.743146 0.669129 0.000000 0.743146 0.669129 0.000000 0.743146 0.669129 0.000000 0.743146 0.669129 0.000000 0.743146 0.669129 0.000000 0.743146 0.669129 0.000000 0.743146 0.669129 0.000000 0.743146 0.669129 0.000000 0.743146 0.669129 0.000000 0.743146 0.669129 0.000000 0.743146 0.669129 0.000000 0.743146 0.669129 0.000000 0.998626 -0.052395 0.000000 0.998626 -0.052395 0.000000 0.998626 -0.052395 0.000000 0.998626 -0.052395 0.000000 0.998626 -0.052395 0.000000 0.998626 -0.052395 0.000000 0.998626 -0.052395 0.000000 0.998626 -0.052395 0.000000 0.998626 -0.052395 0.000000 0.998626 -0.052395 0.000000 0.998626 -0.052395 0.000000 0.998626 -0.052395 0.000000 0.998626 -0.052395 0.000000 0.998626 -0.052395 0.000000 0.052518 0.998620 0.000000 0.052518 0.998620 0.000000 0.052518 0.998620 0.000000 0.052518 0.998620 0.000000 0.052518 0.998620 0.000000 0.052518 0.998620 0.000000 0.052518 0.998620 0.000000 0.052518 0.998620 0.000000 0.052518 0.998620 -0.000000 0.743145 0.669131 -0.000000 0.743145 0.669131 -0.000000 0.743145 0.669131 -0.000000 0.743145 0.669131 -0.000000 0.743145 0.669131 -0.000000 0.743145 0.669131 -0.000000 0.743145 0.669131 -0.000000 0.743145 0.669131 -0.000000 0.743145 0.669131 -0.000000 0.743145 0.669131 -0.000000 0.743145 0.669131 -0.000000 0.743145 0.669131 -0.000000 0.743145 0.669131 -0.000000 0.743145 0.669131 -0.000000 0.743145 0.669131 -0.000000 0.743145 0.669131 -0.000000 0.743145 0.669131 -0.000000 0.743145 0.669131 -0.000000 0.743145 0.669131 -0.000000 0.743145 0.669131 -0.000000 0.743145 0.669131 -0.000000 0.743145 0.669131 -0.000000 0.743145 0.669131 -0.000000 0.743145 0.669131 -0.000000 0.743145 0.669131 -0.000000 0.743145 0.669131 -0.000000 0.743145 0.669131 -0.000000 0.743145 0.669131 -0.000000 0.743145 0.669131 -0.000000 0.743145 0.669131 -0.000000 0.743145 0.669131 -0.000000 0.743145 0.669131 -0.000000 0.743145 0.669131 -0.000000 0.743145 0.669131 -0.000000 0.743145 0.669131 -0.000000 0.743145 0.669131 -0.000000 0.743145 0.669131 -0.000000 0.743145 0.669131 -0.000000 0.743145 0.669131 -0.000000 0.743145 0.669131 -0.000000 0.743145 0.669131 -0.000000 0.743145 0.669131 -0.000000 0.743145 0.669131 -0.000000 0.743145 0.669131 -0.000000 0.743145 0.669131 -0.000000 0.743145 0.669131 -0.000000 0.743145 0.669131 -0.000000 0.743145 0.669131 -0.000000 0.743145 0.669131 -0.000000 0.743145 0.669131 -0.000000 0.743145 0.669131 -0.000000 0.743145 0.669131 -0.000000 0.743145 0.669131 -0.000000 0.743145 0.669131 -0.000000 0.743145 0.669131 -0.000000 0.743145 0.669131 1.000000 -0.000000 0.000000 1.000000 -0.000000 0.000000 1.000000 -0.000000 0.000000 1.000000 -0.000000 0.000000 0.000000 -1.000000 0.000000 0.000000 -1.000000 0.000000 0.000000 -1.000000 0.000000 0.000000 -1.000000 0.000000 0.000000 1.000000 0.000000 0.000000 1.000000 0.000000 0.000000 1.000000 0.000000 0.000000 1.000000 0.000000 0.000003 1.000000 0.000000 0.000003 1.000000 0.000000 0.000003 1.000000 0.000000 0.000003 1.000000 0.000000 1.000000 0.000002 0.000000 1.000000 0.000002 0.000000 1.000000 0.000002 0.000000 1.000000 0.000002 0.000000 -1.000000 -0.000001 -0.000000 -1.000000 -0.000001 -0.000000 -1.000000 -0.000001 -0.000000 -1.000000 -0.000001 -0.000000 0.000003 1.000000 0.000000 0.000003 1.000000 0.000000 0.000003 1.000000 0.000000 0.000003 1.000000 0.000000 0.000003 1.000000 0.000000 0.000003 1.000000 0.000000 1.000000 0.000002 0.000000 1.000000 0.000002 0.000000 1.000000 0.000002 0.000000 1.000000 0.000002 0.000000 -1.000000 -0.000001 -0.000000 -1.000000 -0.000001 -0.000000 -1.000000 -0.000001 -0.000000 -1.000000 -0.000001 -0.000000 -1.000000 -0.000001 -0.000000 -1.000000 -0.000001 -0.000000 -1.000000 -0.000001 -0.000000 -1.000000 -0.000001 -0.000000 -1.000000 -0.000001 -0.000000 -1.000000 -0.000001 -0.000000 -1.000000 -0.000001 -0.000000 -1.000000 -0.000001 -0.000000 -1.000000 -0.000001 -0.000000 -1.000000 -0.000001 -0.000000 -1.000000 -0.000001 -0.000000 -1.000000 -0.000001 -0.000000 -1.000000 -0.000001 -0.000000 -1.000000 -0.000001 -0.000000 -1.000000 -0.000001 -0.000000 -1.000000 -0.000001 -0.000000 -1.000000 -0.000001 -0.000000 -1.000000 -0.000001 -0.000000 -1.000000 -0.000001 -0.000000 -1.000000 -0.000001 -0.000000 -1.000000 -0.000001 -0.000000 -1.000000 -0.000001 -0.000000 -1.000000 -0.000001 -0.000000 -1.000000 -0.000001 -0.000000 -1.000000 -0.000001 -0.000000 -1.000000 -0.000001 -0.000000 -1.000000 -0.000001 -0.000000 -1.000000 -0.000001 -0.000000 -1.000000 -0.000001 -0.000000 -1.000000 -0.000001 -0.000000 -1.000000 -0.000001 -0.000000 -1.000000 -0.000001 -0.000000 -1.000000 -0.000001 -0.000000 -1.000000 -0.000001 -0.000000 -1.000000 -0.000001 -0.000000 -1.000000 -0.000001 -0.000000 -1.000000 -0.000001 -0.000000 -1.000000 -0.000001 -0.000000 -1.000000 -0.000001 -0.000000 -1.000000 -0.000001 -0.000000 -1.000000 -0.000001 -0.000000 -1.000000 -0.000001 -0.000000 -1.000000 -0.000001 -0.000000 -1.000000 -0.000001 -0.000000 -1.000000 -0.000001 -0.000000 -1.000000 -0.000001 -0.000000 -1.000000 -0.000001 -0.000000 -1.000000 -0.000001 -0.000000 -1.000000 -0.000001 -0.000000 -1.000000 -0.000001 -0.000000 0.000000 -1.000000 0.000000 0.000000 -1.000000 0.000000 0.000000 -1.000000 0.000000 0.000000 -1.000000 0.000000 0.000000 -1.000000 0.000000 0.000000 -1.000000 0.000000 0.000000 1.000000 0.000000 0.000000 1.000000 0.000000 0.000000 1.000000 0.000000 0.000000 1.000000 0.000000 -0.000000 0.000000 1.000000 -0.000000 0.000000 1.000000 -0.000000 0.000000 1.000000 -0.000000 0.000000 1.000000 -0.000000 0.000000 1.000000 -0.000000 0.000000 1.000000 -0.000000 0.000000 1.000000 0.000000 -0.000000 -1.000000 0.000000 -0.000000 -1.000000 0.000000 -0.000000 -1.000000 0.000000 -0.000000 -1.000000 0.000000 -0.000000 -1.000000 0.000000 -0.000000 -1.000000 0.000000 -0.000000 -1.000000 0.000000 -0.000000 -1.000000 0.000000 -0.000000 -1.000000 0.000000 -0.000000 -1.000000 0.000000 -0.000000 -1.000000 0.000000 -0.000000 -1.000000 0.000000 -0.000000 -1.000000 0.000000 -0.000000 -1.000000 0.000000 -0.000000 -1.000000 0.000000 -0.000000 -1.000000 0.000000 -0.000000 -1.000000 0.000000 -0.000000 -1.000000 0.000000 -0.000000 -1.000000 0.000000 -0.000000 -1.000000 0.000000 -0.000000 -1.000000 0.000000 -0.000000 -1.000000 0.000000 -0.000000 -1.000000 0.000000 -0.000000 -1.000000 0.000000 -0.000000 -1.000000 0.000000 -0.000000 -1.000000 0.000000 -0.000000 -1.000000 0.000000 -0.000000 -1.000000 0.000000 -0.000000 -1.000000 0.000000 -0.000000 -1.000000 0.000000 -0.000000 -1.000000 0.000000 -0.000000 -1.000000 0.000000 -0.000000 -1.000000 0.000000 -0.000000 -1.000000 0.000000 -0.000000 -1.000000 0.000000 -0.000000 -1.000000 0.000000 -0.000000 -1.000000 0.000000 -0.000000 1.000000 0.000000 -0.000000 1.000000 0.000000 -0.000000 1.000000 0.000000 -0.000000 1.000000 0.000000 -0.000000 1.000000 0.000000 -0.000000 1.000000 0.000000 -0.000000 1.000000 0.000000 -0.000000 1.000000 0.000000 -0.000000 1.000000 0.000001 -1.000000 0.000000 0.000001 -1.000000 0.000000 0.000001 -1.000000 0.000000 0.000001 -1.000000 0.000000 0.000001 -1.000000 0.000000 0.000001 -1.000000 0.000000 0.000001 -1.000000 0.000000 0.000001 -1.000000 0.000000 0.000001 -1.000000 0.000000 0.000001 -1.000000 0.000000 1.000000 0.000001 0.000000 1.000000 0.000001 0.000000 1.000000 0.000001 0.000000 1.000000 0.000001 0.000000 1.000000 0.000001 0.000000 1.000000 0.000001 0.000000 1.000000 0.000001 0.000000 1.000000 0.000001 0.000000 1.000000 0.000001 0.000000 1.000000 0.000001 0.000000 1.000000 0.000001 0.000000 1.000000 0.000001 0.000000 1.000000 0.000001 0.000000 1.000000 0.000001 0.000000 1.000000 0.000001 0.000000 1.000000 0.000001 0.000000 1.000000 0.000001 0.000000 1.000000 0.000001 0.000000 1.000000 0.000001 0.000000 1.000000 0.000001 0.000000 -1.000000 -0.000000 0.000000 -1.000000 -0.000000 0.000000 -1.000000 -0.000000 0.000000 -1.000000 -0.000000 0.000000 -1.000000 -0.000000 0.000000 -1.000000 -0.000000 0.000000 -1.000000 -0.000000 0.000000 -1.000000 -0.000000 0.000000 -1.000000 -0.000000 0.000000 -1.000000 -0.000000 0.000000 0.000000 -0.000000 -1.000000 0.000000 -0.000000 -1.000000 0.000000 -0.000000 -1.000000 0.000000 -0.000000 -1.000000 0.000000 -0.000000 -1.000000 0.000000 -0.000000 -1.000000 0.000000 -0.000000 -1.000000 0.000000 -0.000000 -1.000000 0.000000 -0.000000 -1.000000 -0.000000 0.000000 -1.000000 -0.000000 0.000000 -1.000000 -0.000000 0.000000 -1.000000 -0.000000 0.000000 -1.000000 -0.000000 0.000000 -1.000000 -0.000000 0.000000 -1.000000 -0.000000 0.000000 -1.000000 0.000000 -0.000000 1.000000 0.000000 -0.000000 1.000000 0.000000 -0.000000 1.000000 0.000000 -0.000000 1.000000 0.000000 -0.000000 1.000000 0.000000 -0.000000 1.000000 0.000000 -0.000000 1.000000 0.000000 -0.000000 1.000000 0.000000 -0.000000 1.000000 0.000000 -0.000000 1.000000 0.000000 -0.000000 1.000000 0.000000 -0.000000 1.000000 0.000000 -0.000000 1.000000 0.000000 -0.000000 1.000000 0.000000 -0.000000 1.000000 0.000000 -0.000000 1.000000 0.000000 -0.000000 1.000000 0.000000 -0.000000 1.000000 0.000000 -0.000000 1.000000 0.000000 -0.000000 1.000000 0.000000 -0.000000 1.000000 0.000000 -0.000000 1.000000 0.000000 -0.000000 1.000000 0.000000 -0.000000 1.000000 0.000000 -0.000000 1.000000 0.000000 -0.000000 1.000000 0.000000 -0.000000 1.000000 0.000000 -0.000000 1.000000 0.000000 -0.000000 1.000000 0.000000 -0.000000 1.000000 0.000000 -0.000000 1.000000 0.000000 -0.000000 1.000000 0.000000 -0.000000 1.000000 0.000000 -0.000000 1.000000 0.000000 -0.000000 1.000000 0.000000 -0.000000 1.000000 0.000000 -0.000000 1.000000 -0.000000 1.000000 -0.000000 -0.000000 1.000000 -0.000000 -0.000000 1.000000 -0.000000 -0.000000 1.000000 -0.000000 -0.000000 1.000000 -0.000000 -0.000000 1.000000 -0.000000 -0.000000 1.000000 -0.000000 -0.000000 1.000000 -0.000000 -0.000000 1.000000 -0.000000 -0.000000 1.000000 -0.000000 -0.000000 1.000000 -0.000000 -0.000000 1.000000 -0.000000 -0.000000 1.000000 -0.000000 -0.000000 1.000000 -0.000000 -0.000000 1.000000 -0.000000 -0.000000 1.000000 -0.000000 -0.000000 1.000000 -0.000000 -0.000000 1.000000 -0.000000 -0.000000 1.000000 -0.000000 -0.000000 1.000000 -0.000000 -0.000000 1.000000 -0.000000 -0.000000 1.000000 -0.000000 0.000000 0.000152 -1.000000 0.000000 0.000152 -1.000000 0.000000 0.000152 -1.000000 0.000000 0.000152 -1.000000 0.000000 0.000030 1.000000 0.000000 0.000030 1.000000 0.000000 0.000030 1.000000 0.000000 0.000030 1.000000 0.000000 -1.000000 -0.000007 0.000000 -1.000000 -0.000007 0.000000 -1.000000 -0.000007 0.000000 -1.000000 -0.000007 0.000000 -1.000000 -0.000007 0.000000 -1.000000 -0.000007 0.000000 -1.000000 -0.000007 0.000000 -1.000000 -0.000007 0.000000 -1.000000 -0.000007 0.000000 -1.000000 -0.000007 0.587828 -0.000024 0.808986 0.587828 -0.000024 0.808986 0.587828 -0.000024 0.808986 0.587828 -0.000024 0.808986 -0.587763 -0.000024 -0.809033 -0.587763 -0.000024 -0.809033 -0.587763 -0.000024 -0.809033 -0.587763 -0.000024 -0.809033 0.951058 -0.000019 0.309013 0.951058 -0.000019 0.309013 0.951058 -0.000019 0.309013 0.951058 -0.000019 0.309013 -0.951053 0.000019 -0.309027 -0.951053 0.000019 -0.309027 -0.951053 0.000019 -0.309027 -0.951053 0.000019 -0.309027 -0.951058 -0.000019 0.309013 -0.951058 -0.000019 0.309013 -0.951058 -0.000019 0.309013 -0.951058 -0.000019 0.309013 0.951053 0.000019 -0.309027 0.951053 0.000019 -0.309027 0.951053 0.000019 -0.309027 0.951053 0.000019 -0.309027 -0.587779 -0.000024 0.809021 -0.587779 -0.000024 0.809021 -0.587779 -0.000024 0.809021 -0.587779 -0.000024 0.809021 0.587844 -0.000024 -0.808974 0.587844 -0.000024 -0.808974 0.587844 -0.000024 -0.808974 0.587844 -0.000024 -0.808974 0.986394 -0.000000 -0.164399 0.986394 -0.000000 -0.164399 0.986394 -0.000000 -0.164399 0.986394 -0.000000 -0.164399 0.986394 -0.000000 -0.164399 0.986394 -0.000000 -0.164399 0.986394 -0.000000 -0.164399 0.986394 -0.000000 -0.164399 0.045314 0.998858 0.015134 0.045314 0.998858 0.015134 0.045314 0.998858 0.015134 0.045314 0.998858 0.015134 0.045314 0.998858 0.015134 0.690409 -0.723336 -0.010960 0.690409 -0.723336 -0.010960 0.690409 -0.723336 -0.010960 0.690409 -0.723336 -0.010960 0.690409 -0.723336 -0.010960 1.000000 -0.000000 0.000000 1.000000 -0.000000 0.000000 1.000000 -0.000000 0.000000 1.000000 -0.000000 0.000000 1.000000 -0.000000 0.000000 -0.707219 0.706995 0.000000 -0.707219 0.706995 0.000000 -0.707219 0.706995 0.000000 -0.707219 0.706995 0.000000 -0.707219 0.706995 0.000000 -0.707219 0.706995 0.000000 -0.707219 0.706995 0.000000 -0.707219 0.706995 0.000000 -0.707219 0.706995 0.000000 -0.707219 0.706995 0.000000 -0.000000 -0.986392 -0.164408 -0.000000 -0.986392 -0.164408 -0.000000 -0.986392 -0.164408 -0.000000 -0.986392 -0.164408 -0.000000 -0.986392 -0.164408 -0.000000 -0.986392 -0.164408 -0.000000 -0.986392 -0.164408 -0.000000 -0.986392 -0.164408 -1.000000 0.000008 -0.000000 -1.000000 0.000008 -0.000000 -1.000000 0.000008 -0.000000 -1.000000 0.000008 -0.000000 -1.000000 -0.000008 0.000000 -1.000000 -0.000008 0.000000 -1.000000 -0.000008 0.000000 -1.000000 -0.000008 0.000000 -0.000000 0.986392 -0.164408 -0.000000 0.986392 -0.164408 -0.000000 0.986392 -0.164408 -0.000000 0.986392 -0.164408 -0.000000 0.986392 -0.164408 -0.000000 0.986392 -0.164408 -0.000000 0.986392 -0.164408 -0.000000 0.986392 -0.164408 -0.000002 -1.000000 0.000000 -0.000002 -1.000000 0.000000 -0.000002 -1.000000 0.000000 -0.000002 -1.000000 0.000000 1.000000 -0.000000 0.000000 1.000000 -0.000000 0.000000 1.000000 -0.000000 0.000000 1.000000 -0.000000 0.000000 1.000000 -0.000000 0.000000 1.000000 -0.000000 0.000000 -0.000000 -0.986392 -0.164408 -0.000000 -0.986392 -0.164408 -0.000000 -0.986392 -0.164408 -0.000000 -0.986392 -0.164408 -0.000000 -0.986392 -0.164408 -0.000000 -0.986392 -0.164408 -0.000000 -0.986392 -0.164408 -0.000000 -0.986392 -0.164408 -0.000000 -0.986392 -0.164408 -0.000000 -0.986392 -0.164408 -0.000000 -0.986392 -0.164408 -0.000002 1.000000 0.000000 -0.000002 1.000000 0.000000 -0.000002 1.000000 0.000000 -0.000002 1.000000 0.000000 -0.000002 1.000000 0.000000 -0.000002 1.000000 0.000000 -0.000002 1.000000 0.000000 -0.000002 1.000000 0.000000 -0.000002 1.000000 0.000000 -0.000002 1.000000 0.000000 -0.000002 1.000000 0.000000 -0.000000 0.986393 -0.164406 -0.000000 0.986393 -0.164406 -0.000000 0.986393 -0.164406 -0.000000 0.986393 -0.164406 -0.000002 -1.000000 0.000000 -0.000002 -1.000000 0.000000 -0.000002 -1.000000 0.000000 -0.000002 -1.000000 0.000000 -0.000002 -1.000000 0.000000 -0.000002 -1.000000 0.000000 -0.000002 -1.000000 0.000000 -0.000002 -1.000000 0.000000 0.986394 -0.000000 -0.164399 0.986394 -0.000000 -0.164399 0.986394 -0.000000 -0.164399 0.986394 -0.000000 -0.164399 0.986394 -0.000000 -0.164399 0.986394 -0.000000 -0.164399 0.986394 -0.000000 -0.164399 0.986394 -0.000000 -0.164399 0.986394 -0.000000 -0.164399 0.986394 -0.000000 -0.164399 0.986394 -0.000000 -0.164399 0.986394 -0.000000 -0.164399 0.986394 -0.000000 -0.164399 0.986394 -0.000000 -0.164399 0.986394 -0.000000 -0.164399 0.986394 -0.000000 -0.164399 0.986394 -0.000000 -0.164399 0.986394 -0.000000 -0.164399 0.986394 -0.000000 -0.164399 0.986394 -0.000000 -0.164399 0.986394 -0.000000 -0.164399 0.986394 -0.000000 -0.164399 0.986394 -0.000000 -0.164399 0.986394 -0.000000 -0.164399 0.986394 -0.000000 -0.164399 0.986394 -0.000000 -0.164399 0.986394 -0.000000 -0.164399 0.986394 -0.000000 -0.164399 0.986394 -0.000000 -0.164399 0.986394 -0.000000 -0.164399 -0.986394 -0.000000 -0.164399 -0.986394 -0.000000 -0.164399 -0.986394 -0.000000 -0.164399 -0.986394 -0.000000 -0.164399 -0.986394 -0.000000 -0.164399 -0.986394 -0.000000 -0.164399 -0.986394 -0.000000 -0.164399 -0.986394 -0.000000 -0.164399 -0.986394 -0.000000 -0.164399 -0.986394 -0.000000 -0.164399 -0.986394 -0.000000 -0.164399 -0.986394 -0.000000 -0.164399 -0.986394 -0.000000 -0.164399 -0.986394 -0.000000 -0.164399 -0.986394 -0.000000 -0.164399 -0.986394 -0.000000 -0.164399 -0.986394 -0.000000 -0.164399 -0.986394 -0.000000 -0.164399 -0.986394 -0.000000 -0.164399 -0.986394 -0.000000 -0.164399 -0.986394 -0.000000 -0.164399 -0.986394 -0.000000 -0.164399 -0.986394 -0.000000 -0.164399 -0.986394 -0.000000 -0.164399 -0.986394 -0.000000 -0.164399 -0.986394 -0.000000 -0.164399 -0.986394 -0.000000 -0.164399 -0.986394 -0.000000 -0.164399 0.000000 -0.000000 -1.000000 0.000000 -0.000000 -1.000000 0.000000 -0.000000 -1.000000 0.000000 -0.000000 -1.000000 0.000000 -0.000000 -1.000000 0.000000 -0.000000 -1.000000 0.000000 -0.000000 -1.000000 0.000000 -0.000000 -1.000000 0.000000 -0.000000 -1.000000 0.000000 -0.000000 -1.000000 0.000000 -0.000000 -1.000000 0.000000 -0.000000 -1.000000 0.000000 -0.000000 -1.000000 0.000000 -0.000000 -1.000000 0.000000 -0.000000 -1.000000 0.000000 -0.000000 -1.000000 0.000000 -0.000000 -1.000000 0.000000 -0.000000 -1.000000 0.000000 -0.000000 -1.000000 0.000000 -0.000000 -1.000000 0.000000 -0.000000 -1.000000 0.000000 -0.000000 -1.000000 0.000000 -0.000000 -1.000000 0.000000 -0.000000 -1.000000 0.000000 -0.000000 -1.000000 0.000000 -0.000000 -1.000000 0.000000 -0.000000 -1.000000 0.000000 -0.000000 -1.000000 0.000000 -0.000000 -1.000000 0.000000 -0.000000 -1.000000 0.000000 -0.000000 -1.000000 0.000000 -0.000000 -1.000000 0.000000 -0.000000 -1.000000 0.000000 -0.000000 -1.000000 0.000000 -0.000000 -1.000000 0.000000 -0.000000 -1.000000 0.000000 -0.000000 -1.000000 0.000000 -0.000000 -1.000000 0.000000 -0.000000 -1.000000 0.000000 -0.000000 -1.000000 0.000000 -0.000000 -1.000000 0.000000 -0.000000 -1.000000 0.000000 -0.000000 -1.000000 0.000000 -0.000000 -1.000000 0.000000 -0.000000 -1.000000 0.000000 -0.000000 -1.000000 0.000000 -0.000000 -1.000000 0.000000 -0.000000 -1.000000 0.000000 -0.000000 -1.000000 0.000000 -0.000000 -1.000000 0.000000 -0.000000 -1.000000 0.000000 -0.000000 -1.000000 0.000000 -0.000000 -1.000000 0.000000 -0.000000 -1.000000 0.000000 -0.000000 -1.000000 0.000000 -0.000000 -1.000000 0.000000 -0.000000 -1.000000 0.000000 -0.000000 -1.000000 0.000000 -0.000000 -1.000000 0.000000 -0.000000 -1.000000 0.000000 -0.000000 -1.000000 0.000000 -0.000000 -1.000000 0.000000 -0.000000 -1.000000 0.000000 -0.000000 -1.000000 0.000000 -0.000000 -1.000000 0.000000 -0.000000 -1.000000 0.000000 -0.000000 -1.000000 0.000000 -0.000000 -1.000000 0.000000 -0.000000 -1.000000 0.000000 -0.000000 -1.000000 0.000000 -0.000000 -1.000000 0.000000 -0.000000 -1.000000 0.000000 -0.000000 -1.000000 0.000000 -0.000000 -1.000000 0.000000 -0.000000 -1.000000 0.000000 -0.000000 -1.000000 0.000000 -0.000000 -1.000000 0.000000 -0.000000 -1.000000 0.000000 -0.000000 -1.000000 0.000000 -0.000000 -1.000000 0.000000 -0.000000 -1.000000 0.000000 -0.000000 -1.000000 0.000000 -0.000000 -1.000000 0.000000 -0.000000 -1.000000 0.000000 -0.000000 -1.000000 0.000000 -0.000000 -1.000000 0.000000 -0.000000 -1.000000 0.000000 -0.000000 -1.000000 0.000000 -0.000000 -1.000000 0.000000 -0.000000 -1.000000 0.000000 -0.000000 -1.000000 0.000000 -0.000000 -1.000000 0.000000 -0.000000 -1.000000 0.000000 -1.000000 0.000000 0.000000 -1.000000 0.000000 0.000000 -1.000000 0.000000 0.000000 -1.000000 0.000000 0.000000 -1.000000 0.000000 0.000000 -1.000000 0.000000 0.000000 -1.000000 0.000000 0.000000 -1.000000 0.000000 -0.000000 1.000000 -0.000000 -0.000000 1.000000 -0.000000 -0.000000 1.000000 -0.000000 -0.000000 1.000000 -0.000000 -0.000000 1.000000 -0.000000 -0.000000 1.000000 -0.000000 -0.000000 1.000000 -0.000000 -0.000000 1.000000 -0.000000 -0.000000 1.000000 -0.000000 -0.000000 1.000000 -0.000000 -0.000000 1.000000 -0.000000 -0.000000 1.000000 -0.000000 -0.000000 1.000000 -0.000000 -0.000000 1.000000 -0.000000 -0.000000 1.000000 -0.000000 -0.000000 1.000000 -0.000000 -0.000000 1.000000 -0.000000 -0.000000 1.000000 -0.000000 -0.000000 1.000000 -0.000000 -0.000000 1.000000 -0.000000 -0.000000 1.000000 -0.000000 -0.000000 1.000000 -0.000000 -0.000000 1.000000 -0.000000 -0.000000 1.000000 -0.000000 -0.000000 1.000000 -0.000000 -0.000000 1.000000 -0.000000 -0.000000 1.000000 -0.000000 -0.000000 1.000000 -0.000000 -0.000000 1.000000 -0.000000 -0.000000 1.000000 -0.000000 -0.000000 1.000000 -0.000000 -0.000000 1.000000 -0.000000 -0.000000 1.000000 -0.000000 -0.000000 1.000000 -0.000000 -0.000000 1.000000 -0.000000 -0.000000 1.000000 -0.000000 -0.000000 1.000000 -0.000000 -0.000000 1.000000 -0.000000 -0.000000 1.000000 -0.000000 -0.000000 1.000000 -0.000000 -0.000000 1.000000 -0.000000 -0.000000 1.000000 -0.000000 -0.000000 1.000000 -0.000000 -0.000000 1.000000 -0.000000 -0.000000 1.000000 -0.000000 -0.000000 1.000000 -0.000000 -0.000000 1.000000 -0.000000 -0.000000 1.000000 -0.000000 -0.000000 1.000000 -0.000000 -0.000000 1.000000 -0.000000 -0.000000 1.000000 -0.000000 -0.000000 1.000000 -0.000000 -0.000000 1.000000 -0.000000 -0.000000 1.000000 -0.000000 -0.000000 1.000000 -0.000000 -0.000000 1.000000 -0.000000 -0.000000 1.000000 -0.000000 -0.000000 1.000000 -0.000000 -0.000000 1.000000 -0.000000 -0.000000 1.000000 -0.000000 -0.000000 1.000000 -0.000000 -0.000000 1.000000 -0.000000 -0.000000 1.000000 -0.000000 -0.000000 1.000000 -0.000000 -0.000000 1.000000 -0.000000 -0.000000 1.000000 -0.000000 -0.000000 1.000000 -0.000000 -0.000000 1.000000 -0.000000 0.000000 1.000000 0.000000 0.000000 1.000000 0.000000 0.000000 1.000000 0.000000 0.000000 1.000000 0.000000 0.000000 1.000000 0.000000 1.000000 -0.000000 0.000000 1.000000 -0.000000 0.000000 1.000000 -0.000000 0.000000 1.000000 -0.000000 0.000000 1.000000 -0.000000 0.000000 1.000000 -0.000000 0.000000 1.000000 -0.000000 0.000000 1.000000 -0.000000 0.000000 1.000000 -0.000000 0.000000 1.000000 -0.000000 0.000000 1.000000 -0.000000 0.000000 1.000000 -0.000000 0.000000 1.000000 -0.000000 0.000000 1.000000 -0.000000 0.000000 1.000000 -0.000000 0.000000 1.000000 -0.000000 0.000000 1.000000 -0.000000 0.000000 1.000000 -0.000000 0.000000 1.000000 -0.000000 0.000000 1.000000 -0.000000 0.000000 1.000000 -0.000000 0.000000 1.000000 -0.000000 0.000000 1.000000 -0.000000 0.000000 0.000000 -1.000000 0.000000 0.000000 -1.000000 0.000000 0.000000 -1.000000 0.000000 0.000000 -1.000000 0.000000 -1.000000 -0.000000 0.000000 -1.000000 -0.000000 0.000000 -1.000000 -0.000000 0.000000 -1.000000 -0.000000 0.000000 -1.000000 -0.000000 0.000000 -1.000000 -0.000000 0.000000 -1.000000 -0.000000 0.000000 -1.000000 -0.000000 0.000000 -1.000000 -0.000000 0.000000 -1.000000 -0.000000 0.000000 -1.000000 -0.000000 0.000000 -1.000000 -0.000000 0.000000 -1.000000 -0.000000 0.000000 -1.000000 -0.000000 0.000000 -1.000000 -0.000000 0.000000 -1.000000 -0.000000 0.000000 -1.000000 -0.000000 0.000000 -1.000000 -0.000000 0.000000 -1.000000 -0.000000 0.000000 -1.000000 -0.000000 0.000000 -1.000000 -0.000000 0.000000 -1.000000 -0.000000 0.000000 0.000000 1.000000 0.000000 0.000000 1.000000 0.000000 0.000000 1.000000 0.000000 0.000000 1.000000 0.000000 0.000000 1.000000 0.000000 0.000000 1.000000 0.000000 0.000000 1.000000 0.000000 0.000000 1.000000 0.000000 0.000000 1.000000 0.000000 0.000000 -0.000000 1.000000 0.000000 -0.000000 1.000000 0.000000 -0.000000 1.000000 0.000000 -0.000000 1.000000 0.000000 -0.000000 1.000000 0.000000 -0.000000 1.000000 0.000000 -0.000000 1.000000 0.000000 -0.000000 1.000000 0.000000 -0.000000 1.000000 0.000000 -0.000000 1.000000 0.000000 -0.000000 1.000000 0.000000 -0.000000 1.000000 0.000000 -0.000000 1.000000 0.000000 -1.000000 0.000000 0.000000 -1.000000 0.000000 0.000000 -1.000000 0.000000 0.000000 -1.000000 0.000000 0.000000 -1.000000 0.000000 0.000000 -1.000000 0.000000 0.000000 -1.000000 0.000000 0.000000 -1.000000 0.000000 0.000000 -1.000000 0.000000 0.000000 -1.000000 0.000000 0.000000 -1.000000 0.000000 0.000000 -1.000000 0.000000 0.000000 -1.000000 0.000000 0.000000 -1.000000 0.000000 0.000000 -1.000000 0.000000 0.000000 -1.000000 0.000000 0.000000 -1.000000 0.000000 0.000000 -1.000000 0.000000 0.000000 -1.000000 0.000000 0.000000 -1.000000 0.000000 0.000000 -1.000000 0.000000 0.000000 -1.000000 0.000000 0.000000 -1.000000 0.000000 0.000000 -1.000000 0.000000 0.000000 1.000000 0.000000 0.000000 1.000000 0.000000 0.000000 1.000000 0.000000 0.000000 1.000000 0.000000 0.000000 1.000000 0.000000 0.000000 1.000000 0.000000 0.000000 1.000000 0.000000 0.000000 1.000000 0.000000 0.000000 1.000000 0.000000 0.000000 1.000000 0.000000 0.000000 1.000000 0.000000 0.000000 1.000000 0.000000 0.000000 1.000000 0.000000 0.000000 1.000000 0.000000 0.000000 1.000000 0.000000 0.000000 1.000000 0.000000 0.000000 1.000000 0.000000 0.000000 1.000000 0.000000 0.000000 1.000000 0.000000 0.000000 1.000000 0.000000 0.000000 1.000000 0.000000 0.000000 -0.000000 1.000000 0.000000 -0.000000 1.000000 0.000000 -0.000000 1.000000 0.000000 -0.000000 1.000000 0.000000 -0.000000 1.000000 0.000000 -0.000000 1.000000 0.000000 -0.000000 1.000000 0.000000 -0.000000 1.000000 0.000000 -0.000000 1.000000 0.000000 -0.000000 1.000000 -1.000000 -0.000000 0.000000 -1.000000 -0.000000 0.000000 -1.000000 -0.000000 0.000000 -1.000000 -0.000000 0.000000 1.000000 -0.000000 0.000000 1.000000 -0.000000 0.000000 1.000000 -0.000000 0.000000 1.000000 -0.000000 0.000000 -1.000000 -0.000000 0.000000 -1.000000 -0.000000 0.000000 -1.000000 -0.000000 0.000000 -1.000000 -0.000000 0.000000 1.000000 -0.000000 0.000000 1.000000 -0.000000 0.000000 1.000000 -0.000000 0.000000 1.000000 -0.000000 0.000000 -1.000000 -0.000000 0.000000 -1.000000 -0.000000 0.000000 -1.000000 -0.000000 0.000000 -1.000000 -0.000000 0.000000 1.000000 -0.000000 0.000000 1.000000 -0.000000 0.000000 1.000000 -0.000000 0.000000 1.000000 -0.000000 0.000000 -1.000000 -0.000000 0.000000 -1.000000 -0.000000 0.000000 -1.000000 -0.000000 0.000000 -1.000000 -0.000000 0.000000 1.000000 -0.000000 0.000000 1.000000 -0.000000 0.000000 1.000000 -0.000000 0.000000 1.000000 -0.000000 0.000000 -1.000000 -0.000000 0.000000 -1.000000 -0.000000 0.000000 -1.000000 -0.000000 0.000000 -1.000000 -0.000000 0.000000 1.000000 -0.000000 0.000000 1.000000 -0.000000 0.000000 1.000000 -0.000000 0.000000 1.000000 -0.000000 0.000000 -1.000000 -0.000000 0.000000 -1.000000 -0.000000 0.000000 -1.000000 -0.000000 0.000000 -1.000000 -0.000000 0.000000 1.000000 -0.000000 0.000000 1.000000 -0.000000 0.000000 1.000000 -0.000000 0.000000 1.000000 -0.000000 0.000000 0.000000 -1.000000 0.000000 0.000000 -1.000000 0.000000 0.000000 -1.000000 0.000000 0.000000 -1.000000 0.000000 0.000000 -1.000000 0.000000 0.000000 -1.000000 0.000000 0.000000 -1.000000 0.000000 0.000000 -1.000000 0.000000 0.000000 -1.000000 0.000000 0.000000 -1.000000 0.000000 0.000000 -1.000000 0.000000 0.000000 -1.000000 0.000000 0.000000 -1.000000 0.000000 0.000000 -1.000000 0.000000 0.000000 -1.000000 0.000000 0.000000 -1.000000 0.000000 0.000000 -1.000000 0.000000 0.000000 -1.000000 0.000000 0.000000 -1.000000 0.000000 0.000000 -1.000000 0.000000 0.000000 -1.000000 0.000000 0.000000 -1.000000 0.000000 0.000000 -1.000000 0.000000 0.000000 -1.000000 0.000000 0.000000 -1.000000 0.000000 0.000000 -1.000000 0.000000 0.000000 -1.000000 0.000000 0.000000 -1.000000 0.000000 0.000000 -1.000000 0.000000 0.000000 -1.000000 0.000000 0.000000 -1.000000 0.000000 0.000000 -1.000000 0.000000 0.000000 -1.000000 0.000000 0.000000 -1.000000 0.000000 0.000000 -1.000000 0.000000 0.000000 -1.000000 0.000000 0.000000 -1.000000 0.000000 0.000000 -1.000000 0.000000 0.000000 -1.000000 0.000000 0.000000 -1.000000 0.000000 0.000000 -1.000000 0.000000 0.000000 -1.000000 0.000000 0.000000 -1.000000 0.000000 0.000000 -1.000000 0.000000 0.000000 -1.000000 0.000000 0.000000 -1.000000 0.000000 0.000000 -1.000000 0.000000 0.000000 -1.000000 0.000000 0.000000 1.000000 0.000000 0.000000 1.000000 0.000000 0.000000 1.000000 0.000000 0.000000 1.000000 0.000000 0.000000 1.000000 0.000000 0.000000 1.000000 0.000000 0.000000 1.000000 0.000000 0.000000 1.000000 0.000000 0.000000 1.000000 0.000000 0.000000 1.000000 0.000000 0.000000 1.000000 0.000000 0.000000 1.000000 0.000000 0.000000 1.000000 0.000000 0.000000 1.000000 0.000000 0.000000 1.000000 0.000000 0.000000 1.000000 0.000000 0.000000 1.000000 0.000000 0.000000 1.000000 0.000000 0.000000 1.000000 0.000000 0.000000 1.000000 0.000000 0.000000 1.000000 0.000000 0.000000 1.000000 0.000000 0.000000 1.000000 0.000000 0.000000 1.000000 0.000000 0.000000 1.000000 0.000000 0.000000 1.000000 0.000000 0.000000 1.000000 0.000000 0.000000 1.000000 0.000000 0.000000 1.000000 0.000000 0.000000 1.000000 0.000000 0.000000 1.000000 0.000000 0.000000 1.000000 0.000000 0.000000 1.000000 0.000000 0.000000 1.000000 0.000000 0.000000 1.000000 0.000000 0.000000 1.000000 0.000000 0.000000 1.000000 0.000000 0.000000 1.000000 0.000000 0.000000 1.000000 0.000000 0.000000 1.000000 0.000000 0.000000 1.000000 0.000000 0.000000 1.000000 0.000000 0.000000 1.000000 0.000000 0.000000 1.000000 0.000000 0.000000 1.000000 0.000000 0.000000 1.000000 0.000000 0.000000 1.000000 0.000000 0.000000 1.000000 0.000000 0.000000 -0.000000 -1.000000 0.000000 -0.000000 -1.000000 0.000000 -0.000000 -1.000000 0.000000 -0.000000 -1.000000 0.000000 -0.000000 -1.000000 0.000000 -0.000000 -1.000000 0.000000 -0.000000 -1.000000 0.000000 -0.000000 -1.000000 0.000000 -0.000000 -1.000000 0.000000 -0.000000 -1.000000 0.000000 -0.000000 -1.000000 0.000000 -0.000000 -1.000000 0.000000 -0.000000 1.000000 0.000000 -0.000000 1.000000 0.000000 -0.000000 1.000000 0.000000 -0.000000 1.000000 0.000000 -0.000000 1.000000 0.000000 -0.000000 1.000000 0.000000 -0.000000 1.000000 0.000000 -0.000000 1.000000 0.000000 -0.000000 1.000000 0.000000 -0.000000 1.000000 0.000000 -0.000000 1.000000 0.000000 -0.000000 1.000000 0.000000 -0.000000 1.000000 0.000000 -0.000000 1.000000 0.000000 -0.000000 1.000000 0.000000 -0.000000 1.000000 0.000000 -0.000000 1.000000 0.000000 -0.000000 1.000000 0.000000 -0.000000 1.000000 0.000000 -0.000000 1.000000 0.000000 -0.000000 1.000000 0.000000 -0.000000 1.000000 0.000000 -0.000000 1.000000 0.000000 -0.000000 1.000000 0.000000 -0.000000 1.000000 0.000000 -0.000000 1.000000 0.000000 -0.000000 1.000000 0.000000 -0.000000 1.000000 0.000000 -0.000000 1.000000 0.000000 -0.000000 1.000000 0.000000 -0.000000 1.000000 0.000000 -0.000000 1.000000 0.000000 -0.000000 1.000000 0.000000 -0.000000 1.000000 0.000000 -0.000000 1.000000 0.000000 -0.000000 1.000000 1.000000 -0.000000 0.000000 1.000000 -0.000000 0.000000 1.000000 -0.000000 0.000000 1.000000 -0.000000 0.000000 1.000000 -0.000000 0.000000 1.000000 -0.000000 0.000000 1.000000 -0.000000 0.000000 1.000000 -0.000000 0.000000 1.000000 -0.000000 0.000000 1.000000 -0.000000 0.000000 1.000000 -0.000000 0.000000 1.000000 -0.000000 0.000000 1.000000 -0.000000 0.000000 1.000000 -0.000000 0.000000 1.000000 -0.000000 0.000000 1.000000 -0.000000 0.000000 1.000000 -0.000000 0.000000 1.000000 -0.000000 0.000000 1.000000 -0.000000 0.000000 1.000000 -0.000000 0.000000 1.000000 -0.000000 0.000000 1.000000 -0.000000 0.000000 -1.000000 -0.000000 0.000000 -1.000000 -0.000000 0.000000 -1.000000 -0.000000 0.000000 -1.000000 -0.000000 0.000000 -1.000000 -0.000000 0.000000 -1.000000 -0.000000 0.000000 -1.000000 -0.000000 0.000000 -1.000000 -0.000000 0.000000 -1.000000 -0.000000 0.000000 -1.000000 -0.000000 0.000000 -1.000000 -0.000000 0.000000 -1.000000 -0.000000 0.000000 -1.000000 -0.000000 0.000000 -1.000000 -0.000000 0.000000 -1.000000 -0.000000 0.000000 -1.000000 -0.000000 0.000000 -1.000000 -0.000000 0.000000 -1.000000 -0.000000 0.000000 -1.000000 -0.000000 0.000000 -1.000000 -0.000000 0.000000 -1.000000 -0.000000 0.000000 -1.000000 -0.000000 0.000000 1.000000 -0.000000 0.000000 1.000000 -0.000000 0.000000 1.000000 -0.000000 0.000000 1.000000 -0.000000 0.000000 1.000000 -0.000000 0.000000 1.000000 -0.000000 0.000000 1.000000 -0.000000 0.000000 1.000000 -0.000000 0.000000 1.000000 -0.000000 0.000000 1.000000 -0.000000 0.000000 1.000000 -0.000000 0.000000 1.000000 -0.000000 0.000000 1.000000 -0.000000 0.000000 1.000000 -0.000000 0.000000 1.000000 -0.000000 0.000000 1.000000 -0.000000 0.000000 1.000000 -0.000000 0.000000 1.000000 -0.000000 0.000000 1.000000 -0.000000 0.000000 1.000000 -0.000000 0.000000 1.000000 -0.000000 0.000000 1.000000 -0.000000 0.000000 -1.000000 -0.000000 0.000000 -1.000000 -0.000000 0.000000 -1.000000 -0.000000 0.000000 -1.000000 -0.000000 0.000000 -1.000000 -0.000000 0.000000 -1.000000 -0.000000 0.000000 -1.000000 -0.000000 0.000000 -1.000000 -0.000000 0.000000 -1.000000 -0.000000 0.000000 -1.000000 -0.000000 0.000000 -1.000000 -0.000000 0.000000 -1.000000 -0.000000 0.000000 -1.000000 -0.000000 0.000000 -1.000000 -0.000000 0.000000 -1.000000 -0.000000 0.000000 -1.000000 -0.000000 0.000000 -1.000000 -0.000000 0.000000 -1.000000 -0.000000 0.000000 -1.000000 -0.000000 0.000000 -1.000000 -0.000000 0.000000 -1.000000 -0.000000 0.000000 -1.000000 -0.000000 0.000000 1.000000 -0.000000 0.000000 1.000000 -0.000000 0.000000 1.000000 -0.000000 0.000000 1.000000 -0.000000 0.000000 1.000000 -0.000000 0.000000 1.000000 -0.000000 0.000000 1.000000 -0.000000 0.000000 1.000000 -0.000000 0.000000 1.000000 -0.000000 0.000000 1.000000 -0.000000 0.000000 1.000000 -0.000000 0.000000 1.000000 -0.000000 0.000000 1.000000 -0.000000 0.000000 1.000000 -0.000000 0.000000 1.000000 -0.000000 0.000000 1.000000 -0.000000 0.000000 1.000000 -0.000000 0.000000 1.000000 -0.000000 0.000000 1.000000 -0.000000 0.000000 1.000000 -0.000000 0.000000 1.000000 -0.000000 0.000000 1.000000 -0.000000 0.000000 -1.000000 -0.000000 0.000000 -1.000000 -0.000000 0.000000 -1.000000 -0.000000 0.000000 -1.000000 -0.000000 0.000000 -1.000000 -0.000000 0.000000 -1.000000 -0.000000 0.000000 -1.000000 -0.000000 0.000000 -1.000000 -0.000000 0.000000 -1.000000 -0.000000 0.000000 -1.000000 -0.000000 0.000000 -1.000000 -0.000000 0.000000 -1.000000 -0.000000 0.000000 -1.000000 -0.000000 0.000000 -1.000000 -0.000000 0.000000 -1.000000 -0.000000 0.000000 -1.000000 -0.000000 0.000000 -1.000000 -0.000000 0.000000 -1.000000 -0.000000 0.000000 -1.000000 -0.000000 0.000000 -1.000000 -0.000000 0.000000 -1.000000 -0.000000 0.000000 -1.000000 -0.000000 0.000000 0.000000 -0.000000 1.000000 0.000000 -0.000000 1.000000 0.000000 -0.000000 1.000000 0.000000 -0.000000 1.000000 0.000000 -0.000000 1.000000 0.000000 -0.000000 1.000000 0.000000 -0.000000 1.000000 0.000000 -0.000000 1.000000 0.000000 -0.000000 1.000000 0.000000 -0.000000 1.000000 0.000000 -0.000000 1.000000 0.000000 -0.000000 1.000000 0.000000 1.000000 0.000000 0.000000 1.000000 0.000000 0.000000 1.000000 0.000000 0.000000 1.000000 0.000000 0.000000 1.000000 0.000000 0.000000 1.000000 0.000000 0.000000 1.000000 0.000000 0.000000 1.000000 0.000000 0.000000 1.000000 0.000000 0.000000 1.000000 0.000000 0.000000 1.000000 0.000000 0.000000 1.000000 0.000000 0.000000 1.000000 0.000000 0.000000 1.000000 0.000000 0.000000 1.000000 0.000000 0.000000 1.000000 0.000000 0.000000 1.000000 0.000000 0.000000 1.000000 0.000000 0.000000 1.000000 0.000000 0.000000 1.000000 0.000000 0.000000 1.000000 0.000000 0.000000 1.000000 0.000000 0.000000 1.000000 0.000000 0.000000 1.000000 0.000000 0.000000 1.000000 0.000000 0.000000 1.000000 0.000000 0.000000 1.000000 0.000000 0.000000 1.000000 0.000000 0.000000 1.000000 0.000000 0.000000 1.000000 0.000000 0.000000 1.000000 0.000000 0.000000 1.000000 0.000000 0.000000 1.000000 0.000000 0.000000 1.000000 0.000000 0.000000 1.000000 0.000000 0.000000 1.000000 0.000000 0.000000 1.000000 0.000000 0.000000 1.000000 0.000000 0.000000 1.000000 0.000000 0.000000 1.000000 0.000000 0.000000 1.000000 0.000000 0.000000 1.000000 0.000000 0.000000 1.000000 0.000000 0.000000 1.000000 0.000000 0.000000 1.000000 0.000000 0.000000 1.000000 0.000000 0.000000 1.000000 0.000000 0.000000 1.000000 0.000000 0.000000 1.000000 0.000000 0.000000 1.000000 0.000000 0.000000 1.000000 0.000000 0.000000 1.000000 0.000000 0.000000 1.000000 0.000000 0.000000 1.000000 0.000000 0.000000 1.000000 0.000000 0.000000 1.000000 0.000000 0.000000 1.000000 0.000000 0.000000 1.000000 0.000000 0.000000 1.000000 0.000000 0.000000 1.000000 0.000000 0.000000 1.000000 0.000000 0.000000 1.000000 0.000000 0.000000 1.000000 0.000000 0.000000 1.000000 0.000000 0.000000 1.000000 0.000000 0.000000 1.000000 0.000000 0.000000 1.000000 0.000000 0.000000 1.000000 0.000000 0.000000 1.000000 0.000000 0.000000 1.000000 0.000000 0.000000 1.000000 0.000000 0.000000 1.000000 0.000000 0.000000 -1.000000 0.000000 0.000000 -1.000000 0.000000 0.000000 -1.000000 0.000000 0.000000 -1.000000 0.000000 0.000000 -1.000000 0.000000 0.000000 -1.000000 0.000000 0.000000 -1.000000 0.000000 0.000000 -1.000000 0.000000 0.000000 -1.000000 0.000000 0.000000 -1.000000 0.000000 0.000000 -1.000000 0.000000 0.000000 -1.000000 0.000000 0.000000 -1.000000 0.000000 0.000000 -1.000000 0.000000 0.000000 -1.000000 0.000000 0.000000 -1.000000 0.000000 0.000000 -1.000000 0.000000 0.000000 -1.000000 0.000000 0.000000 -1.000000 0.000000 0.000000 -1.000000 0.000000 0.000000 -1.000000 0.000000 0.000000 -1.000000 0.000000 0.000000 -1.000000 0.000000 0.000000 -1.000000 0.000000 0.000000 -1.000000 0.000000 0.000000 -1.000000 0.000000 0.000000 -1.000000 0.000000 0.000000 -1.000000 0.000000 0.000000 -1.000000 0.000000 0.000000 -1.000000 0.000000 0.000000 -1.000000 0.000000 0.000000 -1.000000 0.000000 0.000000 -1.000000 0.000000 0.000000 -1.000000 0.000000 0.000000 -1.000000 0.000000 0.000000 -1.000000 0.000000 0.000000 -1.000000 0.000000 0.000000 -1.000000 0.000000 0.000000 -1.000000 0.000000 0.000000 -1.000000 0.000000 0.000000 -1.000000 0.000000 0.000000 -1.000000 0.000000 0.000000 -1.000000 0.000000 0.000000 -1.000000 0.000000 0.000000 -1.000000 0.000000 0.000000 -1.000000 0.000000 0.000000 -1.000000 0.000000 0.000000 -1.000000 0.000000 0.000000 -1.000000 0.000000 0.000000 -1.000000 0.000000 0.000000 -1.000000 0.000000 0.000000 -1.000000 0.000000 0.000000 -1.000000 0.000000 0.000000 -1.000000 0.000000 0.000000 -1.000000 0.000000 0.000000 -1.000000 0.000000 0.000000 -1.000000 0.000000 0.000000 -1.000000 0.000000 0.000000 -1.000000 0.000000 0.000000 -1.000000 0.000000 0.000000 -1.000000 0.000000 0.000000 -1.000000 0.000000 0.000000 -1.000000 0.000000 0.000000 -1.000000 0.000000 0.000000 -1.000000 0.000000 0.000000 -1.000000 0.000000 0.000000 -1.000000 0.000000 0.000000 -1.000000 0.000000 0.000000 -1.000000 0.000000 0.000000 -1.000000 0.000000 0.000000 -1.000000 0.000000 0.000000 -1.000000 0.000000 0.000000 -0.000000 -1.000000 0.000000 -0.000000 -1.000000 0.000000 -0.000000 -1.000000 0.000000 -0.000000 -1.000000 0.000000 -0.000000 -1.000000 0.000000 -0.000000 -1.000000 0.000000 -0.000000 -1.000000 0.000000 -0.000000 -1.000000 0.000000 -0.000000 -1.000000 0.000000 -0.000000 -1.000000 0.000000 -0.000000 -1.000000 0.000000 -0.000000 -1.000000 0.000000 -0.000000 -1.000000 0.000000 -0.000000 -1.000000 0.000000 -0.000000 -1.000000 0.000000 -0.000000 -1.000000 0.000000 -0.000000 -1.000000 0.000000 -0.000000 -1.000000 0.000000 -0.000000 -1.000000 0.000000 -0.000000 -1.000000 0.000000 -0.000000 -1.000000 0.000000 -0.000000 -1.000000 0.000000 -0.000000 -1.000000 0.000000 -0.000000 -1.000000 0.000000 -0.000000 -1.000000 0.000000 -0.000000 -1.000000 0.000000 -0.000000 -1.000000 0.000000 -0.000000 -1.000000 0.000000 -0.000000 -1.000000 0.000000 -0.000000 -1.000000 0.000000 -0.000000 -1.000000 0.000000 -0.000000 -1.000000 0.000000 -0.000000 -1.000000 0.000000 -0.000000 -1.000000 0.000000 -0.000000 -1.000000 0.000000 -0.000000 -1.000000 0.000000 -0.000000 -1.000000 0.000000 -0.000000 -1.000000 0.000000 -0.000000 -1.000000 0.000000 -0.000000 -1.000000 0.000000 -0.000000 -1.000000 0.000000 -0.000000 -1.000000 0.000000 -0.000000 -1.000000 0.000000 -0.000000 -1.000000 0.000000 -0.000000 -1.000000 0.000000 -0.000000 -1.000000 0.000000 -0.000000 -1.000000 0.000000 -0.000000 -1.000000 0.000000 -0.000000 -1.000000 0.000000 -0.000000 -1.000000 0.000000 -0.000000 -1.000000 0.000000 -0.000000 -1.000000 0.000000 -0.000000 -1.000000 0.000000 -0.000000 -1.000000 0.000000 -0.000000 -1.000000 0.000000 -0.000000 -1.000000 0.000000 -0.000000 -1.000000 0.000000 -0.000000 -1.000000 0.000000 -0.000000 -1.000000 0.000000 -0.000000 -1.000000 0.000000 -0.000000 -1.000000 0.000000 -0.000000 -1.000000 0.000000 -0.000000 -1.000000 0.000000 -0.000000 -1.000000 0.000000 -0.000000 -1.000000 0.000000 -0.000000 -1.000000 0.000000 -0.000000 -1.000000 0.000000 -0.000000 -1.000000 0.000000 -0.000000 -1.000000 0.000000 -0.000000 -1.000000 0.000000 -0.000000 -1.000000 0.000000 -0.000000 -1.000000 0.000000 -0.000000 -1.000000 0.000000 -0.000000 -1.000000 0.000000 -0.000000 -1.000000 0.000000 -0.000000 -1.000000 0.000000 -0.000000 -1.000000 0.000000 -0.000000 -1.000000 0.000000 -0.000000 -1.000000 0.000000 -0.000000 -1.000000 0.000000 -0.000000 -1.000000 0.000000 -0.000000 -1.000000 0.000000 -0.000000 -1.000000 0.000000 -0.000000 -1.000000 -0.707107 0.707107 0.000000 -0.707107 0.707107 0.000000 -0.707107 0.707107 0.000000 -0.707107 0.707107 0.000000 -0.707107 0.707107 0.000000 -0.707107 0.707107 0.000000 -0.707107 0.707107 0.000000 -0.707107 0.707107 0.000000 0.707107 0.707107 0.000000 0.707107 0.707107 0.000000 0.707107 0.707107 0.000000 0.707107 0.707107 0.000000 0.707107 0.707107 0.000000 0.707107 0.707107 0.000000 0.707107 0.707107 0.000000 0.707107 0.707107 0.000000 0.000000 0.862150 -0.506653 0.000000 0.862150 -0.506653 0.000000 0.862150 -0.506653 0.000000 0.862150 -0.506653 0.000000 0.862150 -0.506653 0.000000 0.862150 -0.506653 0.000000 0.862150 -0.506653 0.000000 0.862150 -0.506653 0.000000 0.862146 0.506659 0.000000 0.862146 0.506659 0.000000 0.862146 0.506659 0.000000 0.862146 0.506659 0.000000 0.862146 0.506659 0.000000 0.862146 0.506659 0.000000 0.862146 0.506659 0.000000 0.862146 0.506659 -0.707107 0.707107 0.000000 -0.707107 0.707107 0.000000 -0.707107 0.707107 0.000000 -0.707107 0.707107 0.000000 -0.707107 0.707107 0.000000 -0.707107 0.707107 0.000000 -0.707107 0.707107 0.000000 -0.707107 0.707107 0.000000 0.707107 0.707107 0.000000 0.707107 0.707107 0.000000 0.707107 0.707107 0.000000 0.707107 0.707107 0.000000 0.707107 0.707107 0.000000 0.707107 0.707107 0.000000 0.707107 0.707107 0.000000 0.707107 0.707107 0.000000 0.000000 1.000000 0.000000 0.000000 1.000000 0.000000 0.000000 1.000000 0.000000 0.000000 1.000000 0.000000 0.000000 1.000000 0.000000 0.000000 1.000000 0.000000 0.000000 1.000000 0.000000 0.000000 1.000000 0.000000 0.000000 1.000000 0.000000 0.000000 1.000000 0.000000 0.000000 1.000000 0.000000 0.000000 1.000000 0.000000 0.000000 1.000000 0.000000 0.000000 1.000000 0.000000 0.000000 1.000000 0.000000 0.000000 1.000000 0.000000 0.000000 0.862146 -0.506659 0.000000 0.862146 -0.506659 0.000000 0.862146 -0.506659 0.000000 0.862146 -0.506659 0.000000 0.862146 -0.506659 0.000000 0.862146 -0.506659 0.000000 0.862146 -0.506659 0.000000 0.862146 -0.506659 0.000000 0.862146 0.506659 0.000000 0.862146 0.506659 0.000000 0.862146 0.506659 0.000000 0.862146 0.506659 0.000000 0.862146 0.506659 0.000000 0.862146 0.506659 0.000000 0.862146 0.506659 0.000000 0.862146 0.506659 0.268463 -0.963290 0.000000 0.268463 -0.963290 0.000000 0.268463 -0.963290 0.000000 0.268463 -0.963290 0.000000 0.268463 -0.963290 0.000000 0.268463 -0.963290 0.000000 0.268463 -0.963290 0.000000 0.268463 -0.963290 0.000000 0.268463 -0.963290 0.000000 -0.792610 0.609729 0.000000 -0.792610 0.609729 0.000000 -0.792610 0.609729 0.000000 -0.792610 0.609729 0.000000 -0.792610 0.609729 0.000000 -0.792610 0.609729 0.000000 -0.792610 0.609729 0.000000 -0.792610 0.609729 0.000000 -0.792610 0.609729 0.000000 -0.829133 -0.559051 0.000000 -0.829133 -0.559051 0.000000 -0.829133 -0.559051 0.000000 -0.829133 -0.559051 0.000000 -0.829133 -0.559051 0.000000 0.829039 0.559191 0.000000 0.829039 0.559191 0.000000 0.829039 0.559191 0.000000 0.829039 0.559191 0.000000 0.829039 0.559191 0.000000 0.829039 0.559191 0.000000 0.829039 0.559191 0.000000 0.829039 0.559191 0.000000 0.829039 0.559191 0.000000 0.829039 0.559191 0.000000 0.829039 0.559191 0.000000 0.829039 0.559191 0.000000 0.829039 0.559191 0.000000 0.829039 0.559191 0.000000 0.829039 0.559191 0.000000 0.829039 0.559191 0.000000 0.829039 0.559191 0.000000 0.829039 0.559191 0.000000 -0.262147 -0.176806 -0.948693 -0.262147 -0.176806 -0.948693 -0.262147 -0.176806 -0.948693 -0.262147 -0.176806 -0.948693 -0.262147 -0.176806 -0.948693 -0.262147 -0.176806 -0.948693 -0.262147 -0.176806 -0.948693 -0.262134 -0.176761 0.948705 -0.262134 -0.176761 0.948705 -0.262134 -0.176761 0.948705 -0.262134 -0.176761 0.948705 -0.262134 -0.176761 0.948705 -0.262134 -0.176761 0.948705 -0.262134 -0.176761 0.948705 -0.262134 -0.176761 0.948705 -0.262134 -0.176761 0.948705 -0.096871 -0.065324 -0.993151 -0.096871 -0.065324 -0.993151 -0.096871 -0.065324 -0.993151 -0.096871 -0.065324 -0.993151 -0.096871 -0.065324 -0.993151 -0.096871 -0.065324 -0.993151 -0.096867 -0.065343 0.993150 -0.096867 -0.065343 0.993150 -0.096867 -0.065343 0.993150 -0.096867 -0.065343 0.993150 0.458473 -0.888708 0.000000 0.458473 -0.888708 0.000000 0.458473 -0.888708 0.000000 0.458473 -0.888708 0.000000 0.458473 -0.888708 0.000000 0.458473 -0.888708 0.000000 0.458473 -0.888708 0.000000 0.458473 -0.888708 0.000000 0.458473 -0.888708 0.000000 0.458473 -0.888708 0.000000 0.458473 -0.888708 0.000000 0.458473 -0.888708 0.000000 0.458473 -0.888708 0.000000 -0.652194 0.758052 0.000000 -0.652194 0.758052 0.000000 -0.652194 0.758052 0.000000 -0.652194 0.758052 0.000000 -0.652194 0.758052 0.000000 -0.652194 0.758052 0.000000 -0.652194 0.758052 0.000000 -0.652194 0.758052 0.000000 -0.652194 0.758052 0.000000 -0.652194 0.758052 0.000000 -0.652194 0.758052 0.000000 -0.652194 0.758052 0.000000 -0.652194 0.758052 0.000000 -0.652194 0.758052 0.000000 -0.829059 -0.559161 0.000000 -0.829059 -0.559161 0.000000 -0.829059 -0.559161 0.000000 -0.829059 -0.559161 0.000000 -0.829059 -0.559161 0.000000 -0.829059 -0.559161 0.000000 -0.829059 -0.559161 0.000000 -0.096871 -0.065324 -0.993151 -0.096871 -0.065324 -0.993151 -0.096871 -0.065324 -0.993151 -0.096871 -0.065324 -0.993151 -0.096867 -0.065343 0.993150 -0.096867 -0.065343 0.993150 -0.096867 -0.065343 0.993150 -0.096867 -0.065343 0.993150 -0.096867 -0.065343 0.993150 -0.096867 -0.065343 0.993150 -0.096867 -0.065343 0.993150 -0.096867 -0.065343 0.993150 -0.096867 -0.065343 0.993150 0.948703 -0.316169 0.000000 0.948703 -0.316169 0.000000 0.948703 -0.316169 0.000000 0.948703 -0.316169 0.000000 0.948703 -0.316169 0.000000 0.948703 -0.316169 0.000000 0.948703 -0.316169 0.000000 0.948703 -0.316169 0.000000 -0.948693 -0.316198 0.000000 -0.948693 -0.316198 0.000000 -0.948693 -0.316198 0.000000 -0.948693 -0.316198 0.000000 -0.948693 -0.316198 0.000000 -0.948693 -0.316198 0.000000 -0.000153 -1.000000 0.000000 -0.000153 -1.000000 0.000000 -0.000153 -1.000000 0.000000 -0.000153 -1.000000 0.000000 0.000004 1.000000 0.000000 0.000004 1.000000 0.000000 0.000004 1.000000 0.000000 0.000004 1.000000 0.000000 0.000004 1.000000 0.000000 0.000004 1.000000 0.000000 0.000004 1.000000 0.000000 0.000004 1.000000 0.000000 0.000004 1.000000 0.000000 0.000004 1.000000 0.000000 0.000004 1.000000 0.000000 0.000004 1.000000 0.000000 0.000004 1.000000 0.000000 0.000004 1.000000 0.000000 0.000004 1.000000 0.000000 0.000004 1.000000 0.000000 0.000004 1.000000 0.000000 0.000004 1.000000 0.000000 0.000004 1.000000 0.000000 0.000004 1.000000 0.000000 0.000004 1.000000 0.000000 0.000004 1.000000 0.000000 0.000004 1.000000 0.000000 0.000004 1.000000 0.000000 0.000004 1.000000 0.000000 0.000004 1.000000 0.000000 0.000004 1.000000 0.000000 0.000004 1.000000 0.000000 0.000004 1.000000 0.000000 0.000004 1.000000 0.000000 -0.000029 -0.316187 -0.948697 -0.000029 -0.316187 -0.948697 -0.000029 -0.316187 -0.948697 -0.000029 -0.316187 -0.948697 -0.000029 -0.316187 -0.948697 -0.000029 -0.316187 -0.948697 -0.000029 -0.316187 -0.948697 -0.000029 -0.316187 -0.948697 -0.000034 -0.316182 0.948699 -0.000034 -0.316182 0.948699 -0.000034 -0.316182 0.948699 -0.000034 -0.316182 0.948699 -0.000034 -0.316182 0.948699 0.000001 -0.316239 -0.948680 0.000001 -0.316239 -0.948680 0.000001 -0.316239 -0.948680 0.000001 -0.316239 -0.948680 0.000001 -0.316239 -0.948680 0.000001 -0.316239 -0.948680 0.000001 -0.316239 -0.948680 0.000001 -0.316239 -0.948680 0.000002 -0.316235 0.948681 0.000002 -0.316235 0.948681 0.000002 -0.316235 0.948681 0.000002 -0.316235 0.948681 0.000002 -0.316235 0.948681 0.000002 -0.316235 0.948681 0.000002 -0.316235 0.948681 0.000002 -0.316235 0.948681 0.000002 -0.316235 0.948681 0.000002 -0.316235 0.948681 0.000002 -0.316235 0.948681 0.000002 -0.316235 0.948681 -0.000001 -1.000000 0.000000 -0.000001 -1.000000 0.000000 -0.000001 -1.000000 0.000000 -0.000001 -1.000000 0.000000 -0.000001 -1.000000 0.000000 0.000008 1.000000 -0.000002 0.000008 1.000000 -0.000002 0.000008 1.000000 -0.000002 0.000008 1.000000 -0.000002 0.000008 1.000000 -0.000002 0.000008 1.000000 -0.000002 0.000008 1.000000 -0.000002 0.000008 1.000000 -0.000002 0.000008 1.000000 -0.000002 0.000008 1.000000 -0.000002 0.000008 1.000000 -0.000002 0.000008 1.000000 -0.000002 0.000008 1.000000 -0.000002 0.000008 1.000000 -0.000002 0.000008 1.000000 -0.000002 0.000008 1.000000 -0.000002 0.000008 1.000000 -0.000002 0.000008 1.000000 -0.000002 0.000008 1.000000 -0.000002 0.000008 1.000000 -0.000002 0.000008 1.000000 -0.000002 0.000008 1.000000 -0.000002 0.000008 1.000000 -0.000002 0.000008 1.000000 -0.000002 0.000008 1.000000 -0.000002 0.000008 1.000000 -0.000002 0.000008 1.000000 -0.000002 0.000008 1.000000 -0.000002 0.000008 1.000000 -0.000002 0.000008 1.000000 -0.000002 0.948716 -0.316130 0.000009 0.948716 -0.316130 0.000009 0.948716 -0.316130 0.000009 0.948716 -0.316130 0.000009 -0.948647 -0.316338 0.000000 -0.948647 -0.316338 0.000000 -0.948647 -0.316338 0.000000 -0.948647 -0.316338 0.000000 -0.000001 -0.116837 -0.993151 -0.000001 -0.116837 -0.993151 -0.000001 -0.116837 -0.993151 -0.000001 -0.116837 -0.993151 -0.000001 -0.116837 -0.993151 -0.000001 -0.116841 0.993151 -0.000001 -0.116841 0.993151 -0.000001 -0.116841 0.993151 -0.000001 -0.116841 0.993151 -0.000001 -0.116841 0.993151 -0.000001 -0.116841 0.993151 0.000048 -1.000000 0.000000 0.000048 -1.000000 0.000000 0.000048 -1.000000 0.000000 0.000048 -1.000000 0.000000 0.000048 -1.000000 0.000000 0.000048 -1.000000 0.000000 0.000048 -1.000000 0.000000 0.000048 -1.000000 0.000000 0.000048 -1.000000 0.000000 -0.000005 1.000000 -0.000000 -0.000005 1.000000 -0.000000 -0.000005 1.000000 -0.000000 -0.000005 1.000000 -0.000000 0.993152 -0.116826 0.000007 0.993152 -0.116826 0.000007 0.993152 -0.116826 0.000007 0.993152 -0.116826 0.000007 -0.993146 -0.116877 -0.000056 -0.993146 -0.116877 -0.000056 -0.993146 -0.116877 -0.000056 -0.993146 -0.116877 -0.000056 -0.993146 -0.116877 -0.000056 -0.993146 -0.116877 -0.000056 -0.993146 -0.116877 -0.000056 -0.993146 -0.116877 -0.000056 -0.993146 -0.116877 -0.000056 0.000000 -1.000000 0.000000 0.000000 -1.000000 0.000000 0.000000 -1.000000 0.000000 0.000000 -1.000000 0.000000 0.000000 -1.000000 0.000000 0.000000 -1.000000 0.000000 0.000000 -1.000000 0.000000 0.000000 -1.000000 0.000000 0.000000 -1.000000 0.000000 0.000000 -1.000000 0.000000 0.000000 -1.000000 0.000000 0.000000 -1.000000 0.000000 0.000000 -1.000000 0.000000 0.000000 -1.000000 0.000000 0.000000 -1.000000 0.000000 0.000000 -1.000000 0.000000 0.000000 -1.000000 0.000000 0.000000 -1.000000 0.000000 0.000000 -1.000000 0.000000 0.000000 -1.000000 0.000000 0.000000 -1.000000 0.000000 0.000000 -1.000000 0.000000 0.000000 -1.000000 0.000000 0.000000 -1.000000 0.000000 0.000000 -1.000000 0.000000 0.000000 -1.000000 0.000000 0.000000 -1.000000 0.000000 0.000000 -1.000000 0.000000 0.000000 -1.000000 0.000000 0.000000 -1.000000 0.000000 0.000000 -1.000000 0.000000 0.000000 -1.000000 0.000000 0.000000 -1.000000 0.000000 0.000000 -1.000000 0.000000 0.000000 -1.000000 0.000000 0.000000 -1.000000 0.000000 0.000000 -1.000000 0.000000 0.000000 -1.000000 0.000000 0.000000 -1.000000 0.000000 0.000000 -1.000000 0.000000 0.000000 -1.000000 0.000000 0.000000 -1.000000 0.000000 0.000000 -1.000000 0.000000 0.000000 -1.000000 0.000000 0.000000 -1.000000 0.000000 0.000000 -1.000000 0.000000 0.000000 -1.000000 0.000000 0.000000 -1.000000 0.000000 0.000000 -1.000000 0.000000 0.000000 -1.000000 0.000000 0.000000 1.000000 0.000000 0.000000 1.000000 0.000000 0.000000 1.000000 0.000000 0.000000 1.000000 0.000000 0.000000 1.000000 0.000000 0.000000 1.000000 0.000000 -0.678280 -0.000000 -0.734803 -0.678280 -0.000000 -0.734803 -0.678280 -0.000000 -0.734803 -0.678280 -0.000000 -0.734803 -0.678280 -0.000000 -0.734803 0.609710 -0.000000 -0.792624 0.609710 -0.000000 -0.792624 0.609710 -0.000000 -0.792624 0.609710 -0.000000 -0.792624 -1.000000 -0.000000 0.000000 -1.000000 -0.000000 0.000000 -1.000000 -0.000000 0.000000 -1.000000 -0.000000 0.000000 -1.000000 -0.000000 0.000000 -1.000000 -0.000000 0.000000 -1.000000 -0.000000 0.000000 -1.000000 -0.000000 0.000000 -1.000000 -0.000000 0.000000 1.000000 -0.000000 0.000000 1.000000 -0.000000 0.000000 1.000000 -0.000000 0.000000 1.000000 -0.000000 0.000000 1.000000 -0.000000 0.000000 1.000000 -0.000000 0.000000 1.000000 -0.000000 0.000000 1.000000 -0.000000 0.000000 1.000000 -0.000000 0.000000 1.000000 -0.000000 0.000000 0.000000 -1.000000 0.000000 0.000000 -1.000000 0.000000 0.000000 -1.000000 0.000000 0.000000 -1.000000 0.000000 0.000000 -1.000000 0.000000 0.000000 -1.000000 0.000000 0.000000 1.000000 0.000000 0.000000 1.000000 0.000000 0.000000 1.000000 0.000000 0.000000 1.000000 0.000000 0.000000 1.000000 0.000000 0.000000 1.000000 0.000000 0.000000 -0.000000 -1.000000 0.000000 -0.000000 -1.000000 0.000000 -0.000000 -1.000000 0.000000 -0.000000 -1.000000 0.000000 -0.000000 -1.000000 0.000000 -0.000000 -1.000000 0.000000 -0.000000 -1.000000 0.000000 -0.000000 -1.000000 0.000000 -0.000000 -1.000000 0.000000 -0.000000 -1.000000 -0.773957 -0.000000 -0.633238 -0.773957 -0.000000 -0.633238 -0.773957 -0.000000 -0.633238 -0.773957 -0.000000 -0.633238 0.640185 -0.000000 -0.768221 0.640185 -0.000000 -0.768221 0.640185 -0.000000 -0.768221 0.640185 -0.000000 -0.768221 -0.768221 -0.000000 -0.640184 -0.768221 -0.000000 -0.640184 -0.768221 -0.000000 -0.640184 -0.768221 -0.000000 -0.640184 0.768221 -0.000000 -0.640184 0.768221 -0.000000 -0.640184 0.768221 -0.000000 -0.640184 0.768221 -0.000000 -0.640184 0.000000 -0.768221 -0.640184 0.000000 -0.768221 -0.640184 0.000000 -0.768221 -0.640184 0.000000 -0.768221 -0.640184 0.000000 -0.768221 -0.640184 0.000000 -0.768221 -0.640184 0.000000 0.768221 -0.640184 0.000000 0.768221 -0.640184 0.000000 0.768221 -0.640184 0.000000 0.768221 -0.640184 0.000000 0.768221 -0.640184 0.000000 0.768221 -0.640184 0.000000 -0.000000 -1.000000 0.000000 -0.000000 -1.000000 0.000000 -0.000000 -1.000000 0.000000 -0.000000 -1.000000 0.000000 -0.000000 -1.000000 0.000000 -0.000000 -1.000000 0.000000 -0.000000 -1.000000 0.000000 -0.000000 -1.000000 0.000000 -0.000000 -1.000000 0.000000 -0.000000 -1.000000 0.000000 -0.000000 -1.000000 0.000000 -0.000000 -1.000000 0.000000 -0.000000 -1.000000 0.000000 -0.000000 -1.000000 0.000000 -0.000000 -1.000000 0.000000 -0.000000 -1.000000 0.000000 -0.000000 -1.000000 0.000000 -0.000000 -1.000000 0.000000 -0.000000 -1.000000 0.000000 -0.000000 -1.000000 0.000000 -0.000000 -1.000000 0.000000 -0.000000 -1.000000 0.000000 -0.000000 -1.000000 0.000000 -0.000000 -1.000000 0.000000 -0.000000 -1.000000 0.000000 -0.000000 -1.000000 0.000000 -0.000000 -1.000000 0.000000 -0.000000 -1.000000 -1.000000 -0.000000 0.000000 -1.000000 -0.000000 0.000000 -1.000000 -0.000000 0.000000 -1.000000 -0.000000 0.000000 -1.000000 -0.000000 0.000000 1.000000 -0.000000 0.000000 1.000000 -0.000000 0.000000 1.000000 -0.000000 0.000000 1.000000 -0.000000 0.000000 1.000000 -0.000000 0.000000 0.000000 -1.000000 0.000000 0.000000 -1.000000 0.000000 0.000000 -1.000000 0.000000 0.000000 -1.000000 0.000000 0.000000 1.000000 0.000000 0.000000 1.000000 0.000000 0.000000 1.000000 0.000000 0.000000 1.000000 0.000000 0.000000 -0.116856 -0.993149 0.000000 -0.116856 -0.993149 0.000000 -0.116856 -0.993149 0.000000 -0.116856 -0.993149 0.000000 -0.116834 0.993151 0.000000 -0.116834 0.993151 0.000000 -0.116834 0.993151 0.000000 -0.116834 0.993151 0.993152 -0.116829 0.000032 0.993152 -0.116829 0.000032 0.993152 -0.116829 0.000032 0.993152 -0.116829 0.000032 -0.993152 -0.116829 0.000000 -0.993152 -0.116829 0.000000 -0.993152 -0.116829 0.000000 -0.993152 -0.116829 0.000000 -0.000001 -0.316239 -0.948680 -0.000001 -0.316239 -0.948680 -0.000001 -0.316239 -0.948680 -0.000001 -0.316239 -0.948680 -0.000001 -0.316239 -0.948680 -0.000001 -0.316239 -0.948680 -0.000001 -0.316239 -0.948680 -0.000001 -0.316239 -0.948680 -0.000002 -0.316235 0.948681 -0.000002 -0.316235 0.948681 -0.000002 -0.316235 0.948681 -0.000002 -0.316235 0.948681 -0.000002 -0.316235 0.948681 -0.000002 -0.316235 0.948681 -0.000002 -0.316235 0.948681 -0.000002 -0.316235 0.948681 -0.000002 -0.316235 0.948681 -0.000002 -0.316235 0.948681 -0.000002 -0.316235 0.948681 -0.000002 -0.316235 0.948681 0.000001 -1.000000 0.000000 0.000001 -1.000000 0.000000 0.000001 -1.000000 0.000000 0.000001 -1.000000 0.000000 0.000001 -1.000000 0.000000 -0.000008 1.000000 -0.000002 -0.000008 1.000000 -0.000002 -0.000008 1.000000 -0.000002 -0.000008 1.000000 -0.000002 -0.000008 1.000000 -0.000002 -0.000008 1.000000 -0.000002 -0.000008 1.000000 -0.000002 -0.000008 1.000000 -0.000002 -0.000008 1.000000 -0.000002 -0.000008 1.000000 -0.000002 -0.000008 1.000000 -0.000002 -0.000008 1.000000 -0.000002 -0.000008 1.000000 -0.000002 -0.000008 1.000000 -0.000002 -0.000008 1.000000 -0.000002 -0.000008 1.000000 -0.000002 -0.000008 1.000000 -0.000002 -0.000008 1.000000 -0.000002 -0.000008 1.000000 -0.000002 -0.000008 1.000000 -0.000002 -0.000008 1.000000 -0.000002 -0.000008 1.000000 -0.000002 -0.000008 1.000000 -0.000002 -0.000008 1.000000 -0.000002 -0.000008 1.000000 -0.000002 -0.000008 1.000000 -0.000002 -0.000008 1.000000 -0.000002 -0.000008 1.000000 -0.000002 -0.000008 1.000000 -0.000002 -0.000008 1.000000 -0.000002 -0.948711 -0.316145 -0.000005 -0.948711 -0.316145 -0.000005 -0.948711 -0.316145 -0.000005 -0.948711 -0.316145 -0.000005 0.948647 -0.316338 0.000000 0.948647 -0.316338 0.000000 0.948647 -0.316338 0.000000 0.948647 -0.316338 0.000000 0.000001 -0.116837 -0.993151 0.000001 -0.116837 -0.993151 0.000001 -0.116837 -0.993151 0.000001 -0.116837 -0.993151 0.000001 -0.116837 -0.993151 0.000001 -0.116841 0.993151 0.000001 -0.116841 0.993151 0.000001 -0.116841 0.993151 0.000001 -0.116841 0.993151 0.000001 -0.116841 0.993151 0.000001 -0.116841 0.993151 -0.000048 -1.000000 0.000000 -0.000048 -1.000000 0.000000 -0.000048 -1.000000 0.000000 -0.000048 -1.000000 0.000000 -0.000048 -1.000000 0.000000 -0.000048 -1.000000 0.000000 -0.000048 -1.000000 0.000000 -0.000048 -1.000000 0.000000 -0.000048 -1.000000 0.000000 0.000005 1.000000 -0.000000 0.000005 1.000000 -0.000000 0.000005 1.000000 -0.000000 0.000005 1.000000 -0.000000 -0.993152 -0.116829 0.000007 -0.993152 -0.116829 0.000007 -0.993152 -0.116829 0.000007 -0.993152 -0.116829 0.000007 0.993147 -0.116874 -0.000057 0.993147 -0.116874 -0.000057 0.993147 -0.116874 -0.000057 0.993147 -0.116874 -0.000057 0.993147 -0.116874 -0.000057 0.993147 -0.116874 -0.000057 0.993147 -0.116874 -0.000057 0.993147 -0.116874 -0.000057 0.993147 -0.116874 -0.000057 -0.000000 -0.116856 -0.993149 -0.000000 -0.116856 -0.993149 -0.000000 -0.116856 -0.993149 -0.000000 -0.116856 -0.993149 -0.000000 -0.116834 0.993151 -0.000000 -0.116834 0.993151 -0.000000 -0.116834 0.993151 -0.000000 -0.116834 0.993151 -0.993152 -0.116829 0.000032 -0.993152 -0.116829 0.000032 -0.993152 -0.116829 0.000032 -0.993152 -0.116829 0.000032 0.993152 -0.116829 0.000000 0.993152 -0.116829 0.000000 0.993152 -0.116829 0.000000 0.993152 -0.116829 0.000000 -0.000018 -0.116838 -0.993151 -0.000018 -0.116838 -0.993151 -0.000018 -0.116838 -0.993151 -0.000018 -0.116838 -0.993151 -0.000018 -0.116838 -0.993151 -0.000018 -0.116838 -0.993151 0.000018 -0.116853 0.993149 0.000018 -0.116853 0.993149 0.000018 -0.116853 0.993149 0.000018 -0.116853 0.993149 0.000018 -0.116853 0.993149 0.993149 -0.116855 0.000000 0.993149 -0.116855 0.000000 0.993149 -0.116855 0.000000 0.993149 -0.116855 0.000000 0.993149 -0.116855 0.000000 0.993149 -0.116855 0.000000 0.993149 -0.116855 0.000000 0.993149 -0.116855 0.000000 0.993149 -0.116855 0.000000 0.993149 -0.116855 0.000000 0.993149 -0.116855 0.000000 0.993149 -0.116855 0.000000 0.993149 -0.116855 0.000000 -0.993154 -0.116809 0.000000 -0.993154 -0.116809 0.000000 -0.993154 -0.116809 0.000000 -0.993154 -0.116809 0.000000 -0.993154 -0.116809 0.000000 -0.993154 -0.116809 0.000000 -0.993154 -0.116809 0.000000 -0.993154 -0.116809 0.000000 -0.993154 -0.116809 0.000000 -0.993154 -0.116809 0.000000 -0.993154 -0.116809 0.000000 -0.993154 -0.116809 0.000000 -0.993154 -0.116809 0.000000 -0.000093 -1.000000 0.000000 -0.000093 -1.000000 0.000000 -0.000093 -1.000000 0.000000 -0.000093 -1.000000 0.000000 -0.000093 -1.000000 0.000000 -0.000093 -1.000000 0.000000 -0.000093 -1.000000 0.000000 -0.000093 -1.000000 0.000000 -0.000093 -1.000000 0.000000 -0.000093 -1.000000 0.000000 -0.000093 -1.000000 0.000000 -0.000093 -1.000000 0.000000 -0.000093 -1.000000 0.000000 -0.000093 -1.000000 0.000000 -0.000018 -0.116838 -0.993151 -0.000018 -0.116838 -0.993151 -0.000018 -0.116838 -0.993151 -0.000018 -0.116838 -0.993151 -0.000018 -0.116838 -0.993151 0.000018 -0.116853 0.993149 0.000018 -0.116853 0.993149 0.000018 -0.116853 0.993149 0.000018 -0.116853 0.993149 0.000018 -0.116853 0.993149 -0.948692 0.234984 0.211581 -0.948692 0.234984 0.211581 -0.948692 0.234984 0.211581 -0.948692 0.234984 0.211581 -0.948692 0.234984 0.211581 -0.948692 0.234984 0.211581 -0.948692 0.234984 0.211581 -0.948692 0.234984 0.211581 -0.948692 0.234984 0.211581 -0.948692 0.234984 0.211581 -0.948692 0.234984 0.211581 -0.948692 0.234984 0.211581 -0.948692 0.234984 0.211581 -0.948692 0.234984 0.211581 -0.948692 0.234984 0.211581 -0.948692 0.234984 0.211581 -0.948692 0.234984 0.211581 -0.948692 0.234984 0.211581 -0.948692 0.234984 0.211581 -0.948692 0.234984 0.211581 -0.948692 0.234984 0.211581 0.948696 0.234976 0.211572 0.948696 0.234976 0.211572 0.948696 0.234976 0.211572 0.948696 0.234976 0.211572 0.948696 0.234976 0.211572 0.948696 0.234976 0.211572 0.000219 0.743145 0.669130 0.000219 0.743145 0.669130 0.000219 0.743145 0.669130 0.000219 0.743145 0.669130 0.000219 0.743145 0.669130 -0.000004 -0.743145 -0.669130 -0.000004 -0.743145 -0.669130 -0.000004 -0.743145 -0.669130 -0.000004 -0.743145 -0.669130 -0.000004 -0.743145 -0.669130 -0.000004 -0.743145 -0.669130 -0.000004 -0.743145 -0.669130 -0.000004 -0.743145 -0.669130 -0.000004 -0.743145 -0.669130 -0.000004 -0.743145 -0.669130 -0.000004 -0.743145 -0.669130 -0.000004 -0.743145 -0.669130 -0.000004 -0.743145 -0.669130 -0.000004 -0.743145 -0.669130 -0.000004 -0.743145 -0.669130 -0.000004 -0.743145 -0.669130 -0.000004 -0.743145 -0.669130 -0.000004 -0.743145 -0.669130 -0.000004 -0.743145 -0.669130 -0.000004 -0.743145 -0.669130 -0.000004 -0.743145 -0.669130 -0.000004 -0.743145 -0.669130 -0.000004 -0.743145 -0.669130 -0.000004 -0.743145 -0.669130 -0.000004 -0.743145 -0.669130 -0.000004 -0.743145 -0.669130 -0.000004 -0.743145 -0.669130 -0.000004 -0.743145 -0.669130 0.000019 0.869799 -0.493406 0.000019 0.869799 -0.493406 0.000019 0.869799 -0.493406 0.000019 0.869799 -0.493406 0.000019 0.869799 -0.493406 0.000019 0.869799 -0.493406 0.000019 0.869799 -0.493406 0.000019 0.869799 -0.493406 0.000019 0.869799 -0.493406 0.000019 0.869799 -0.493406 -0.000002 -0.399838 0.916586 -0.000002 -0.399838 0.916586 -0.000002 -0.399838 0.916586 -0.000002 -0.399838 0.916586 -0.000002 -0.399838 0.916586 -0.000002 -0.399838 0.916586 -0.993150 0.086833 0.078185 -0.993150 0.086833 0.078185 -0.993150 0.086833 0.078185 -0.993150 0.086833 0.078185 -0.993150 0.086833 0.078185 -0.993150 0.086833 0.078185 -0.993150 0.086833 0.078185 -0.993150 0.086833 0.078185 -0.993150 0.086833 0.078185 0.000139 0.743138 0.669138 0.000139 0.743138 0.669138 0.000139 0.743138 0.669138 0.000139 0.743138 0.669138 0.000139 0.743138 0.669138 0.000139 0.743138 0.669138 0.000139 0.743138 0.669138 0.000139 0.743138 0.669138 0.000139 0.743138 0.669138 0.000028 0.751369 -0.659882 0.000028 0.751369 -0.659882 0.000028 0.751369 -0.659882 0.000028 0.751369 -0.659882 0.000028 0.751369 -0.659882 0.000028 0.751369 -0.659882 -0.000059 -0.577683 0.816261 -0.000059 -0.577683 0.816261 -0.000059 -0.577683 0.816261 -0.000059 -0.577683 0.816261 -0.000059 -0.577683 0.816261 -0.993150 0.086833 0.078185 -0.993150 0.086833 0.078185 -0.993150 0.086833 0.078185 -0.993150 0.086833 0.078185 -0.993150 0.086833 0.078185 -0.993150 0.086833 0.078185 -0.993150 0.086833 0.078185 -0.993150 0.086833 0.078185 0.000111 0.743126 0.669151 0.000111 0.743126 0.669151 0.000111 0.743126 0.669151 0.000111 0.743126 0.669151 0.000111 0.743126 0.669151 0.000111 0.743126 0.669151 0.000111 0.743126 0.669151 0.000028 0.751363 -0.659889 0.000028 0.751363 -0.659889 0.000028 0.751363 -0.659889 0.000028 0.751363 -0.659889 0.000028 0.751363 -0.659889 0.000028 0.751363 -0.659889 0.000028 0.751363 -0.659889 0.000028 0.751363 -0.659889 -0.000063 -0.577681 0.816262 -0.000063 -0.577681 0.816262 -0.000063 -0.577681 0.816262 -0.000063 -0.577681 0.816262 -0.000063 -0.577681 0.816262 -0.948699 0.234968 0.211565 -0.948699 0.234968 0.211565 -0.948699 0.234968 0.211565 -0.948699 0.234968 0.211565 -0.948699 0.234968 0.211565 -0.948699 0.234968 0.211565 -0.948699 0.234968 0.211565 -0.948699 0.234968 0.211565 -0.948699 0.234968 0.211565 -0.948699 0.234968 0.211565 -0.948699 0.234968 0.211565 -0.948699 0.234968 0.211565 -0.948699 0.234968 0.211565 -0.948699 0.234968 0.211565 -0.948699 0.234968 0.211565 -0.948699 0.234968 0.211565 -0.948699 0.234968 0.211565 0.948692 0.234983 0.211579 0.948692 0.234983 0.211579 0.948692 0.234983 0.211579 0.948692 0.234983 0.211579 0.948692 0.234983 0.211579 0.948692 0.234983 0.211579 0.948692 0.234983 0.211579 0.948692 0.234983 0.211579 0.948692 0.234983 0.211579 0.000222 0.743144 0.669131 0.000222 0.743144 0.669131 0.000222 0.743144 0.669131 0.000222 0.743144 0.669131 0.000222 0.743144 0.669131 -0.000003 -0.743142 -0.669134 -0.000003 -0.743142 -0.669134 -0.000003 -0.743142 -0.669134 -0.000003 -0.743142 -0.669134 -0.000003 -0.743142 -0.669134 -0.000003 -0.743142 -0.669134 -0.000003 -0.743142 -0.669134 -0.000003 -0.743142 -0.669134 -0.000003 -0.743142 -0.669134 -0.000003 -0.743142 -0.669134 -0.000003 -0.743142 -0.669134 -0.000003 -0.743142 -0.669134 -0.000003 -0.743142 -0.669134 -0.000003 -0.743142 -0.669134 -0.000003 -0.743142 -0.669134 -0.000003 -0.743142 -0.669134 -0.000003 -0.743142 -0.669134 -0.000003 -0.743142 -0.669134 -0.000003 -0.743142 -0.669134 -0.000003 -0.743142 -0.669134 -0.000003 -0.743142 -0.669134 -0.000003 -0.743142 -0.669134 -0.000003 -0.743142 -0.669134 -0.000003 -0.743142 -0.669134 -0.000003 -0.743142 -0.669134 -0.000003 -0.743142 -0.669134 -0.000003 -0.743142 -0.669134 -0.000003 -0.743142 -0.669134 -0.000003 -0.743142 -0.669134 -0.000003 -0.743142 -0.669134 -0.000003 -0.743142 -0.669134 -0.000003 -0.743142 -0.669134 -0.000007 0.869767 -0.493463 -0.000007 0.869767 -0.493463 -0.000007 0.869767 -0.493463 -0.000007 0.869767 -0.493463 -0.000007 0.869767 -0.493463 -0.000007 0.869767 -0.493463 -0.000007 0.869767 -0.493463 -0.000007 0.869767 -0.493463 -0.000007 0.869767 -0.493463 -0.000007 0.869767 -0.493463 -0.000007 0.869767 -0.493463 -0.000007 0.869767 -0.493463 0.000069 -0.399819 0.916594 0.000069 -0.399819 0.916594 0.000069 -0.399819 0.916594 0.000069 -0.399819 0.916594 0.000069 -0.399819 0.916594 0.000069 -0.399819 0.916594 0.000069 -0.399819 0.916594 0.000069 -0.399819 0.916594 0.000069 -0.399819 0.916594 0.000069 -0.399819 0.916594 0.000069 -0.399819 0.916594 0.000069 -0.399819 0.916594 0.000069 -0.399819 0.916594 0.000069 -0.399819 0.916594 0.993154 0.086809 0.078164 0.993154 0.086809 0.078164 0.993154 0.086809 0.078164 0.993154 0.086809 0.078164 0.000133 0.743149 0.669126 0.000133 0.743149 0.669126 0.000133 0.743149 0.669126 0.000133 0.743149 0.669126 0.000133 0.743149 0.669126 0.000133 0.743149 0.669126 0.000133 0.743149 0.669126 0.000133 0.743149 0.669126 0.000133 0.743149 0.669126 0.000133 0.743149 0.669126 0.000133 0.743149 0.669126 0.000133 0.743149 0.669126 0.000063 0.751379 -0.659871 0.000063 0.751379 -0.659871 0.000063 0.751379 -0.659871 0.000063 0.751379 -0.659871 0.000063 0.751379 -0.659871 0.000063 0.751379 -0.659871 0.000063 0.751379 -0.659871 0.000063 0.751379 -0.659871 0.000063 0.751379 -0.659871 0.000063 0.751379 -0.659871 -0.993150 0.086831 0.078183 -0.993150 0.086831 0.078183 -0.993150 0.086831 0.078183 -0.993150 0.086831 0.078183 -0.993150 0.086831 0.078183 -0.993150 0.086831 0.078183 -0.993150 0.086831 0.078183 -0.993150 0.086831 0.078183 -0.993150 0.086831 0.078183 -0.993150 0.086831 0.078183 -0.993150 0.086831 0.078183 -0.993150 0.086831 0.078183 -0.993150 0.086831 0.078183 -0.993150 0.086831 0.078183 -0.993150 0.086831 0.078183 -0.993150 0.086831 0.078183 -0.993150 0.086831 0.078183 -0.993150 0.086831 0.078183 0.993154 0.086812 0.078166 0.993154 0.086812 0.078166 0.993154 0.086812 0.078166 0.993154 0.086812 0.078166 0.993154 0.086812 0.078166 0.993154 0.086812 0.078166 0.993154 0.086812 0.078166 0.993154 0.086812 0.078166 0.993154 0.086812 0.078166 0.993154 0.086812 0.078166 0.993154 0.086812 0.078166 0.993154 0.086812 0.078166 0.993154 0.086812 0.078166 0.993154 0.086812 0.078166 0.993154 0.086812 0.078166 0.993154 0.086812 0.078166 0.993154 0.086812 0.078166 0.000109 0.743162 0.669112 0.000109 0.743162 0.669112 0.000109 0.743162 0.669112 0.000057 0.751381 -0.659869 0.000057 0.751381 -0.659869 0.000057 0.751381 -0.659869 0.000057 0.751381 -0.659869 -0.000043 -0.577704 0.816247 -0.000043 -0.577704 0.816247 -0.000043 -0.577704 0.816247 -0.000043 -0.577704 0.816247 -0.000043 -0.577704 0.816247 -0.000043 -0.577704 0.816247 -0.000043 -0.577704 0.816247 -0.000043 -0.577704 0.816247 -0.000043 -0.577704 0.816247 0.948699 0.234968 0.211565 0.948699 0.234968 0.211565 0.948699 0.234968 0.211565 0.948699 0.234968 0.211565 0.948699 0.234968 0.211565 0.948699 0.234968 0.211565 0.948699 0.234968 0.211565 0.948699 0.234968 0.211565 0.948699 0.234968 0.211565 0.948699 0.234968 0.211565 0.948699 0.234968 0.211565 0.948699 0.234968 0.211565 0.948699 0.234968 0.211565 0.948699 0.234968 0.211565 0.948699 0.234968 0.211565 0.948699 0.234968 0.211565 0.948699 0.234968 0.211565 -0.948692 0.234983 0.211579 -0.948692 0.234983 0.211579 -0.948692 0.234983 0.211579 -0.948692 0.234983 0.211579 -0.948692 0.234983 0.211579 -0.948692 0.234983 0.211579 -0.948692 0.234983 0.211579 -0.948692 0.234983 0.211579 -0.948692 0.234983 0.211579 -0.000222 0.743144 0.669131 -0.000222 0.743144 0.669131 -0.000222 0.743144 0.669131 -0.000222 0.743144 0.669131 -0.000222 0.743144 0.669131 0.000003 -0.743142 -0.669134 0.000003 -0.743142 -0.669134 0.000003 -0.743142 -0.669134 0.000003 -0.743142 -0.669134 0.000003 -0.743142 -0.669134 0.000003 -0.743142 -0.669134 0.000003 -0.743142 -0.669134 0.000003 -0.743142 -0.669134 0.000003 -0.743142 -0.669134 0.000003 -0.743142 -0.669134 0.000003 -0.743142 -0.669134 0.000003 -0.743142 -0.669134 0.000003 -0.743142 -0.669134 0.000003 -0.743142 -0.669134 0.000003 -0.743142 -0.669134 0.000003 -0.743142 -0.669134 0.000003 -0.743142 -0.669134 0.000003 -0.743142 -0.669134 0.000003 -0.743142 -0.669134 0.000003 -0.743142 -0.669134 0.000003 -0.743142 -0.669134 0.000003 -0.743142 -0.669134 0.000003 -0.743142 -0.669134 0.000003 -0.743142 -0.669134 0.000003 -0.743142 -0.669134 0.000003 -0.743142 -0.669134 0.000003 -0.743142 -0.669134 0.000003 -0.743142 -0.669134 0.000003 -0.743142 -0.669134 0.000003 -0.743142 -0.669134 0.000003 -0.743142 -0.669134 0.000003 -0.743142 -0.669134 0.000007 0.869767 -0.493463 0.000007 0.869767 -0.493463 0.000007 0.869767 -0.493463 0.000007 0.869767 -0.493463 0.000007 0.869767 -0.493463 0.000007 0.869767 -0.493463 0.000007 0.869767 -0.493463 0.000007 0.869767 -0.493463 0.000007 0.869767 -0.493463 0.000007 0.869767 -0.493463 0.000007 0.869767 -0.493463 0.000007 0.869767 -0.493463 -0.000069 -0.399819 0.916594 -0.000069 -0.399819 0.916594 -0.000069 -0.399819 0.916594 -0.000069 -0.399819 0.916594 -0.000069 -0.399819 0.916594 -0.000069 -0.399819 0.916594 -0.000069 -0.399819 0.916594 -0.000069 -0.399819 0.916594 -0.000069 -0.399819 0.916594 -0.000069 -0.399819 0.916594 -0.000069 -0.399819 0.916594 -0.000069 -0.399819 0.916594 -0.000069 -0.399819 0.916594 -0.000069 -0.399819 0.916594 -0.993154 0.086809 0.078164 -0.993154 0.086809 0.078164 -0.993154 0.086809 0.078164 -0.993154 0.086809 0.078164 -0.000133 0.743149 0.669126 -0.000133 0.743149 0.669126 -0.000133 0.743149 0.669126 -0.000133 0.743149 0.669126 -0.000133 0.743149 0.669126 -0.000133 0.743149 0.669126 -0.000133 0.743149 0.669126 -0.000133 0.743149 0.669126 -0.000133 0.743149 0.669126 -0.000133 0.743149 0.669126 -0.000133 0.743149 0.669126 -0.000133 0.743149 0.669126 -0.000063 0.751379 -0.659871 -0.000063 0.751379 -0.659871 -0.000063 0.751379 -0.659871 -0.000063 0.751379 -0.659871 -0.000063 0.751379 -0.659871 -0.000063 0.751379 -0.659871 -0.000063 0.751379 -0.659871 -0.000063 0.751379 -0.659871 -0.000063 0.751379 -0.659871 -0.000063 0.751379 -0.659871 0.000000 -0.577723 0.816233 0.000000 -0.577723 0.816233 0.000000 -0.577723 0.816233 0.000000 -0.577723 0.816233 0.000000 -0.577723 0.816233 0.000000 -0.577723 0.816233 0.000000 -0.577723 0.816233 0.000000 -0.577723 0.816233 0.000000 -0.577723 0.816233 0.000000 -0.577723 0.816233 0.000000 -0.577723 0.816233 0.000000 -0.577723 0.816233 0.000000 -0.577723 0.816233 0.000000 -0.577723 0.816233 0.000000 -0.577723 0.816233 0.000000 -0.577723 0.816233 0.993150 0.086831 0.078183 0.993150 0.086831 0.078183 0.993150 0.086831 0.078183 0.993150 0.086831 0.078183 0.993150 0.086831 0.078183 0.993150 0.086831 0.078183 0.993150 0.086831 0.078183 0.993150 0.086831 0.078183 0.993150 0.086831 0.078183 0.993150 0.086831 0.078183 0.993150 0.086831 0.078183 0.993150 0.086831 0.078183 0.993150 0.086831 0.078183 0.993150 0.086831 0.078183 0.993150 0.086831 0.078183 0.993150 0.086831 0.078183 0.993150 0.086831 0.078183 0.993150 0.086831 0.078183 -0.993154 0.086812 0.078166 -0.993154 0.086812 0.078166 -0.993154 0.086812 0.078166 -0.993154 0.086812 0.078166 -0.993154 0.086812 0.078166 -0.993154 0.086812 0.078166 -0.993154 0.086812 0.078166 -0.993154 0.086812 0.078166 -0.993154 0.086812 0.078166 -0.000109 0.743162 0.669112 -0.000109 0.743162 0.669112 -0.000109 0.743162 0.669112 -0.000057 0.751381 -0.659869 -0.000057 0.751381 -0.659869 -0.000057 0.751381 -0.659869 -0.000057 0.751381 -0.659869 0.000043 -0.577704 0.816247 0.000043 -0.577704 0.816247 0.000043 -0.577704 0.816247 0.000043 -0.577704 0.816247 0.000043 -0.577704 0.816247 0.000043 -0.577704 0.816247 0.000043 -0.577704 0.816247 0.000043 -0.577704 0.816247 0.000043 -0.577704 0.816247 -0.928477 -0.371391 0.000000 -0.928477 -0.371391 0.000000 -0.928477 -0.371391 0.000000 -0.928477 -0.371391 0.000000 0.928477 -0.371391 0.000000 0.928477 -0.371391 0.000000 0.928477 -0.371391 0.000000 0.928477 -0.371391 0.000000 0.000000 -0.371391 -0.928477 0.000000 -0.371391 -0.928477 0.000000 -0.371391 -0.928477 0.000000 -0.371391 -0.928477 0.000000 -0.371391 0.928477 0.000000 -0.371391 0.928477 0.000000 -0.371391 0.928477 0.000000 -0.371391 0.928477 -0.928477 0.371391 0.000000 -0.928477 0.371391 0.000000 -0.928477 0.371391 0.000000 -0.928477 0.371391 0.000000 0.928477 0.371391 0.000000 0.928477 0.371391 0.000000 0.928477 0.371391 0.000000 0.928477 0.371391 0.000000 0.000000 1.000000 0.000000 0.000000 1.000000 0.000000 0.000000 1.000000 0.000000 0.000000 1.000000 0.000000 0.000000 -1.000000 0.000000 0.000000 -1.000000 0.000000 0.000000 -1.000000 0.000000 0.000000 -1.000000 0.000000 0.000000 0.371391 -0.928477 0.000000 0.371391 -0.928477 0.000000 0.371391 -0.928477 0.000000 0.371391 -0.928477 0.000000 0.371391 -0.928477 0.000000 0.371391 0.928477 0.000000 0.371391 0.928477 0.000000 0.371391 0.928477 0.000000 0.371391 0.928477 0.000000 0.371391 0.928477 -0.928477 0.371391 0.000000 -0.928477 0.371391 0.000000 -0.928477 0.371391 0.000000 -0.928477 0.371391 0.000000 0.928477 0.371391 0.000000 0.928477 0.371391 0.000000 0.928477 0.371391 0.000000 0.928477 0.371391 0.000000 0.000000 0.371391 -0.928477 0.000000 0.371391 -0.928477 0.000000 0.371391 -0.928477 0.000000 0.371391 -0.928477 0.000000 0.371391 0.928477 0.000000 0.371391 0.928477 0.000000 0.371391 0.928477 0.000000 0.371391 0.928477 1.000000 -0.000000 0.000000 1.000000 -0.000000 0.000000 1.000000 -0.000000 0.000000 1.000000 -0.000000 0.000000 0.000000 -0.000000 -1.000000 0.000000 -0.000000 -1.000000 0.000000 -0.000000 -1.000000 0.000000 -0.000000 -1.000000 0.000000 -0.000000 1.000000 0.000000 -0.000000 1.000000 0.000000 -0.000000 1.000000 0.000000 -0.000000 1.000000 -1.000000 -0.000000 0.000000 -1.000000 -0.000000 0.000000 -1.000000 -0.000000 0.000000 -1.000000 -0.000000 0.000000 -1.000000 -0.000000 0.000000 -1.000000 -0.000000 0.000000 1.000000 -0.000000 0.000000 1.000000 -0.000000 0.000000 1.000000 -0.000000 0.000000 1.000000 -0.000000 0.000000 1.000000 -0.000000 0.000000 0.000000 -1.000000 0.000000 0.000000 -1.000000 0.000000 0.000000 -1.000000 0.000000 0.000000 -1.000000 0.000000 0.000000 -1.000000 0.000000 0.000000 -1.000000 0.000000 0.000000 -1.000000 0.000000 0.000000 -1.000000 0.000000 0.000000 -1.000000 0.000000 0.000000 -1.000000 0.000000 0.000000 -0.000000 1.000000 0.000000 -0.000000 1.000000 0.000000 -0.000000 1.000000 0.000000 -0.000000 1.000000 -0.000002 1.000000 0.000000 -0.000002 1.000000 0.000000 -0.000002 1.000000 0.000000 -0.000002 1.000000 0.000000 -1.000000 -0.000000 0.000000 -1.000000 -0.000000 0.000000 -1.000000 -0.000000 0.000000 -1.000000 -0.000000 0.000000 1.000000 -0.000002 0.000000 1.000000 -0.000002 0.000000 1.000000 -0.000002 0.000000 1.000000 -0.000002 0.000000 0.000007 -1.000000 0.000000 0.000007 -1.000000 0.000000 0.000007 -1.000000 0.000000 0.000007 -1.000000 0.000000 1.000000 0.000004 0.000000 1.000000 0.000004 0.000000 1.000000 0.000004 0.000000 1.000000 0.000004 0.000000 1.000000 0.000004 0.000000 -1.000000 0.000011 0.000000 -1.000000 0.000011 0.000000 -1.000000 0.000011 0.000000 -1.000000 0.000011 0.000000 -1.000000 0.000011 0.000000 1.000000 -0.000002 0.000000 1.000000 -0.000002 0.000000 1.000000 -0.000002 0.000000 1.000000 -0.000002 0.000000 1.000000 -0.000002 0.000000 1.000000 -0.000002 0.000000 1.000000 -0.000002 0.000000 1.000000 -0.000002 0.000000 1.000000 -0.000002 0.000000 1.000000 -0.000002 0.000000 1.000000 -0.000002 0.000000 -1.000000 -0.000000 0.000000 -1.000000 -0.000000 0.000000 -1.000000 -0.000000 0.000000 -1.000000 -0.000000 0.000000 -1.000000 -0.000000 0.000000 -1.000000 -0.000000 0.000000 -1.000000 -0.000000 0.000000 -1.000000 -0.000000 0.000000 0.000006 1.000000 0.000000 0.000006 1.000000 0.000000 0.000006 1.000000 0.000000 0.000006 1.000000 0.000000 0.000006 1.000000 0.000000 0.000006 1.000000 0.000000 0.000006 1.000000 0.000000 0.000006 1.000000 0.000000 0.000006 1.000000 0.000000 0.000006 1.000000 0.000000 0.000006 1.000000 0.000000 0.000006 1.000000 0.000000 0.000006 1.000000 0.000000 0.000006 1.000000 0.000000 0.000006 1.000000 0.000000 0.000006 1.000000 0.000000 0.000006 1.000000 0.000000 0.000006 1.000000 0.000000 0.000006 1.000000 0.000000 0.000006 1.000000 0.000000 0.000006 1.000000 0.000000 0.000004 -1.000000 0.000000 0.000004 -1.000000 0.000000 0.000004 -1.000000 0.000000 0.000004 -1.000000 0.000000 0.000004 -1.000000 0.000000 0.000004 -1.000000 0.000000 0.000004 -1.000000 0.000000 0.000004 -1.000000 0.000000 0.000002 1.000000 0.000000 0.000002 1.000000 0.000000 0.000002 1.000000 0.000000 0.000002 1.000000 0.000000 1.000000 -0.000001 0.000000 1.000000 -0.000001 0.000000 1.000000 -0.000001 0.000000 1.000000 -0.000001 0.000000 -1.000000 -0.000002 0.000000 -1.000000 -0.000002 0.000000 -1.000000 -0.000002 0.000000 -1.000000 -0.000002 0.000000 -0.000007 -1.000000 0.000000 -0.000007 -1.000000 0.000000 -0.000007 -1.000000 0.000000 -0.000007 -1.000000 0.000000 -1.000000 0.000005 0.000000 -1.000000 0.000005 0.000000 -1.000000 0.000005 0.000000 -1.000000 0.000005 0.000000 -1.000000 0.000005 0.000000 0.000000 -0.000000 -1.000000 0.000000 -0.000000 -1.000000 0.000000 -0.000000 -1.000000 0.000000 -0.000000 -1.000000 0.000000 -0.000000 -1.000000 0.000000 -0.000000 -1.000000 0.000000 -0.000000 -1.000000 0.000000 -0.000000 -1.000000 0.000000 -0.000000 -1.000000 0.000000 -0.000000 -1.000000 0.000000 -0.000000 -1.000000 0.000000 -0.000000 -1.000000 0.000000 -0.000000 -1.000000 0.000000 -0.000000 -1.000000 0.000000 -0.000000 -1.000000 0.000000 -0.000000 -1.000000 0.000000 -0.000000 -1.000000 0.000000 -0.000000 -1.000000 0.000000 -0.000000 -1.000000 0.000000 -0.000000 -1.000000 0.000000 -0.000000 -1.000000 0.000000 -0.000000 -1.000000 0.000000 -0.000000 -1.000000 0.000000 -0.000000 -1.000000 0.000000 -0.000000 -1.000000 0.000000 -0.000000 -1.000000 0.000000 -0.000000 -1.000000 0.000000 -0.000000 -1.000000 0.000000 -0.000000 -1.000000 0.000000 -0.000000 -1.000000 0.000000 -0.000000 -1.000000 0.000000 -0.000000 -1.000000 0.000000 -0.000000 -1.000000 0.000000 -0.000000 -1.000000 0.000000 -0.000000 -1.000000 0.000000 -0.000000 -1.000000 0.000000 -0.000000 -1.000000 0.000000 -0.000000 -1.000000 0.000000 -0.000000 -1.000000 0.000000 -0.000000 -1.000000 0.000000 -0.000000 -1.000000 0.000000 -0.000000 -1.000000 0.000000 -0.000000 -1.000000 0.000000 -0.000000 -1.000000 0.000000 -0.000000 -1.000000 0.000000 -0.000000 -1.000000 1.000000 0.000011 0.000000 1.000000 0.000011 0.000000 1.000000 0.000011 0.000000 1.000000 0.000011 0.000000 1.000000 0.000011 0.000000 -0.000000 0.000000 -1.000000 -0.000000 0.000000 -1.000000 -0.000000 0.000000 -1.000000 -0.000000 0.000000 -1.000000 -0.000000 0.000000 -1.000000 -0.000000 0.000000 -1.000000 -0.000000 0.000000 -1.000000 -0.000000 0.000000 -1.000000 -0.000000 0.000000 -1.000000 -0.000000 0.000000 -1.000000 -0.000000 0.000000 -1.000000 -0.000000 0.000000 -1.000000 -0.000000 0.000000 -1.000000 -0.000000 0.000000 -1.000000 -0.000000 0.000000 -1.000000 0.000000 -0.000000 1.000000 0.000000 -0.000000 1.000000 0.000000 -0.000000 1.000000 0.000000 -0.000000 1.000000 0.000000 -0.000000 1.000000 0.000000 -0.000000 1.000000 0.000000 -0.000000 1.000000 0.000000 -0.000000 1.000000 0.000000 -0.000000 1.000000 0.000000 -0.000000 1.000000 0.000000 -0.000000 1.000000 0.000000 -0.000000 1.000000 0.000000 -0.000000 1.000000 0.000000 -0.000000 1.000000 0.000000 -0.000000 1.000000 0.000000 -0.000000 1.000000 0.000000 -0.000000 1.000000 0.000000 -0.000000 1.000000 0.000000 -0.000000 1.000000 0.000000 -0.000000 1.000000 0.000000 -0.000000 1.000000 0.000000 -0.000000 1.000000 0.000000 -0.000000 1.000000 0.000000 -0.000000 1.000000 0.000000 -0.000000 1.000000 0.000000 -0.000000 1.000000 0.000000 -0.000000 1.000000 0.000000 -0.000000 1.000000 0.000000 -0.000000 1.000000 -1.000000 -0.000003 0.000000 -1.000000 -0.000003 0.000000 -1.000000 -0.000003 0.000000 -1.000000 -0.000003 0.000000 -1.000000 -0.000003 0.000000 -1.000000 -0.000003 0.000000 -1.000000 -0.000003 0.000000 -1.000000 -0.000003 0.000000 -1.000000 -0.000003 0.000000 -1.000000 -0.000003 0.000000 -1.000000 -0.000003 0.000000 1.000000 -0.000000 0.000000 1.000000 -0.000000 0.000000 1.000000 -0.000000 0.000000 1.000000 -0.000000 0.000000 1.000000 -0.000000 0.000000 1.000000 -0.000000 0.000000 1.000000 -0.000000 0.000000 1.000000 -0.000000 0.000000 1.000000 -0.000000 0.000000 -0.000006 1.000000 0.000000 -0.000006 1.000000 0.000000 -0.000006 1.000000 0.000000 -0.000006 1.000000 0.000000 -0.000006 1.000000 0.000000 -0.000006 1.000000 0.000000 -0.000006 1.000000 0.000000 -0.000006 1.000000 0.000000 -0.000006 1.000000 0.000000 -0.000006 1.000000 0.000000 -0.000006 1.000000 0.000000 -0.000006 1.000000 0.000000 -0.000006 1.000000 0.000000 -0.000006 1.000000 0.000000 -0.000006 1.000000 0.000000 -0.000006 1.000000 0.000000 -0.000006 1.000000 0.000000 -0.000006 1.000000 0.000000 -0.000006 1.000000 0.000000 -0.000006 1.000000 0.000000 -0.000006 1.000000 0.000000 -0.000006 1.000000 0.000000 -0.000004 -1.000000 0.000000 -0.000004 -1.000000 0.000000 -0.000004 -1.000000 0.000000 -0.000004 -1.000000 0.000000 -0.000004 -1.000000 0.000000 -0.000004 -1.000000 0.000000 -0.000004 -1.000000 0.000000 -0.000004 -1.000000 0.000000 0.000000 -0.000000 -1.000000 0.000000 -0.000000 -1.000000 0.000000 -0.000000 -1.000000 0.000000 -0.000000 -1.000000 0.000000 -0.000000 -1.000000 0.000000 -0.000000 -1.000000 0.000000 -0.000000 -1.000000 0.000000 -0.000000 -1.000000 0.000000 -0.000000 -1.000000 0.000000 -0.000000 -1.000000 0.000000 -0.000000 -1.000000 0.000000 -0.000000 -1.000000 0.000000 -0.000000 -1.000000 0.000000 -0.000000 -1.000000 0.000000 -0.000000 -1.000000 0.000000 -0.000000 -1.000000 0.000000 -0.000000 -1.000000 0.000000 -0.000000 -1.000000 0.000000 -0.000000 -1.000000 0.000000 -0.000000 -1.000000 0.000000 -0.000000 -1.000000 0.000000 -0.000000 -1.000000 0.000000 -0.000000 -1.000000 0.000000 -0.000000 -1.000000 0.000000 -0.000000 -1.000000 0.000000 -0.000000 -1.000000 0.000000 -0.000000 -1.000000 0.000000 -0.000000 -1.000000 0.000000 0.743143 0.669133 0.000000 0.743143 0.669133 0.000000 0.743143 0.669133 0.000000 0.743143 0.669133 0.000000 0.743143 0.669133 0.000000 0.743143 0.669133 0.000000 0.669130 -0.743145 0.000000 0.669130 -0.743145 0.000000 0.669130 -0.743145 0.000000 0.669130 -0.743145 0.000000 -0.669134 0.743142 0.000000 -0.669134 0.743142 0.000000 -0.669134 0.743142 0.000000 -0.669134 0.743142</float_array>
          <technique_common>
            <accessor source="#Detail0-mesh-normals-array" count="7220" stride="3">
              <param name="X" type="float"/>
              <param name="Y" type="float"/>
              <param name="Z" type="float"/>
            </accessor>
          </technique_common>
        </source>
        <source id="Detail0-mesh-map0">
          <float_array id="Detail0-mesh-map0-array" count="14440">6.144531 -0.324219 6.144531 12.800781 -10.730469 12.800781 -10.730469 -0.324219 -6.144531 -1.472656 -6.144531 -1.476562 10.730469 -1.476562 10.730469 -1.472656 -10.730469 -1.476562 6.144531 -1.476562 6.144531 -1.472656 -10.730469 -1.472656 -12.800781 -1.476562 0.324219 -1.476562 0.324219 -1.472656 -12.800781 -1.472656 -0.324219 -1.476562 12.800781 -1.476562 12.800781 -1.472656 -0.324219 -1.472656 -0.535156 -4.437500 0.816406 -4.437500 0.816406 -1.636719 0.816406 -1.210938 -0.535156 -1.210938 -0.535156 0.250000 -0.535156 -1.210938 0.816406 -1.210938 5.062500 -1.210938 7.828125 -1.210938 7.828125 0.250000 -2.304688 -6.707031 -2.304688 0.250000 -2.304688 5.800781 -5.144531 5.800781 -5.144531 0.250000 -5.144531 -1.027344 -5.144531 -6.707031 5.062500 -1.636719 3.128906 -1.636719 3.128906 -3.906250 3.128906 -6.707031 5.062500 -6.707031 1.644531 -6.707031 1.644531 -5.625000 -0.535156 -5.625000 -0.535156 -6.707031 1.289062 -1.636719 1.289062 -4.437500 1.644531 -4.437500 2.656250 -4.437500 2.656250 -3.906250 2.656250 -1.636719 -0.535156 -5.167969 1.644531 -5.167969 1.644531 -4.437500 1.289062 -4.437500 0.816406 -4.437500 -0.535156 -4.437500 2.656250 -3.906250 3.128906 -3.906250 3.128906 -1.636719 2.656250 -1.636719 1.644531 -4.437500 1.644531 -5.167969 1.644531 -5.625000 1.644531 -6.707031 2.656250 -6.707031 2.656250 -4.437500 2.076172 1.603516 -6.361328 1.603516 -7.148438 1.603516 -7.181641 1.603516 -7.181641 0.755859 2.863281 0.755859 2.863281 1.603516 -2.863281 -0.892578 7.181641 -0.892578 7.181641 -0.125000 5.431641 -0.125000 5.353516 -0.125000 5.327474 -0.125000 4.410808 -0.125000 4.306641 -0.125000 -2.863281 -0.125000 1.603516 -0.125000 0.755859 -0.125000 0.755859 -0.892578 1.603516 -0.892578 -1.603516 -0.892578 -0.755859 -0.892578 -0.755859 -0.125000 -1.603516 -0.125000 -0.211589 0.605469 0.208333 0.605469 0.208333 0.273438 0.208333 0.219464 0.208333 0.122695 0.208333 0.089844 0.208333 -0.125000 -0.211589 -0.125000 0.208333 -3.625000 -0.211589 -3.625000 -0.211589 -2.535156 0.208333 -2.535156 -0.211589 3.625000 0.208333 3.625000 0.208333 2.535156 -0.211589 2.535156 -0.211589 0.564453 0.208333 0.564453 0.208333 0.335938 -0.211589 0.335938 -0.211589 2.531250 0.208333 2.531250 0.208333 2.294922 -0.211589 2.294922 0.208333 -0.250000 0.208333 -0.420837 0.208333 -0.433594 0.208333 -0.835938 -0.211589 -0.835938 -0.211589 0.564453 0.208333 0.564453 0.208333 -2.531250 -0.211589 -2.531250 -0.211589 -2.294922 0.208333 -2.294922 -0.211589 0.564453 0.208333 0.564453 0.208333 -0.367029 0.208333 -0.393791 0.208333 -0.468750 0.208333 -0.558594 0.208333 -0.835938 -0.211589 -0.835938 0.208333 3.333984 0.208333 3.244141 0.208333 3.182523 0.208333 3.150045 0.208333 2.476562 0.208333 2.210938 -0.211589 2.210938 -0.211589 2.476562 -0.211589 3.611328 0.208333 3.611328 0.208333 0.644531 -0.211589 0.644531 -0.211589 1.328125 -0.211589 1.564453 -0.211589 2.531250 0.208333 2.531250 0.208333 3.380859 -0.211589 3.380859 -0.211589 3.593750 0.208333 3.593750 -0.211589 3.611328 0.208333 3.611328 0.208333 3.208984 0.208333 3.193527 0.208333 3.025391 0.208333 2.210938 -0.211589 2.210938 -0.211589 -2.812500 0.208333 -2.812500 0.208333 -2.943718 0.208333 -2.986328 0.208333 -3.076172 0.208333 -3.353516 -0.211589 -3.353516 0.208333 -0.089844 0.208333 -0.170567 0.208333 -0.203627 0.208333 -0.273438 0.208333 -0.605469 0.208333 -1.632812 0.208333 -1.649135 0.208333 -1.793225 0.208333 -1.816406 0.208333 -2.218750 0.208333 -2.583984 -0.211589 -2.583984 -0.211589 -2.218750 -0.211589 -0.605469 -0.211589 0.125000 0.208333 0.125000 0.208333 0.232422 0.208333 0.193895 0.208333 0.083777 0.208333 0.048828 0.208333 -0.125000 -0.211589 -0.125000 -0.211589 2.650391 0.208333 2.650391 -0.211589 6.128906 0.208333 6.128906 0.208333 5.851562 0.208333 5.761719 0.208333 5.747657 0.208333 4.591797 0.208333 4.558505 0.208333 4.450624 0.208333 4.408203 0.208333 3.048828 0.208333 2.968906 0.208333 2.865234 0.208333 2.650391 -0.211589 2.650391 0.208333 -0.267578 -0.211589 -0.267578 -0.211589 3.914062 0.208333 3.914062 -0.211589 2.658203 0.208333 2.658203 0.208333 1.238281 -0.211589 1.238281 0.208333 -2.865234 0.208333 -2.952679 0.208333 -3.048828 0.208333 -3.289062 -0.211589 -3.289062 -0.211589 -2.650391 0.208333 -2.650391 -0.211589 0.125000 0.208333 0.125000 0.208333 -0.048828 0.208333 -0.125663 0.208333 -0.177667 0.208333 -0.232422 0.208333 -2.650391 -0.211589 -2.650391 -0.211589 -3.289062 0.208333 -3.289062 0.208333 -4.408203 0.208333 -4.492510 0.208333 -4.542277 0.208333 -4.591797 0.208333 -5.761719 0.208333 -5.851562 0.208333 -6.128906 -0.211589 -6.128906 0.208333 -2.658203 -0.211589 -2.658203 -0.211589 -1.238281 0.208333 -1.238281 -0.211589 -4.632812 -0.211589 -3.542969 0.208333 -3.542969 0.208333 -5.138672 -0.211589 -5.138672 -0.211589 -5.375000 0.208333 -5.375000 0.208333 -6.341797 -0.211589 -6.341797 -0.026042 6.046875 -0.026042 5.957031 -0.026042 5.827495 -0.026042 5.824116 -0.026042 4.787109 -0.026042 4.603516 -0.026042 3.789062 -0.445964 3.789062 -0.445964 6.324219 -0.026042 6.324219 0.208333 -7.724609 -0.211589 -7.724609 -0.211589 -6.341797 0.208333 -6.341797 -0.211589 -0.408203 0.208333 -0.408203 0.208333 -2.531250 -0.211589 -2.531250 0.039062 -0.178181 -0.039062 -0.178181 -0.039062 -0.083137 0.039062 -0.083137 0.039062 0.069978 -0.039062 0.069978 -0.039062 0.125000 0.039062 0.125000 -0.039062 -0.023034 0.039062 -0.023034 0.039062 -0.058594 -0.039062 -0.058594 -0.039062 0.009728 0.039062 0.009728 0.039062 -0.056936 -0.039062 -0.056936 -0.039062 -0.519781 0.039062 -0.519781 0.039062 -0.533459 -0.039062 -0.533459 0.039062 -1.182175 -0.039062 -1.182175 -0.039062 -1.176313 0.039062 -1.176313 -0.039062 -0.115593 0.039062 -0.115593 0.039062 -0.178181 -0.039062 -0.178181 0.039062 -0.115593 -0.039062 -0.115593 -0.039062 -0.083137 0.039062 -0.083137 0.039062 0.539067 -0.039062 0.539067 -0.039062 0.568366 0.039062 0.568366 -0.039062 1.222708 0.039062 1.222708 0.039062 1.210989 -0.039062 1.210989 -0.039062 -0.062634 0.039062 -0.062634 0.039062 -0.094587 -0.039062 -0.094587 0.039062 0.004079 -0.039062 0.004079 -0.039062 0.058594 0.039062 0.058594 -0.039062 -0.094587 0.039062 -0.094587 0.039062 -0.125000 -0.039062 -0.125000 -0.039062 -0.021139 0.039062 -0.021139 0.039062 -0.058594 -0.039062 -0.058594 0.039062 0.071953 -0.039062 0.071953 -0.039062 0.125000 0.039062 0.125000 0.039062 -0.056936 -0.039062 -0.056936 -0.039062 0.009728 0.039062 0.009728 0.039062 -0.531492 -0.039062 -0.531492 -0.039062 -0.519768 0.039062 -0.519768 -0.039062 -1.174347 0.039062 -1.174347 0.039062 -1.182163 -0.039062 -1.182163 -0.039062 -0.064609 0.039062 -0.064609 0.039062 -0.125000 -0.039062 -0.125000 0.039062 0.002184 -0.039062 0.002184 -0.039062 0.058594 0.039062 0.058594 0.039062 1.209048 -0.039062 1.209048 -0.039062 1.222720 0.039062 1.222720 -0.039062 0.566424 0.039062 0.566424 0.039062 0.539079 -0.039062 0.539079 -0.039062 -0.083149 0.039062 -0.083149 0.039062 -0.178192 -0.039062 -0.178192 -0.039062 -0.011546 0.039062 -0.011546 0.039062 -0.058594 -0.039062 -0.058594 0.039062 0.081786 -0.039062 0.081786 -0.039062 0.125000 0.039062 0.125000 0.039062 -0.056937 -0.039062 -0.056937 -0.039062 0.009727 0.039062 0.009727 0.039062 -0.525617 -0.039062 -0.525617 -0.039062 -0.519755 0.039062 -0.519755 -0.039062 -1.168472 0.039062 -1.168472 0.039062 -1.182149 -0.039062 -1.182149 0.039062 -0.007409 -0.039062 -0.007409 -0.039062 0.058594 0.039062 0.058594 -0.039062 -0.074442 0.039062 -0.074442 0.039062 -0.125000 -0.039062 -0.125000 0.039062 1.203201 -0.039062 1.203201 -0.039062 1.222733 0.039062 1.222733 -0.039062 0.560578 0.039062 0.560578 0.039062 0.539092 -0.039062 0.539092 -0.039062 0.517578 0.039062 0.517578 0.039062 -0.125000 -0.039062 -0.125000 -0.039062 0.517578 0.039062 0.517578 0.039062 -0.125000 -0.039062 -0.125000 -0.039062 3.140625 0.039062 3.140625 0.039062 2.498047 -0.039062 2.498047 0.039062 -0.517578 -0.039062 -0.517578 -0.039062 0.125000 0.039062 0.125000 0.039062 -0.178175 -0.039062 -0.178175 -0.039062 -0.083131 0.039062 -0.083131 0.039062 0.087600 -0.039062 0.087600 -0.039062 0.125000 0.039062 0.125000 -0.039062 -0.005571 0.039062 -0.005571 0.039062 -0.058594 -0.039062 -0.058594 -0.039062 0.009728 0.039062 0.009728 0.039062 -0.056936 -0.039062 -0.056936 0.039062 -0.529525 -0.039062 -0.529525 -0.039062 -0.519756 0.039062 -0.519756 -0.039062 -1.172380 0.039062 -1.172380 0.039062 -1.182150 -0.039062 -1.182150 -0.039062 -0.080257 0.039062 -0.080257 0.039062 -0.125000 -0.039062 -0.125000 0.039062 -0.013384 -0.039062 -0.013384 -0.039062 0.058594 0.039062 0.058594 0.039062 1.207107 -0.039062 1.207107 -0.039062 1.222733 0.039062 1.222733 -0.039062 0.564484 0.039062 0.564484 0.039062 0.539092 -0.039062 0.539092 0.039062 -0.517578 -0.039062 -0.517578 -0.039062 0.125000 0.039062 0.125000 0.039062 -3.140625 -0.039062 -3.140625 -0.039062 -2.498047 0.039062 -2.498047 -0.039062 0.517578 0.039062 0.517578 0.039062 -0.125000 -0.039062 -0.125000 0.355469 -0.132812 0.355469 -0.085938 0.265625 -0.085938 0.265625 -0.132812 -0.135189 -0.132812 -0.135189 -0.085938 -0.171875 -0.085938 -0.171875 -0.132812 -0.360521 -0.085938 -0.360521 -0.132812 -0.316770 -0.132812 -0.316770 -0.085938 0.006902 -0.132812 0.006902 -0.085938 -0.065829 -0.085938 -0.065829 -0.132812 0.242320 -0.085938 0.242320 -0.132812 0.262161 -0.132812 0.262161 -0.085938 0.127168 -0.085938 0.127168 -0.132812 0.172166 -0.132812 0.172166 -0.085938 -0.512139 -0.132812 -0.512139 -0.085938 -0.536591 -0.085938 -0.536591 -0.132812 -0.119141 -0.132812 -0.119141 -0.085938 -0.162109 -0.085938 -0.162109 -0.132812 -0.344313 -0.085938 -0.344313 -0.132812 -0.274300 -0.132812 -0.274300 -0.085938 -0.286321 -0.085938 -0.286321 -0.132812 -0.261469 -0.132812 -0.261469 -0.085938 -0.076926 -0.132812 -0.076926 -0.085938 -0.096543 -0.085938 -0.096543 -0.132812 -0.481056 -0.132812 -0.481056 -0.085938 -0.514443 -0.085938 -0.514443 -0.132812 -0.318395 -0.085938 -0.318395 -0.132812 -0.271870 -0.132812 -0.271870 -0.085938 0.039062 0.125000 0.039062 -0.517578 -0.039062 -0.517578 -0.039062 0.125000 0.009766 -0.132812 0.009766 -0.085938 -0.034505 -0.085938 -0.034505 -0.132812 0.306641 -0.085938 0.306641 -0.132812 0.375000 -0.132812 0.375000 -0.085938 0.163737 -0.132812 0.163737 -0.085938 0.021804 -0.085938 0.021804 -0.132812 3.027344 -1.511719 2.965011 -1.511719 2.965495 -1.486328 2.971856 -1.152344 3.027344 -1.152344 3.027344 1.564453 3.027344 1.328125 3.027344 0.644531 3.006083 0.644531 3.027344 1.760742 4.977213 -1.588172 4.953777 -1.152344 4.977213 -1.152344 0.856120 -2.572266 0.455729 -2.572266 0.455729 -1.152344 2.721354 -1.152344 2.721354 -1.511719 2.721354 -2.154297 2.721354 -2.572266 0.455729 -0.267578 0.455729 0.556641 0.455729 1.199219 0.455729 3.179688 0.455729 3.822266 0.455729 3.914062 1.009115 3.914062 1.009115 2.531250 1.009115 0.408203 1.009115 -0.267578 0.240885 3.173828 0.351562 3.167969 0.320737 1.549642 2.721354 0.285742 2.748558 -0.267578 2.721354 -0.267578 2.792057 -1.152344 2.809245 -1.501953 2.809725 -1.511719 2.721354 -1.511719 2.721354 -1.152344 1.363932 0.408203 2.721354 0.408203 2.721354 0.285742 2.721354 -0.267578 1.009115 -0.267578 1.009115 0.408203 2.861866 -2.572266 2.841797 -2.164062 2.952474 -2.169922 2.944810 -2.572266 2.748558 -0.267578 2.721354 0.285742 2.721354 0.408203 3.001581 0.408203 2.988709 -0.267578 0.204492 3.914062 0.208333 3.835938 0.209005 3.822266 0.149740 3.822266 0.149740 3.914062 4.953777 -1.152344 4.977213 -1.588172 4.977213 -2.572266 3.027344 -2.572266 3.027344 -2.154297 3.027344 -1.511719 3.027344 -1.152344 0.240597 3.179688 0.240885 3.173828 0.320737 1.549642 0.314482 1.221227 0.211589 1.210938 0.149740 2.468945 0.149740 3.179688 3.027344 1.328125 3.027344 1.564453 3.255208 1.564453 3.255208 1.328125 4.755688 2.531250 4.784038 2.004056 4.791667 1.862196 4.807678 1.564453 3.255208 1.564453 3.027344 1.564453 3.027344 1.760742 3.027344 2.531250 0.364025 3.822266 0.364583 3.851562 0.365774 3.914062 0.455729 3.914062 0.455729 3.822266 3.027344 1.760742 3.006083 0.644531 2.721354 0.644531 2.721354 2.531250 3.027344 2.531250 3.697917 0.822266 3.697917 0.644531 3.027344 0.644531 3.027344 1.328125 3.255208 1.328125 3.697917 1.328125 0.367839 1.226562 0.314482 1.221227 0.320737 1.549642 0.351562 3.167969 0.351786 3.179688 0.405041 3.179688 3.027344 -0.267578 3.027344 0.408203 3.697917 0.408203 3.697917 -0.267578 4.306641 0.822266 4.306641 -0.267578 3.697917 -0.267578 3.697917 0.408203 3.697917 0.644531 3.697917 0.822266 0.149740 3.914062 0.149740 3.822266 0.149740 3.179688 0.149740 2.468945 0.149740 1.199219 0.149740 0.556641 0.149740 -0.267578 -0.208333 -0.267578 -0.208333 3.914062 -0.208333 -2.572266 -4.238281 -2.572266 -4.238281 -2.205078 -4.238281 -1.562500 -4.238281 -1.152344 -0.208333 -1.152344 0.149740 -1.152344 0.149740 -2.572266 4.827474 1.828125 4.860486 1.829273 4.858882 1.804840 4.846878 1.621888 5.126953 2.531250 5.126953 2.173828 4.977213 2.173828 4.977213 2.531250 0.364583 3.851562 0.208333 3.835938 0.204492 3.914062 0.365774 3.914062 -4.833984 -1.152344 -4.544271 -1.152344 -4.544271 -1.562500 -4.544271 -2.205078 -4.544271 -2.572266 -4.833984 -2.572266 4.847590 0.822266 4.906198 -0.267578 4.687500 -0.267578 4.687500 0.822266 0.211589 1.210938 0.212165 1.199219 0.149740 1.199219 0.149740 2.468945 4.820387 1.328125 4.847590 0.822266 4.687500 0.822266 4.306641 0.822266 3.697917 0.822266 3.697917 1.328125 4.807678 1.564453 4.791667 1.862196 4.824337 1.861459 4.827474 1.828125 4.846878 1.621888 4.852282 1.564453 5.052083 1.835938 5.065810 1.878906 5.126953 1.878906 5.126953 1.838542 -4.329538 -2.572266 -4.322917 -2.224609 -4.322545 -2.205078 -4.238281 -2.205078 -4.238281 -2.572266 0.455729 1.199219 0.367318 1.199219 0.367839 1.226562 0.405041 3.179688 0.455729 3.179688 4.906198 -0.267578 4.847590 0.822266 4.820387 1.328125 4.874517 1.328125 4.977213 0.236607 4.977213 -0.267578 2.721354 -2.154297 2.841316 -2.154297 2.841797 -2.164062 2.861866 -2.572266 2.721354 -2.572266 4.977213 2.173828 4.977213 2.105469 4.876302 2.070312 4.804688 2.070312 4.761320 2.531250 4.977213 2.531250 2.988709 -0.267578 3.001581 0.408203 3.027344 0.408203 3.027344 -0.267578 -4.544271 -2.205078 -4.434266 -2.205078 -4.433593 -2.218750 -4.416213 -2.572266 -4.544271 -2.572266 4.804688 2.070312 4.809058 2.023861 4.784038 2.004056 4.755688 2.531250 4.761320 2.531250 -4.433593 -2.218750 -4.322917 -2.224609 -4.329538 -2.572266 -4.416213 -2.572266 5.126953 -1.152344 5.126953 -2.572266 4.977213 -2.572266 4.977213 -1.588172 4.977213 -1.152344 4.977213 1.789062 4.977213 1.833333 5.052083 1.835938 5.126953 1.838542 5.126953 1.564453 4.977213 1.564453 0.244141 0.548828 0.354818 0.542969 0.339379 -0.267578 0.284279 -0.267578 -4.238281 -1.562500 -4.310305 -1.562500 -4.309896 -1.541016 -4.302492 -1.152344 -4.238281 -1.152344 5.126953 1.328125 5.126953 -0.267578 4.977213 -0.267578 4.977213 0.236607 4.977213 1.328125 2.944810 -2.572266 2.952474 -2.169922 2.952771 -2.154297 3.027344 -2.154297 3.027344 -2.572266 2.965495 -1.486328 2.809245 -1.501953 2.792057 -1.152344 2.971856 -1.152344 -4.486022 -1.152344 -4.466146 -1.556641 -4.465858 -1.562500 -4.544271 -1.562500 -4.544271 -1.152344 5.126953 -2.572266 5.126953 -1.152344 5.589193 -1.152344 5.589193 -2.572266 4.852282 1.564453 4.846878 1.621888 4.858882 1.804840 4.977213 1.789062 4.977213 1.564453 0.322526 -1.152344 0.295480 -2.572266 0.149740 -2.572266 0.149740 -1.152344 -4.302492 -1.152344 -4.309896 -1.541016 -4.466146 -1.556641 -4.486022 -1.152344 4.977213 0.236607 4.874517 1.328125 4.977213 1.328125 0.339379 -0.267578 0.354818 0.542969 0.355078 0.556641 0.455729 0.556641 0.455729 -0.267578 0.295480 -2.572266 0.322526 -1.152344 0.455729 -1.152344 0.455729 -2.572266 0.149740 0.556641 0.243757 0.556641 0.244141 0.548828 0.284279 -0.267578 0.149740 -0.267578 5.589193 1.564453 5.126953 1.564453 5.126953 1.838542 5.126953 1.878906 5.126953 2.173828 5.126953 2.531250 5.589193 2.531250 5.589193 -0.267578 5.126953 -0.267578 5.126953 1.328125 5.589193 1.328125 2.721354 2.531250 2.721354 0.644531 1.363932 0.644531 1.363932 2.531250 -5.275164 -2.903483 -5.195312 -1.279297 -5.194928 -1.271484 -5.100911 -1.271484 -5.100911 -3.310550 -5.100911 -5.322266 -5.229092 -5.322266 -5.406901 -1.271484 -5.306250 -1.271484 -5.305989 -1.285156 -5.275164 -2.903483 -5.229092 -5.322266 -5.406901 -5.322266 -0.485026 -3.384766 -0.641276 -3.369141 -0.656008 -2.595703 -0.446232 -2.595703 -0.406901 -3.310550 -0.406901 -3.390625 -0.485314 -3.390625 -0.485026 -3.384766 -0.446232 -2.595703 -0.406901 -2.595703 -0.656008 -2.595703 -0.641276 -3.369141 -0.640867 -3.390625 -0.712891 -3.390625 -0.712891 -3.310550 -0.712891 -2.595706 -0.712891 -2.595703 -5.275164 -2.903483 -5.305989 -1.285156 -5.195312 -1.279297 -0.604074 -5.322266 -0.628255 -4.052734 -0.517578 -4.046875 -0.580282 -5.322266 -0.580282 -5.322266 -0.517578 -4.046875 -0.516906 -4.033203 -0.406901 -4.033203 -0.406901 -4.435547 -0.406901 -5.322266 -0.712891 -4.033203 -0.628627 -4.033203 -0.628255 -4.052734 -0.604074 -5.322266 -0.712891 -5.322266 -5.356213 1.351562 -5.319010 -0.601562 -5.318489 -0.628906 -5.406901 -0.628906 -5.406901 1.351562 -0.406901 -3.310550 -0.406901 -2.595703 0.198565 -2.595703 0.198564 -3.310550 0.270183 -4.435547 0.270183 -4.435557 0.198564 -4.435557 0.198564 -4.435547 -5.100911 -0.628906 -5.163336 -0.628906 -5.162760 -0.617188 -5.100911 0.640820 -0.406901 -5.322266 -0.406901 -4.435547 0.198564 -4.435547 0.198564 -4.435557 0.198564 -5.322266 0.198564 -3.310550 0.270183 -3.310550 0.270183 -3.388672 0.270183 -3.414714 0.270183 -4.331380 0.270183 -4.357422 0.270183 -4.435547 0.198564 -4.435547 -0.406901 -4.435547 -0.406901 -4.033203 -0.406901 -3.390625 -0.406901 -3.310550 -4.417317 2.534523 -4.417319 3.029297 -4.417317 3.029297 -4.417297 -2.595703 -0.712891 -2.595703 -0.712891 -2.595706 -4.417297 -2.595706 -5.302957 1.351562 -5.302734 1.339844 -5.271909 -0.278483 -5.265653 -0.606898 -5.319010 -0.601562 -5.356213 1.351562 -4.488932 -2.595706 -4.417297 -2.595706 -0.712891 -2.595706 -0.712891 -3.310550 -4.488932 -3.310550 -5.100911 -3.310550 -5.100911 -1.271484 -5.100911 -0.628906 -5.100911 0.640820 -5.100911 1.351562 -5.100911 1.994141 -5.100911 3.029297 -4.488931 3.029297 -4.488932 -2.595706 -4.488932 -3.310550 -7.672525 -1.542383 -7.760416 -3.330078 -7.916666 -3.314453 -7.969977 -0.515622 -7.884114 -0.515622 -7.672525 -0.515622 -7.672525 1.207031 -7.672525 -0.515622 -7.884114 -0.515622 -7.884114 1.207031 -7.969977 -0.515622 -7.978515 -0.067383 -7.978515 0.363462 -7.978515 0.425344 -7.978515 2.675781 -7.884114 2.675781 -7.884114 1.207031 -7.884114 -0.515622 -5.162760 -0.617188 -5.265653 -0.606898 -5.271909 -0.278483 -5.192057 1.345703 -5.191769 1.351562 -5.100911 1.351562 -5.100911 0.640820 -7.978515 2.982422 -7.978515 2.982608 -7.978515 3.029297 -7.672525 3.029297 -7.672525 2.675781 -7.884114 2.675781 -7.978515 2.675781 -10.078125 2.982601 -10.078125 2.982422 -10.595684 2.982422 -10.595684 2.982599 -5.302734 1.339844 -5.192057 1.345703 -5.271909 -0.278483 -7.672525 -3.140625 -7.672525 -3.339844 -7.760897 -3.339844 -7.760416 -3.330078 -7.672525 -1.542383 -7.978515 -0.067383 -7.969977 -0.515622 -7.916666 -3.314453 -7.916183 -3.339844 -7.978515 -3.339844 -5.334914 3.029297 -5.315755 2.023438 -5.315197 1.994141 -5.406901 1.994141 -5.406901 3.029297 -7.903646 -3.998047 -7.792968 -3.992188 -7.858360 -5.322266 -7.878422 -5.322266 -7.858360 -5.322266 -7.792968 -3.992188 -7.792488 -3.982422 -7.672525 -3.982422 -7.672525 -5.322266 -7.978515 -4.630859 -7.978515 -3.982422 -7.903943 -3.982422 -7.903646 -3.998047 -7.878422 -5.322266 -7.978515 -5.322266 -6.149088 -0.515624 -6.018880 -0.515624 -6.018880 -0.554688 -6.018880 -3.101562 -6.018880 -3.140625 -7.672525 -3.140625 -7.672525 -1.542383 -7.672525 -0.515622 -5.851708 -3.101562 -5.851864 -3.101562 -5.852183 -3.101562 -6.018880 -3.101562 -6.018880 -0.554688 -5.852183 -0.554688 -5.851864 -0.554688 -5.851708 -0.554688 -5.100911 1.994141 -5.160177 1.994141 -5.159505 2.007812 -5.109284 3.029297 -5.100911 3.029297 -6.018880 -3.101562 -5.852183 -3.101562 -5.852183 -3.140625 -6.018880 -3.140625 -5.109284 3.029297 -5.159505 2.007812 -5.315755 2.023438 -5.334914 3.029297 -5.852183 -0.515624 -5.852183 -0.554688 -6.018880 -0.554688 -6.018880 -0.515624 -5.851708 -5.322266 -7.672525 -5.322266 -7.672525 -3.982422 -7.672525 -3.339844 -7.672525 -3.140625 -6.018880 -3.140625 -5.852183 -3.140625 -5.851708 -3.140625 -7.672525 -0.515622 -7.672525 1.207031 -6.149088 1.207031 -6.149088 -0.515624 -5.852183 -0.515624 -6.018880 -0.515624 -6.149088 -0.515624 -6.149088 1.207031 -6.149088 2.675781 -5.851708 2.675781 -5.851708 -0.515624 -6.149088 2.675781 -7.672525 2.675781 -7.672525 3.029297 -5.851708 3.029297 -5.851708 2.675781 -5.406901 3.029297 -5.406901 1.994141 -5.406901 1.351562 -5.406901 -0.628906 -5.406901 -1.271484 -5.406901 -5.322266 -5.851708 -5.322266 -5.851708 -3.140625 -5.851708 -3.101562 -5.851708 -0.554688 -5.851708 -0.515624 -5.851708 2.675781 -5.851708 3.029297 -10.078125 2.982422 -10.078125 2.982601 -9.928385 2.982601 -9.928385 2.982422 -9.928385 0.345703 -10.078125 0.345703 -10.078125 0.363457 -9.928385 0.363457 -10.078125 0.050781 -10.016981 0.050781 -10.003255 0.007812 -10.078125 0.010417 -10.078125 -4.630859 -10.078125 0.010417 -10.003255 0.007812 -9.928385 0.005208 -9.928385 -0.039062 -9.928385 -1.591518 -9.928385 -3.416297 -9.928385 -4.630859 -9.928385 -0.039062 -9.810054 -0.023285 -9.798050 -0.206237 -9.928385 -1.591518 -9.810054 -0.023285 -9.811657 0.001148 -9.778646 -0.000000 -9.798050 -0.206237 -9.498024 2.982603 -9.498041 2.982422 -9.928385 2.982422 -9.928385 2.982601 -9.755859 0.242188 -9.827474 0.242188 -9.928385 0.277344 -9.928385 0.345703 -9.928385 0.363457 -9.901921 0.363458 -9.744450 0.363458 -9.725125 0.363458 -9.735209 0.175930 -9.760229 0.195736 -9.755859 0.242188 -9.744450 0.363458 -9.798050 -0.206237 -9.778646 -0.000000 -9.775509 0.033334 -9.742838 0.034071 -9.928385 -3.416297 -9.928385 -1.591518 -7.997484 0.425344 -9.300130 0.425343 -9.300130 2.982422 -7.978515 2.982422 -7.978515 2.675781 -7.978515 0.425344 -9.200323 2.982604 -9.200323 3.029297 -7.978515 3.029297 -7.978515 2.982608 -9.300130 2.982422 -9.316406 2.982422 -9.498041 2.982422 -9.498024 2.982603 -9.316406 2.982603 -9.200323 2.982604 -7.978515 2.982608 -7.978515 2.982422 -9.200323 0.363459 -9.200323 0.418140 -7.997484 0.418136 -7.997484 0.363462 -7.997484 0.418136 -9.200323 0.418140 -9.300130 0.418140 -9.300130 0.425343 -7.997484 0.425344 -7.978515 0.363462 -7.997484 0.363462 -7.997484 0.418136 -7.997484 0.425344 -7.978515 0.425344 -9.469395 -4.630859 -9.466286 -4.671969 -9.469391 -4.673831 -9.469400 -4.673831 -9.469400 -4.673828 -9.469400 -4.630859 -9.397765 -4.630869 -9.398676 -4.631416 -9.397791 -4.630859 -9.397765 -4.630859 -9.397765 -4.673838 -9.469400 -4.673839 -9.469400 -4.673831 -9.469391 -4.673831 -9.397765 -4.673831 -7.978515 -5.322266 -9.397765 -5.322266 -9.397765 -4.673838 -9.397765 -4.673831 -9.397765 -4.630869 -9.397765 -4.630859 -7.978515 -4.630859 -9.397765 -4.630859 -9.397791 -4.630859 -9.469395 -4.630859 -9.469400 -4.630859 -9.928385 -4.630859 -9.928385 -3.416297 -9.742838 0.034071 -9.735209 0.175930 -9.725125 0.363458 -9.722737 0.363458 -9.200323 0.363459 -7.997484 0.363462 -7.978515 0.363462 -7.978515 -0.067383 -7.978515 -3.339844 -7.978515 -3.982422 -7.978515 -4.630859 -4.488932 -3.310550 -0.712891 -3.310550 -0.712891 -3.390625 -0.712891 -4.033203 -0.712891 -5.322266 -5.100911 -5.322266 -5.100911 -3.310550 -10.667317 -4.059855 -10.667317 0.363456 -10.667303 0.363456 -10.123859 0.363457 -10.078125 0.363457 -10.078125 0.345703 -10.078125 0.050781 -10.078125 0.010417 -10.078125 -4.630859 -10.595682 -4.630859 -10.595682 0.363456 -10.667317 2.982422 -10.667317 2.982599 -10.667295 2.982599 -10.667295 2.982422 -0.999997 -0.423819 -1.000000 -0.423819 -1.000000 -0.292969 -0.999997 -0.292969 -0.921875 -0.423828 -0.999997 -0.423828 -0.999997 -0.423819 -0.999997 -0.292969 -0.921875 -0.292969 -0.895833 -0.423828 -0.921875 -0.423828 -0.921875 -0.292969 -0.921875 -0.253906 -0.895833 -0.253906 -1.000000 0.423828 -0.895833 0.423828 -0.895833 0.007812 -0.921875 0.007812 -1.000000 0.007812 0.046875 0.423828 0.125000 0.423828 0.125000 0.007812 0.046875 0.007812 0.125000 -0.423828 0.046875 -0.423828 0.046875 -0.292969 0.125000 -0.292969 0.020833 0.423828 0.046875 0.423828 0.046875 0.007812 0.046875 -0.019531 0.020833 -0.019531 0.046875 -0.292969 0.046875 -0.423828 0.020833 -0.423828 0.020833 -0.250000 0.046875 -0.250000 0.020833 -0.250000 0.020833 -0.423828 -0.895833 -0.423828 -0.895833 -0.253906 -0.895833 -0.210938 0.020833 -0.210938 -0.895833 0.007812 -0.895833 0.423828 0.020833 0.423828 0.020833 -0.019531 0.020833 -0.039062 -0.895833 -0.039062 -0.025391 -0.085938 -0.025391 -0.132812 0.269531 -0.132812 0.269531 -0.085938 -7.181641 -0.892578 -7.148438 -0.892578 -7.148438 -0.171875 -7.148438 -0.125000 -7.181641 -0.125000 -3.812500 3.187500 2.671875 3.187500 2.671875 3.734375 -0.708427 3.734375 -3.812500 3.734375 -0.003507 3.734375 0.001260 3.734375 0.343750 3.734375 0.343750 3.187500 -0.061128 3.187500 -0.061128 3.734375 0.343750 2.671875 0.343750 -3.812500 -0.061090 -3.812500 -0.061106 -1.166481 -0.061119 1.188812 -0.061121 1.464453 -0.061128 2.671875 -0.003510 -0.708429 -0.003507 2.671875 -0.061128 2.671875 -0.061121 1.505468 -0.061120 1.257748 -0.061106 -1.223227 -0.061090 -3.812500 -0.003512 -3.812500 -0.003510 -0.708429 0.001260 -0.708429 0.001260 2.671875 -0.003507 2.671875 0.343750 -3.812500 0.343750 -0.708427 0.001260 -0.708429 -0.003510 -0.708429 -0.003512 -3.812500 22.906250 36.500000 -45.359375 36.500000 -45.359375 33.328125 22.906250 33.328125 -57.453125 42.656250 -57.453125 36.500000 -45.359375 36.500000 22.906250 36.500000 22.906250 42.656250 -59.562500 33.343750 -59.562500 36.500000 -12.812500 36.500000 -12.812500 33.359390 -12.812500 33.343750 -12.812500 36.500000 -59.562500 36.500000 -65.312500 36.500000 -65.312500 42.656250 -12.812500 42.656250 -22.906250 33.359390 57.453125 33.359390 57.453125 42.656250 -22.906250 42.656250 6.046875 33.359390 12.828125 33.359390 12.828125 42.656250 6.046875 42.656250 -6.046875 36.500000 -12.828125 36.500000 -12.828125 42.656250 -6.046875 42.656250 -6.046875 42.656250 -12.828125 42.656250 -12.828125 36.500000 -12.828125 33.328125 -6.046875 33.328125 -12.828125 33.359390 -6.046875 33.359390 -6.046875 42.656250 -12.828125 42.656250 -12.828125 33.359390 -12.828125 42.656250 -65.328125 42.656250 -65.328125 33.328125 -12.828125 33.328125 -11.531250 33.312500 -11.531250 33.328125 -11.531250 36.500000 -11.937500 36.500000 -11.937500 33.312500 -4.750000 33.328125 -4.750000 33.312500 1.000000 33.312500 1.000000 36.500000 -4.750000 36.500000 -11.937500 36.500000 -4.750000 36.500000 1.000000 36.500000 1.000000 33.312500 -11.937500 33.312500 -4.531250 33.343750 -4.531250 36.500000 1.000000 36.500000 1.000000 33.312500 -4.531250 33.312500 -44.000000 36.500000 -10.828125 36.500000 -10.828125 33.343750 -10.828125 33.312500 -44.000000 33.312500 1.000000 33.312500 1.000000 36.500000 -11.093750 36.500000 -44.000000 36.500000 -44.000000 33.312500 -21.500000 36.500000 1.000000 36.500000 1.000000 33.359390 1.000000 33.312500 -21.500000 33.312500 1.000000 33.328125 1.000000 36.500000 -44.000000 36.500000 -44.000000 33.312500 1.000000 33.312500 1.000000 -11.531250 -11.093750 -11.531250 -11.093750 -11.937500 1.000000 -11.937500 -11.093750 -11.937500 -11.093750 -11.531250 -11.093750 -4.750000 -44.000000 -4.750000 -44.000000 -11.937500 -11.093750 -4.750000 -10.828125 -4.750000 -10.828125 1.000000 -44.000000 1.000000 -44.000000 -4.750000 24.578125 -51.203125 -20.421875 -51.203125 -20.421875 -21.203125 24.578125 -21.203125 -20.421875 -21.203125 -20.421875 -51.203125 -37.390625 -51.203125 -37.390625 -45.453125 -37.390625 1.296875 -20.421875 1.296875 -37.390625 -45.453125 -42.921875 -45.453125 -42.921875 1.296875 -37.390625 1.296875 16.609375 -12.812500 16.609375 -65.312500 22.906250 -65.312500 22.906250 -12.812500 22.906250 -65.328125 22.906250 -12.828125 16.609375 -12.828125 16.609375 -65.328125 16.609375 -6.046875 -50.890625 -6.046875 -57.187500 -6.046875 -57.453125 -6.046875 -57.453125 -12.828125 22.906250 -12.828125 22.906250 -6.046875 -42.921875 1.296875 -42.921875 -51.203125 24.578125 -51.203125 24.578125 1.296875 -57.453125 -6.046875 -57.453125 -12.828125 -57.187500 -12.828125 -50.890625 -12.828125 16.609375 -12.828125 22.906250 -12.828125 22.906250 -6.046875 -28.390625 36.500000 -45.359375 36.500000 -50.890625 36.500000 -50.890625 33.359390 -28.390625 33.359390 -57.187500 33.359390 -57.187500 36.500000 -57.187500 42.656250 -57.453125 42.656250 -57.453125 33.359390 -45.359375 33.328125 -45.359375 36.500000 -28.390625 36.500000 16.609375 36.500000 16.609375 33.328125 -57.187500 42.656250 -57.187500 36.500000 -57.453125 36.500000 -57.453125 42.656250 -65.328125 33.328125 -65.328125 36.500000 -35.328125 36.500000 -35.328125 33.328125 -12.812500 33.359390 -12.812500 36.500000 -59.562500 36.500000 -59.562500 33.343750 -12.812500 33.343750 0.654297 0.111328 0.654297 -0.525391 0.654297 -0.582031 0.763672 -0.582031 0.763672 0.167969 0.654297 0.167969 -0.083984 -0.582031 0.558594 -0.582031 0.558594 -0.525391 0.558594 0.111328 0.558594 0.167969 -0.083984 0.167969 0.763672 0.167969 0.763672 -0.582031 0.654297 -0.582031 0.654297 -0.525391 0.654297 0.111328 0.654297 0.167969 -0.083984 0.167969 0.558594 0.167969 0.558594 0.111328 0.558594 -0.525391 0.558594 -0.582031 -0.083984 -0.582031 -0.083984 -0.582031 0.558594 -0.582031 0.558594 -0.525391 0.558594 0.111328 0.558594 0.167969 -0.083984 0.167969 0.654297 0.111328 0.654297 -0.525391 0.654297 -0.582031 0.763672 -0.582031 0.763672 0.167969 0.654297 0.167969 -0.083984 0.167969 0.558594 0.167969 0.558594 0.111328 0.558594 -0.525391 0.558594 -0.582031 -0.083984 -0.582031 0.763672 0.167969 0.763672 -0.582031 0.654297 -0.582031 0.654297 -0.525391 0.654297 0.111328 0.654297 0.167969 -0.083984 0.167969 0.558594 0.167969 0.558594 0.111328 0.558594 -0.525391 0.558594 -0.582031 -0.083984 -0.582031 0.763672 0.167969 0.763672 -0.582031 0.654297 -0.582031 0.654297 -0.525391 0.654297 0.111328 0.654297 0.167969 -5.669922 2.269531 -5.669922 -0.125000 2.863281 -0.125000 2.863281 2.269531 2.863281 -0.125000 -5.669922 -0.125000 -7.181641 -0.125000 -7.181641 -0.892578 2.863281 -0.892578 -6.550781 -0.171875 -1.601562 -0.171875 -1.601562 -0.892578 -8.164062 -0.892578 -8.164062 -0.171875 -8.164062 -0.171875 -8.164062 -0.125000 -7.445312 -0.125000 -6.550781 -0.125000 -6.550781 -0.171875 -6.550781 -0.125000 -7.445312 -0.125000 -7.445312 2.269531 -6.550781 2.269531 -1.601562 2.269531 -1.601562 -0.125000 -1.601562 -0.171875 -6.550781 -0.171875 -6.550781 -0.125000 -6.550781 2.269531 0.423819 -2.875000 0.423819 -2.746094 0.292969 -2.746094 0.292969 -2.875000 0.292969 -0.480469 0.292969 -2.746094 0.423819 -2.746094 0.423828 -2.746094 0.423828 -0.480469 -0.423828 -0.480469 -0.423828 -2.875000 -0.007812 -2.875000 -0.007812 -0.480469 0.423828 -0.480469 0.423828 -2.746094 0.423828 -2.875000 0.292969 -2.875000 0.292969 -0.480469 -0.007812 -2.875000 -0.423828 -2.875000 -0.423828 -0.480469 -0.007812 -0.480469 2.863281 -1.603516 -7.181641 -1.603516 -7.181641 -0.755859 -7.148438 -0.755859 -6.361328 -0.755859 2.076172 -0.755859 2.863281 -0.755859 2.076172 -8.164062 2.076172 -1.601562 2.863281 -1.601562 2.863281 -8.164062 2.863281 -1.603516 2.863281 -8.166016 2.076172 -8.166016 2.076172 -1.603516 -2.863281 2.269531 -2.863281 -0.125000 4.306641 -0.125000 4.306641 2.269531 5.431641 -0.125000 7.181641 -0.125000 7.181641 2.269531 5.431641 2.269531 -0.755859 -0.892578 -1.603516 -0.892578 -1.603516 -0.125000 -0.755859 -0.125000 0.755859 -0.125000 1.603516 -0.125000 1.603516 2.269531 0.755859 2.269531 -0.755859 -0.125000 -0.755859 2.269531 -1.603516 2.269531 -1.603516 -0.125000 -8.166016 -0.892578 -1.603516 -0.892578 -1.603516 -0.125000 -1.603516 2.269531 -8.166016 2.269531 -0.755859 2.269531 -1.603516 2.269531 -1.603516 -0.125000 -1.603516 -0.892578 -0.755859 -0.892578 5.093750 -0.763672 5.093750 -0.654297 6.218750 -0.654297 6.218750 -0.763672 1.718750 -0.558594 0.593750 -0.558594 0.593750 0.083984 1.718750 0.083984 0.593750 -0.763672 0.593750 -0.654297 1.718750 -0.654297 1.718750 -0.763672 3.968750 -0.558594 2.843750 -0.558594 2.843750 0.083984 3.968750 0.083984 2.843750 -0.763672 2.843750 -0.654297 3.968750 -0.654297 3.968750 -0.763672 6.218750 -0.558594 5.093750 -0.558594 5.093750 0.083984 6.218750 0.083984 5.093750 0.083984 5.093750 -0.558594 6.218750 -0.558594 6.218750 0.083984 2.843750 0.083984 2.843750 -0.558594 3.968750 -0.558594 3.968750 0.083984 0.593750 0.083984 0.593750 -0.558594 1.718750 -0.558594 1.718750 0.083984 3.968750 -0.654297 2.843750 -0.654297 2.843750 -0.763672 3.968750 -0.763672 6.218750 -0.654297 5.093750 -0.654297 5.093750 -0.763672 6.218750 -0.763672 1.718750 -0.654297 0.593750 -0.654297 0.593750 -0.763672 1.718750 -0.763672 -1.492188 -0.125000 -1.441406 -0.125000 -1.441406 2.269531 -1.492188 2.269531 -0.572254 0.003906 0.125000 0.003906 0.125000 2.269531 -0.593750 2.269531 -0.593750 0.003906 0.125000 -0.125000 -0.593750 -0.125000 -1.492188 -0.125000 -1.492188 2.269531 0.125000 2.269531 -1.353516 2.269531 -1.353516 -0.125000 -5.500000 -0.125000 -5.500000 2.269531 0.124990 0.003906 -0.566406 0.003906 -0.566406 2.269531 0.125000 2.269531 0.125000 0.003906 0.124997 -0.125000 0.124990 -0.125000 0.124990 0.003906 0.125000 0.003906 0.125000 -0.125000 -5.500000 -0.125000 -1.386719 -0.125000 0.125000 -0.125000 0.125000 2.269531 -5.500000 2.269531 0.654297 0.111328 0.654297 -0.525391 0.654297 -0.582031 0.763672 -0.582031 0.763672 0.167969 0.654297 0.167969 0.125000 2.269531 0.125000 0.003906 0.103515 0.003906 -2.687500 0.003906 -2.687500 2.269531 -0.083984 -0.582031 0.558594 -0.582031 0.558594 -0.525391 0.558594 0.111328 0.558594 0.167969 -0.083984 0.167969 0.125000 2.269531 -5.500000 2.269531 -5.500000 0.003906 -0.412742 0.003906 0.103516 0.003906 0.125000 0.003906 -0.412742 0.003906 -0.412742 -0.125000 0.082031 -0.125000 0.103516 0.003906 -1.386719 -1.492188 -1.386719 -1.441406 0.125000 -1.441406 0.125000 -1.492188 -5.500000 0.125000 -1.353516 0.125000 -1.353516 -0.593750 -1.386719 -0.593750 -5.500000 -0.593750 -5.500000 -0.593750 -1.386719 -0.593750 -1.386719 -1.441406 -1.386719 -1.492188 -5.500000 -1.492188 -7.181641 -0.125000 -7.148438 -0.125000 -7.148438 2.269531 -7.181641 2.269531 -3.548838 0.003906 -3.548828 0.003906 -3.548828 2.269531 -4.306641 2.269531 -4.306641 0.003906 -5.431641 0.003906 -5.431651 0.003906 -5.431651 -0.125000 -5.431641 -0.125000 -6.361328 2.269531 -6.361328 0.003906 -6.339844 0.003906 -5.431651 0.003906 -5.431641 0.003906 -5.431641 2.269531 -0.006478 2.269531 -0.621407 1.642578 -0.663552 1.599609 -0.663889 1.599609 -4.097656 1.599609 -4.097656 2.269531 -4.097656 0.003906 -4.097656 1.556641 -0.663889 1.556641 -0.632638 1.556641 -0.632638 0.258348 -0.632638 0.003906 -7.181641 -0.125000 -7.148438 -0.125000 -7.148438 -0.171875 -7.148438 -0.892578 -7.181641 -0.892578 -5.055949 -0.125000 -5.055949 0.003906 -4.097656 0.003906 -0.632638 0.003906 -0.632638 -0.125000 1.986505 1.556641 1.986505 1.181641 0.744141 1.181641 0.703304 1.181641 0.666016 1.181641 -0.527344 1.181641 -0.570752 1.181641 -0.577949 1.181641 -0.577949 1.556641 -4.097656 2.269531 -4.097656 1.599609 -4.097656 1.556641 -4.097656 0.003906 -5.055949 0.003906 -5.669922 0.003906 -5.669922 2.269531 2.076172 0.003906 2.076167 0.003906 2.054688 0.003906 2.041194 0.003906 2.041194 1.177734 2.041194 1.556641 2.076172 1.556641 2.076172 2.269531 2.076172 1.642578 2.033384 1.642578 -0.621407 1.642578 -0.006478 2.269531 2.076172 1.599780 2.033384 1.642578 2.076172 1.642578 -0.527344 1.113281 0.666016 1.113281 0.744141 1.113281 0.744141 0.011719 -0.570752 0.011719 -0.577949 0.011719 -0.577949 0.258348 -0.577949 1.113281 1.986505 1.181641 1.986505 1.177734 1.941406 1.177734 0.744141 1.177734 0.744141 1.181641 0.666016 1.113281 -0.527344 1.113281 -0.527344 1.181641 0.666016 1.181641 1.941406 1.177734 1.941406 1.109375 1.941406 0.011719 0.744141 0.011719 0.744141 1.113281 0.744141 1.177734 1.941406 1.109375 1.986505 1.109375 1.986505 0.011719 1.986328 0.011719 1.941406 0.011719 1.986505 0.011719 1.986505 0.003906 1.986505 -0.125000 1.986328 -0.125000 1.986328 0.003906 1.986328 0.011719 2.041194 -0.077055 2.041194 0.003906 2.054688 0.003906 -0.663889 1.599609 -0.663889 1.556641 -4.097656 1.556641 -4.097656 1.599609 -7.227332 1.599778 -8.166016 1.599780 -8.166016 1.642578 -7.258461 1.642578 -7.227208 1.599609 -7.227210 1.599609 -7.227332 1.599778 -7.258461 1.642578 -6.552734 1.642578 -6.552734 1.599609 -6.552734 1.642578 -7.258461 1.642578 -8.166016 1.642578 -8.166016 2.269531 -6.552734 2.269531 -7.285819 1.556641 -7.219397 1.556641 -6.552734 1.556641 -6.552734 0.003906 -7.479783 0.003906 -8.166016 0.003906 -8.166016 1.556641 -4.416017 0.003906 -4.437498 0.003906 -6.552734 0.003906 -6.552734 1.556641 -6.552734 1.599609 -6.552734 1.642578 -6.552734 2.269531 -4.416016 2.269531 -4.416016 0.003906 -7.219397 1.556641 -7.227208 1.599609 -6.552734 1.599609 -6.552734 1.556641 -7.445312 2.269531 -7.445312 0.003906 -7.423817 0.003906 -1.601562 0.003906 -1.601562 2.269531 2.863281 2.333984 -5.669922 2.333984 -5.669922 2.269531 2.863281 2.269531 -6.550781 2.269531 -7.445312 2.269531 -7.445312 2.335938 -1.601562 2.335938 -1.601562 2.269531 -0.007812 -0.480469 -0.007812 -0.414062 -0.423828 -0.414062 -0.423828 -0.480469 0.423828 -0.414062 0.292969 -0.414062 0.292969 -0.480469 0.423828 -0.480469 0.292969 -0.480469 0.292969 -0.414062 0.423828 -0.414062 0.423828 -0.480469 -0.423828 -0.414062 -0.007812 -0.414062 -0.007812 -0.480469 -0.423828 -0.480469 4.306641 2.335938 -2.863281 2.335938 -2.863281 2.269531 4.306641 2.269531 7.181641 2.269531 7.181641 2.335938 5.431641 2.335938 5.431641 2.269531 1.603516 2.335938 0.755859 2.335938 0.755859 2.269531 1.603516 2.269531 -1.603516 2.269531 -1.603516 2.333984 -8.166016 2.333984 -8.166016 2.269531 -0.755859 2.333984 -1.603516 2.333984 -1.603516 2.269531 -0.755859 2.269531 -0.755859 2.269531 -0.755859 2.335938 -1.603516 2.335938 -1.603516 2.333984 -1.603516 2.269531 0.125000 2.269531 0.125000 2.335938 -0.593750 2.335938 -0.593750 2.333984 -0.593750 2.269531 -1.441406 2.269531 -1.441406 2.333984 -1.441406 2.335938 -1.492188 2.335938 -1.492188 2.269531 -1.492188 2.269531 -1.492188 2.335938 0.125000 2.335938 0.125000 2.269531 -1.353516 2.335938 -1.353516 2.269531 -5.500000 2.269531 -5.500000 2.335938 -0.566406 2.269531 -0.566406 2.335938 0.125000 2.335938 0.125000 2.269531 0.125000 2.269531 0.125000 2.335938 -5.500000 2.335938 -5.500000 2.269531 -2.687500 2.269531 -2.687500 2.335938 0.125000 2.335938 0.125000 2.269531 0.125000 2.333984 0.125000 2.335938 -3.468750 2.335938 -5.500000 2.335938 -5.500000 2.269531 0.125000 2.269531 -7.148438 2.269531 -7.148438 2.335938 -7.181641 2.335938 -7.181641 2.269531 -3.548828 2.269531 -3.548828 2.335938 -4.306641 2.335938 -4.306641 2.269531 -5.431641 2.335938 -6.361328 2.335938 -6.361328 2.269531 -5.431641 2.269531 2.076172 2.333984 2.076172 2.269531 -0.006478 2.269531 -4.097656 2.269531 -5.669922 2.269531 -5.669922 2.333984 -6.552734 2.269531 -8.166016 2.269531 -8.166016 2.333984 -4.416016 2.333984 -4.416016 2.269531 -7.445312 2.335938 -7.445312 2.269531 -1.601562 2.269531 -1.601562 2.335938 -3.548828 3.812500 -3.548828 3.062500 -2.423828 3.062500 -2.423828 3.812500 -5.669922 3.812500 -5.669922 3.062500 -4.673828 3.062500 -4.673828 3.812500 -1.298828 3.812500 -1.298828 3.062500 -0.173828 3.062500 -0.173828 3.812500 0.951172 3.062500 2.863281 3.062500 2.863281 3.812500 0.951172 3.812500 2.863281 4.166016 -5.669922 4.166016 -5.669922 4.164062 -5.669922 3.812500 -4.673828 3.812500 -3.548828 3.812500 -2.423828 3.812500 -1.298828 3.812500 -0.173828 3.812500 0.951172 3.812500 2.863281 3.812500 0.951172 3.062500 -0.173828 3.062500 -1.298828 3.062500 -2.423828 3.062500 -3.548828 3.062500 -4.673828 3.062500 -5.669922 3.062500 -5.669922 2.335938 -5.669922 2.333984 2.863281 2.333984 2.863281 3.062500 -1.601562 2.875000 -1.601562 2.335938 -7.445312 2.335938 -7.445312 4.164062 -7.445312 4.167969 -1.601562 4.167969 0.292969 -0.073864 0.292969 -0.414062 0.423828 -0.414062 0.423828 0.125000 0.292969 0.125000 -0.423828 -0.414062 -0.007812 -0.414062 -0.007812 -0.102273 -0.007812 0.125000 -0.423828 0.125000 0.423828 -0.414062 0.292969 -0.414062 0.292969 -0.073864 0.292969 0.125000 0.423828 0.125000 -0.007812 0.125000 -0.007812 -0.102273 -0.007812 -0.414062 -0.423828 -0.414062 -0.423828 0.125000 -1.000000 0.423828 -1.000000 0.007812 0.125000 0.007812 0.125000 0.423828 0.125000 -0.292969 -1.000000 -0.292969 -1.000000 -0.423828 0.125000 -0.423828 5.431641 2.335938 7.181641 2.335938 7.181641 2.875000 5.431641 2.875000 4.306641 2.875000 5.431641 2.875000 7.181641 2.875000 7.181641 4.169924 -2.863281 4.169924 -2.863281 2.875000 -2.863281 2.875000 -2.863281 2.335938 4.306641 2.335938 4.306641 2.875000 0.755859 2.335938 1.603516 2.335938 1.603516 2.875000 0.755859 2.875000 1.603516 4.169924 0.755859 4.169924 0.755859 2.875000 1.603516 2.875000 -8.166016 3.812500 -8.166016 3.062500 -8.166016 2.333984 -1.603516 2.333984 -1.603516 2.335938 -1.603516 2.875000 -1.603516 4.166016 -8.166016 4.166016 -0.755859 4.166016 -1.603516 4.166016 -1.603516 3.812500 -0.755859 3.812500 -0.755859 4.169924 -1.603516 4.169924 -1.603516 4.166016 -1.603516 2.875000 -0.755859 2.875000 -0.755859 3.812500 -1.603516 3.812500 -1.603516 3.062500 -0.755859 3.062500 -1.603516 3.062500 -1.603516 2.333984 -0.755859 2.333984 -0.755859 3.062500 -1.603516 2.335938 -0.755859 2.335938 -0.755859 2.875000 -1.603516 2.875000 -1.492188 2.335938 -1.441406 2.335938 -1.441406 3.062500 -1.441406 3.812500 -1.441406 4.164062 -1.492188 4.164062 0.125000 2.335938 0.125000 4.164062 -0.593750 4.164062 -0.593750 3.812500 -0.593750 3.062500 -0.593750 2.335938 0.125000 4.164062 0.125000 2.335938 -1.492188 2.335938 -1.492188 4.164062 -1.353516 4.164062 -1.353516 2.335938 -5.500000 2.335938 -5.500000 4.164062 -0.566406 2.335938 -0.566406 4.164062 0.125000 4.164062 0.125000 2.335938 -5.500000 2.335938 0.125000 2.335938 0.125000 4.164062 -5.500000 4.164062 0.125000 3.062500 -1.250000 3.062500 -1.250000 3.123047 0.125000 3.123047 -1.250000 3.812500 -2.687500 3.812500 -2.687500 4.164062 0.125000 4.164062 0.125000 3.812500 -1.250000 3.751953 -1.250000 3.812500 0.125000 3.812500 0.125000 3.751953 -2.232422 3.123047 -2.232422 3.751953 -1.296875 3.751953 -1.296875 3.123047 0.125000 3.123047 -1.250000 3.123047 -1.250000 3.123047 -1.250000 3.751953 -1.250000 3.751953 0.125000 3.751953 -2.687500 3.123047 -2.687500 3.751953 -2.279297 3.751953 -2.279297 3.123047 0.125000 2.875000 0.125000 2.335938 -2.687500 2.335938 -2.687500 3.062500 -1.250000 3.062500 0.125000 3.062500 -5.500000 2.335938 -3.468750 2.335938 -3.468750 3.062500 -5.500000 3.062500 -3.462891 3.123047 -3.468750 3.123047 -3.468750 3.062500 -3.468750 2.335938 0.125000 2.335938 0.125000 3.123047 0.125000 4.164062 -5.500000 4.164062 -5.500000 3.812500 -3.468750 3.812500 0.125000 3.812500 0.125000 3.812500 -3.468750 3.812500 -3.468750 3.751953 -3.462891 3.751953 0.125000 3.751953 -3.462891 3.751953 -3.462891 3.123047 0.125000 3.123047 0.125000 3.751953 -5.500000 3.123047 -4.785157 3.123047 -4.785157 3.751953 -5.500000 3.751953 -4.738281 3.751953 -4.738281 3.123047 -3.509767 3.123047 -3.509767 3.751953 -7.181641 2.875000 -7.148438 2.875000 -7.148438 4.167969 -7.148438 4.169924 -7.181641 4.169924 -4.306641 2.335938 -3.548828 2.335938 -3.548828 2.875000 -4.306641 2.875000 -6.361328 2.875000 -6.361328 2.335938 -5.431641 2.335938 -5.431641 2.875000 -6.361328 4.169924 -6.361328 4.167969 -6.361328 2.875000 -5.431641 2.875000 -4.306641 2.875000 -3.548828 2.875000 -3.548828 3.062500 -3.548828 3.123047 -3.548828 3.751953 -3.548828 3.812500 -3.548828 4.164062 -3.548828 4.169924 -7.181641 2.335938 -7.148438 2.335938 -7.148438 2.875000 -7.181641 2.875000 0.951172 3.812500 2.076172 3.812500 2.076172 3.062500 0.951172 3.062500 2.076172 4.166016 2.076172 3.812500 0.951172 3.812500 -0.173828 3.812500 -1.298828 3.812500 -2.423828 3.812500 -3.548828 3.812500 -4.673828 3.812500 -5.669922 3.812500 -5.669922 4.164062 -5.669922 4.166016 -2.423828 3.062500 -3.548828 3.062500 -3.548828 3.812500 -2.423828 3.812500 -4.673828 3.062500 -3.548828 3.062500 -2.423828 3.062500 -1.298828 3.062500 -0.173828 3.062500 0.951172 3.062500 2.076172 3.062500 2.076172 2.333984 -5.669922 2.333984 -5.669922 2.335938 -5.669922 3.062500 -4.673828 3.062500 -5.669922 3.062500 -5.669922 3.812500 -4.673828 3.812500 -0.173828 3.062500 -1.298828 3.062500 -1.298828 3.812500 -0.173828 3.812500 -4.416016 4.164062 -4.416016 3.812500 -4.416016 3.751953 -4.416016 3.123047 -4.416016 2.335938 -4.416016 2.333984 -8.166016 2.333984 -8.166016 3.062500 -8.166016 3.812500 -8.166016 4.166016 -4.416016 4.166016 -7.445312 4.167969 -7.445312 4.164062 -7.445312 2.335938 -1.601562 2.335938 -1.601562 2.875000 -1.601562 4.167969 -0.174835 -5.760190 -0.174816 -5.760190 -0.174816 -5.644532 -0.174835 -5.644532 -0.144128 -5.644532 -0.124850 -5.760191 0.983089 -5.760217 0.983089 -5.644532 0.983089 -5.644532 0.983089 -5.760217 1.082589 -5.760219 1.082589 -3.967634 0.983089 -3.967634 0.983089 -3.967634 -0.174835 -3.967634 -0.174835 -5.644532 -0.174816 -5.644532 -0.144128 -5.644532 0.983089 -5.644532 -0.174835 -3.967634 0.983089 -3.967634 1.082589 -3.967634 1.082589 -3.426339 -0.174835 -3.426339 -0.178568 -3.426339 -0.178568 -3.967634 -0.178568 -5.760219 -0.167157 -5.828683 -0.100452 -5.828683 -0.100452 -3.967634 -0.100452 -3.426339 -1.082589 -3.967634 -1.082589 -5.828683 -0.983090 -5.828683 -0.983090 -5.644532 -0.983090 -4.065290 -0.983090 -3.967634 -0.827417 -5.828683 -0.458536 -5.828683 -0.330188 -5.828683 0.113434 -5.828683 0.144128 -5.644532 -0.983090 -5.644532 -0.983090 -5.828683 0.174834 -5.633371 0.174834 -4.065290 -0.983090 -4.065290 -0.983090 -5.644532 0.144128 -5.644532 0.174816 -5.644532 0.174834 -5.644532 0.174834 -5.644532 0.174816 -5.644532 0.174816 -5.828683 0.174834 -5.828683 -1.082589 -3.426339 -1.082589 -3.967634 -0.983090 -3.967634 0.174834 -3.967634 0.174834 -3.962054 0.174834 -3.426339 -0.882823 0.234375 -0.828129 0.234375 -0.828129 -0.140625 -0.828129 -0.507812 -0.882823 -0.507812 -0.828167 -0.140625 -0.828125 -0.140625 -0.828125 0.234375 -0.882811 0.234375 -0.882811 -0.140625 -0.882811 -0.507812 -0.828167 -0.507812 -0.828167 -0.453125 -0.828167 -0.140625 -0.882811 -0.140625 2.310737 -0.140625 2.310737 -0.453125 2.310737 -0.507812 2.311926 -0.507812 2.311926 -0.140625 -0.234992 0.234375 -0.234992 -0.140625 -0.160372 -0.140625 2.234936 -0.140625 2.310737 -0.140625 2.311926 -0.140625 2.311926 0.234375 -0.591454 -0.373884 -0.591454 -2.034040 -0.608581 -2.034040 -0.608581 -0.373884 -0.630529 -2.064688 -0.630529 -0.373884 -0.608581 -0.373884 -0.608581 -2.034040 -0.608581 -2.064733 -0.630529 -2.064733 -0.591502 -2.064733 -0.591502 -0.373884 -0.630560 -0.373884 -0.630560 -2.064697 -0.630560 -2.064733 1.639808 -2.034040 1.651361 -2.034040 1.651361 -0.373884 1.639808 -0.373884 1.639808 -2.064733 1.639808 -2.034040 1.639808 -0.373884 -0.167851 -0.373884 -0.167851 -2.064733 -0.825893 -0.016741 -0.825893 -1.143959 -1.010045 -1.113265 -1.010045 -0.669643 -1.010045 -0.541295 -1.010045 -0.172429 -1.010045 -0.016741 -1.010045 -1.174647 -0.825893 -1.174647 -0.825893 -1.174665 -1.010045 -1.174665 -1.010045 -0.002790 -0.845425 -0.002790 -0.814733 -0.002790 -0.814733 -0.016741 -0.825893 -0.016741 -1.010045 -0.016741 -0.825893 -1.174665 -0.825893 -1.174647 -0.825893 -1.143959 -0.825893 -0.016741 -0.814733 -0.016741 -0.814733 -1.174665 -0.845425 0.087122 -0.845425 -3.501391 -0.845425 -3.522051 -0.845425 -3.565848 -1.010045 -3.565848 -1.010045 0.087122 -0.845425 -3.522051 -0.814733 -3.522051 -0.814733 -3.565848 -0.845425 -3.565848 -0.814733 0.087122 -0.814733 -3.501391 -0.845425 -3.501391 -0.845425 0.087122 -1.010045 0.097411 -0.814733 0.097411 -0.814733 0.087122 -0.845425 0.087122 -1.010045 0.087122 -0.016741 3.510801 -0.012367 3.507851 -0.002790 3.501391 -0.002790 -0.087122 -0.016741 -0.087122 -0.016741 -0.087122 -0.002790 -0.087122 -0.002790 -0.097411 -0.350377 -0.097409 -0.538878 -0.097408 -0.677095 -0.097408 -1.174665 -0.097405 -1.174665 -0.087123 -1.174665 1.791295 -1.174665 3.501674 -1.174665 3.565848 -0.016741 3.565848 -0.016741 3.510801 -0.016741 -0.087122 -1.174665 -0.087123 -0.002790 3.522051 -0.012367 3.507851 -0.016741 3.510801 -0.016741 3.565848 -0.002790 3.565848 -0.590581 -2.053537 -0.590581 -0.385013 -0.575042 -0.373862 -0.575042 -0.373884 -0.575042 -2.064688 -0.598327 -0.385015 -0.598327 -0.691961 -0.598327 -0.736607 -0.598327 -1.077005 -0.598327 -1.121651 -0.598327 -2.053535 -0.582774 -2.064697 -0.582774 -0.373884 -0.582774 -0.373853 1.651406 -2.064688 1.651402 -2.064688 1.651402 -0.373884 1.651406 -0.373884 -0.167825 -2.064733 -0.167825 -2.064697 1.651402 -2.064688 1.651406 -2.064688 1.651406 -2.064733 -0.167830 -0.373884 -0.167830 -2.064697 -0.167825 -2.064697 -0.167825 -0.373884 -0.167825 -0.373884 1.651402 -0.373884 1.651402 -0.373861 -0.167830 -0.373853 -0.167830 -0.373884 0.307267 -1.121653 0.307267 -1.077013 0.307267 -0.736609 0.307267 -0.691967 0.307267 -0.385014 1.640524 -0.385013 1.640524 -2.053536 0.307267 -2.053535 0.307267 -2.053535 -0.157031 -2.053535 -0.157031 -1.121651 0.053622 -1.121652 0.098261 -1.121652 0.307267 -1.121653 0.053622 -1.077009 0.053622 -1.121652 -0.157031 -1.121651 -0.157031 -1.077005 0.307267 -0.736609 0.098261 -0.736607 0.098261 -0.691965 0.307267 -0.691967 0.307267 -0.691967 0.098261 -0.691965 0.053622 -0.691964 -0.157031 -0.691961 -0.157031 -0.385015 0.307267 -0.385014 0.307267 -1.121653 0.098261 -1.121652 0.098261 -1.077010 0.307267 -1.077013 0.053622 -0.691964 0.053622 -0.736607 -0.157031 -0.736607 -0.157031 -0.691961 -0.157031 -0.736607 0.053622 -0.736607 0.098261 -0.736607 0.307267 -0.736609 0.307267 -1.077013 0.098261 -1.077010 0.053622 -1.077009 -0.157031 -1.077005 2.073689 -0.563080 2.089459 -0.573901 2.089453 -1.907163 2.089451 -2.371463 2.073666 -2.382294 0.487421 -2.382324 0.487421 -2.382329 0.503207 -2.371498 0.503209 -1.907197 0.503216 -0.573931 0.487444 -0.563110 -0.574967 -0.362717 -0.590512 -0.351563 -0.590512 -0.323661 -0.590512 0.156251 -0.574967 0.167403 -0.598370 0.156250 -0.598370 -0.323661 -0.598370 -0.351563 -0.582815 -0.362725 -0.582815 -0.362723 -0.582815 0.167411 -0.582815 0.167412 2.311925 -0.507812 2.311924 -0.507812 2.311924 -0.507803 2.311924 0.234365 2.311924 0.234375 2.311925 0.234375 -0.234989 0.234375 -0.234989 -0.507812 -0.234993 -0.507812 -0.234993 -0.140625 -0.234993 0.234375 2.311924 0.234365 0.258328 0.234375 2.311924 0.234375 0.409293 -0.507812 2.311924 -0.507803 2.311924 -0.507812 -0.167849 0.167412 -0.167849 0.167411 0.184520 0.167411 -0.167849 -0.362723 -0.167849 -0.362725 0.292352 -0.362723 1.690825 -2.029955 1.690835 -0.563101 1.706608 -0.573926 1.706608 -1.103441 1.706608 -1.888433 1.706608 -2.371491 1.690822 -2.382324 1.690850 -1.922120 1.690847 -2.382320 1.706634 -2.371488 1.706634 -0.573923 1.690860 -0.563097 0.128807 0.208811 0.183100 0.208811 0.183100 0.263495 0.128807 0.263495 -0.409980 0.315226 -0.355296 0.315226 -0.355296 0.333631 -0.409980 0.333631 0.156486 -0.181468 0.125315 -0.181468 0.125315 -0.236151 0.156486 -0.236151 0.026010 -0.236152 0.026010 -0.181467 -0.020524 -0.181467 -0.020524 -0.236152 0.448374 -0.170098 0.448374 -0.224782 0.487682 -0.224782 0.487682 -0.170099 -0.355296 0.292780 -0.355296 0.332829 -0.409980 0.332829 -0.409980 0.292780 -0.355296 0.117734 -0.409980 0.117734 -0.409980 0.091070 -0.355296 0.091070 0.409980 -0.059359 0.355295 -0.059359 0.355295 -0.087941 0.409980 -0.087941 0.252240 -0.031076 0.252240 -0.085761 0.276800 -0.085762 0.276800 -0.031076 0.538665 -0.353342 0.444051 -0.353343 0.444051 -0.408027 0.538665 -0.408027 0.589525 -0.408027 0.589525 -0.353342 0.538665 -0.353342 0.538665 -0.408027 0.355295 0.099021 0.355295 0.011445 0.409980 0.011445 0.409980 0.099021 0.024171 0.107872 0.024171 0.053188 0.079161 0.053188 0.079161 0.107873 0.123998 0.053188 0.146497 0.053188 0.146497 0.107873 0.123998 0.107873 0.148283 -0.364433 0.130048 -0.364433 0.130048 -0.419119 0.148283 -0.419119 0.355295 0.111423 0.409980 0.111423 0.409980 0.135979 0.355295 0.135979 0.355295 0.105757 0.355295 0.086871 0.409980 0.086871 0.409980 0.105757 0.409980 -0.001806 0.355295 -0.001806 0.355295 -0.058515 0.409980 -0.058515 -0.409979 0.118948 -0.355296 0.118948 -0.355296 0.206099 -0.409979 0.206099 -0.355296 0.124900 -0.355296 0.148925 -0.409979 0.148925 -0.409979 0.124900 -0.409979 0.222864 -0.355296 0.222864 -0.355296 0.284833 -0.409979 0.284833 0.750945 -4.280149 0.634317 -5.279018 0.561274 -5.305104 0.564563 -5.279018 0.798094 -3.426339 0.814981 -3.426339 0.594264 -5.622056 0.598681 -5.584222 0.653904 -5.574035 0.650132 -5.624321 0.634805 -5.828683 0.632758 -5.828683 0.616195 -5.828683 0.481219 -5.828683 0.459211 -5.616581 0.594264 -5.622056 0.650132 -5.624321 0.798094 -3.426339 0.564563 -5.279018 0.489708 -5.302850 0.425054 -5.287388 0.417263 -5.212306 0.231949 -3.426339 0.360860 -5.563739 0.394536 -5.573584 0.386613 -5.613638 0.353070 -5.612278 0.417263 -5.212306 0.398047 -5.332031 0.393772 -5.358671 0.367961 -5.355147 -0.174835 -5.281043 -0.174835 -3.426339 0.231949 -3.426339 -0.174835 -5.281043 0.367961 -5.355147 0.347888 -5.478634 0.326340 -5.611194 0.320921 -5.644532 -0.144127 -5.644532 -0.174823 -5.644532 -0.174835 -5.644532 -0.113434 -5.828683 -0.144127 -5.644532 0.320921 -5.644532 0.290987 -5.828683 1.082589 -3.426339 1.082589 -5.624287 0.709822 -5.550387 0.664370 -5.434479 0.670991 -5.346200 0.750945 -4.280149 0.814981 -3.426339 -0.174823 -5.644532 -0.174823 -5.828683 -0.174835 -5.828683 -0.174835 -5.644532 0.326340 -5.611194 0.347888 -5.478634 0.373698 -5.483751 0.360860 -5.563739 0.353070 -5.612278 0.425054 -5.287388 0.428674 -5.322281 0.398047 -5.332031 0.417263 -5.212306 0.627682 -5.335844 0.634317 -5.279018 0.750945 -4.280149 0.670991 -5.346200 0.481219 -5.828683 0.458536 -5.828683 0.330187 -5.828683 0.290987 -5.828683 0.320921 -5.644532 0.326340 -5.611194 0.353070 -5.612278 0.386613 -5.613638 0.459211 -5.616581 0.709822 -5.550387 1.082589 -5.624287 1.082589 -5.828683 0.634805 -5.828683 0.650132 -5.624321 0.653904 -5.574035 0.656471 -5.539811 -0.178568 -3.426339 -0.100452 -3.426339 -0.100452 -3.962054 -0.100452 -4.059710 -0.100452 -5.624287 -0.178568 -5.624287 -0.100452 -5.624287 -0.100452 -5.633371 -0.100452 -5.828683 -0.178568 -5.828683 -0.178568 -5.624287 -0.322736 -5.633371 -0.460953 -5.633371 -0.459211 -5.616581 -0.386614 -5.613638 -0.353070 -5.612278 -0.326340 -5.611194 -0.360860 -5.563739 -0.373698 -5.483751 -0.347888 -5.478634 -0.326340 -5.611194 -0.353070 -5.612278 0.174834 -5.633371 -0.322736 -5.633371 -0.326340 -5.611194 -0.347888 -5.478634 -0.367961 -5.355147 0.174834 -5.281043 -0.287536 -3.962054 -0.730567 -3.962054 -0.798094 -3.426339 -0.231950 -3.426339 -0.398048 -5.332031 -0.428675 -5.322281 -0.425054 -5.287388 -0.417263 -5.212306 -0.798094 -3.426339 -0.730567 -3.962054 -0.774803 -3.962054 -0.814981 -3.426339 0.174834 -3.426339 0.174834 -3.962054 -0.287536 -3.962054 -0.231950 -3.426339 -1.082589 -4.059710 -1.082589 -3.962054 -0.983090 -3.962054 -0.983090 -4.059710 -0.750946 -4.280149 -0.670992 -5.346200 -0.664371 -5.434479 -0.709823 -5.550387 -1.082589 -5.624287 -1.082589 -4.059710 -0.983090 -4.059710 -0.767479 -4.059710 -0.774803 -3.962054 -0.983090 -3.962054 -1.082589 -3.962054 -1.082589 -3.426339 -0.814981 -3.426339 -0.386614 -5.613638 -0.394537 -5.573584 -0.360860 -5.563739 -0.353070 -5.612278 -0.297669 -4.059710 0.174834 -4.059710 0.174834 -5.281043 -0.367961 -5.355147 -0.393773 -5.358671 -0.398048 -5.332031 -0.417263 -5.212306 -0.767479 -4.059710 -0.718257 -4.059710 -0.564563 -5.279018 -0.561275 -5.305104 -0.634317 -5.279018 -0.750946 -4.280149 -0.460953 -5.633371 -0.649454 -5.633371 -0.650133 -5.624321 -0.594264 -5.622056 -0.459211 -5.616581 -1.082589 -5.828683 -1.082589 -5.633371 -0.997041 -5.633371 -0.997041 -5.828683 -0.653904 -5.574035 -0.650133 -5.624321 -0.649454 -5.633371 -0.997041 -5.633371 -1.082589 -5.633371 -1.082589 -5.624287 -0.709823 -5.550387 -0.656471 -5.539811 -0.750946 -4.280149 -0.634317 -5.279018 -0.627683 -5.335844 -0.670992 -5.346200 -0.653904 -5.574035 -0.598682 -5.584222 -0.594264 -5.622056 -0.650133 -5.624321 -0.489709 -5.302850 -0.564563 -5.279018 -0.718257 -4.059710 -0.297669 -4.059710 -0.417263 -5.212306 -0.425054 -5.287388 0.761605 -0.374824 0.761605 -0.320138 0.743186 -0.320139 0.743186 -0.374824 0.541393 -0.320140 0.503320 -0.320140 0.503320 -0.374823 0.541393 -0.374823 -0.882823 0.234365 -0.882823 -0.507803 -0.882823 -0.507812 -0.828130 -0.507812 -0.828130 -0.140625 -0.828130 0.234375 -0.882823 0.234375 -0.882811 -0.140625 -0.828167 -0.140625 -0.828167 -0.453125 -0.828167 -0.507812 -0.882811 -0.507812 -0.882811 0.234375 -0.828125 0.234375 -0.828125 -0.140625 -0.828167 -0.140625 -0.882811 -0.140625 2.311926 -0.507812 2.310737 -0.507812 2.310737 -0.453125 2.310737 -0.140625 2.311926 -0.140625 2.311926 0.234375 2.311926 -0.140625 2.310737 -0.140625 2.234937 -0.140625 -0.160372 -0.140625 -0.234991 -0.140625 -0.234991 0.234375 2.311922 -0.882821 0.258327 -0.882811 -0.234990 -0.882809 -0.234994 -0.882809 -0.234993 -0.828122 2.311925 -0.828127 2.311924 -0.882821 -0.234989 -0.882809 0.258328 -0.882812 2.311924 -0.882822 2.311924 -0.828128 -0.234992 -0.828123 -0.234992 -0.882809 -0.828113 -2.890625 -0.828113 -0.523438 -0.882824 -0.523438 -0.882824 -2.890537 -0.882824 -2.890625 -0.882812 -2.890551 -0.882812 -0.523438 -0.828128 -0.523438 -0.828128 -2.890625 -0.882812 -2.890625 -0.234979 -2.890625 -0.234979 -0.523438 2.311929 -0.523438 2.311929 -2.890625 1.651362 -0.630613 -0.167851 -0.630597 -0.167851 -0.591538 1.639815 -0.591537 1.651367 -0.591537 1.651367 -0.608664 1.651367 -0.630613 2.311928 -0.828113 -0.234980 -0.828128 -0.234980 -0.882812 2.311922 -0.882824 2.311928 -0.882824 -0.234980 -0.882812 -0.234980 -0.828128 2.311928 -0.828113 2.311928 -0.882824 1.651367 -0.630613 1.651367 -0.608664 1.639815 -0.591537 -0.167851 -0.591538 -0.167851 -0.630597 -0.590514 -0.385027 -0.590514 -0.691936 -0.590514 -2.053518 -0.574973 -2.064670 -0.574973 -0.373884 -0.574973 -0.373876 -0.598363 -2.053518 -0.598363 -0.385027 -0.582810 -0.373866 -0.582810 -0.373884 -0.582810 -2.064679 2.311923 -0.523438 2.311923 -2.890537 2.311929 -2.890537 2.311929 -0.523438 2.311929 -2.890625 2.311929 -2.890537 2.311923 -2.890537 -0.234979 -2.890551 -0.234979 -2.890625 -0.167842 -2.064679 -0.167848 -2.064679 -0.167848 -0.373884 -0.167842 -0.373884 -0.167842 -0.373884 -0.167848 -0.373884 -0.167848 -0.373866 1.651374 -0.373875 1.651374 -0.373884 1.090551 -0.054872 1.090551 -0.075335 1.045909 -0.075335 1.045908 -0.054872 1.640548 -0.351563 -0.157016 -0.351563 -0.157016 -0.323661 0.326046 -0.323661 1.045917 -0.323661 1.111034 -0.323661 1.640548 -0.323661 0.021916 -1.121653 0.021916 -1.077010 0.021916 -0.736609 0.021916 -0.691965 0.021916 -0.385027 -0.157017 -0.385027 -0.157017 -2.053518 0.021916 -2.053518 1.045910 -0.119977 1.090551 -0.119977 1.090551 -0.140441 1.045911 -0.140441 0.087010 -0.691964 0.087010 -0.736607 0.087010 -1.077008 0.087010 -1.121652 0.087010 -2.053518 1.640550 -2.053517 1.640550 -0.691936 0.326042 0.156250 0.326044 -0.054873 0.326046 -0.323661 -0.157016 -0.323661 -0.157016 0.156250 0.087010 -0.736607 0.066557 -0.736607 0.021916 -0.736609 0.021916 -1.077010 0.066557 -1.077008 0.087010 -1.077008 1.111034 -0.140441 1.090551 -0.140441 1.090551 -0.119977 1.090551 -0.075335 1.090551 -0.054872 1.111034 -0.054872 1.045917 -0.323661 1.045911 -0.140441 1.090551 -0.140441 1.111034 -0.140441 1.111034 -0.323661 1.111034 -0.323661 1.111034 -0.140441 1.111034 -0.054872 1.111034 0.156251 1.640548 0.156251 1.640548 -0.323661 0.326044 -0.054873 1.045908 -0.054872 1.045909 -0.075335 1.045910 -0.119977 1.045911 -0.140441 1.045917 -0.323661 0.326046 -0.323661 1.111034 0.156251 1.111034 -0.054872 1.090551 -0.054872 1.045908 -0.054872 0.326044 -0.054873 0.326042 0.156250 0.021916 -0.691965 0.066557 -0.691964 0.087010 -0.691964 1.640550 -0.691936 1.640550 -0.385027 0.021916 -0.385027 0.066557 -1.077008 0.066557 -1.121652 0.087010 -1.121652 0.087010 -1.077008 0.087010 -2.053518 0.087010 -1.121652 0.066557 -1.121652 0.021916 -1.121653 0.021916 -2.053518 0.066557 -0.691964 0.066557 -0.736607 0.087010 -0.736607 0.087010 -0.691964 2.073585 -2.382333 2.089369 -2.371501 2.089369 -2.192568 2.089368 -0.573935 2.073597 -0.563111 0.487390 -2.382313 0.487402 -0.563097 0.503173 -0.573920 0.503173 -2.127460 0.503173 -2.192554 0.503173 -2.371487 0.487390 -2.382318 -0.590568 0.156251 -0.590568 -0.323661 -0.590568 -0.351564 -0.575025 -0.362717 -0.575025 0.167403 -0.582749 0.167411 -0.582749 -0.362723 -0.582749 -0.362725 -0.598304 -0.351563 -0.598304 -0.323661 -0.598304 0.156250 -0.582749 0.167412 0.258329 0.234375 2.311924 0.234365 2.311925 0.234365 2.311925 0.234375 -0.234991 -0.140625 -0.234991 -0.507812 -0.234988 -0.507812 -0.234988 0.234375 -0.234991 0.234375 2.311924 0.234365 2.311924 -0.507803 2.311925 -0.507803 2.311925 0.234365 2.311925 -0.507803 2.311924 -0.507803 0.409294 -0.507812 2.311925 -0.507812 -0.167849 0.167411 -0.167849 0.167412 0.184521 0.167411 -0.167849 -0.362725 -0.167849 -0.362723 0.292352 -0.362723 0.326046 -0.323661 0.326044 -0.054873 0.326042 0.156250 -0.157016 0.156250 -0.157016 -0.323661 1.111034 0.156251 1.111034 -0.054872 1.111034 -0.140441 1.111034 -0.323661 1.640549 -0.323661 1.640549 0.156251 1.640549 -0.351564 1.640549 -0.323661 1.111034 -0.323661 1.045917 -0.323661 0.326046 -0.323661 -0.157016 -0.323661 -0.157016 -0.351563 1.045909 -0.075335 1.090551 -0.075335 1.090551 -0.054872 1.045909 -0.054872 1.090551 -0.140441 1.090551 -0.119977 1.045911 -0.119977 1.045911 -0.140441 1.090551 -0.054872 1.090551 -0.075335 1.090551 -0.119977 1.090551 -0.140441 1.111034 -0.140441 1.111034 -0.054872 1.111034 -0.140441 1.090551 -0.140441 1.045911 -0.140441 1.045917 -0.323661 1.111034 -0.323661 1.045917 -0.323661 1.045911 -0.140441 1.045911 -0.119977 1.045909 -0.075335 1.045909 -0.054872 0.326044 -0.054873 0.326046 -0.323661 0.326044 -0.054873 1.045909 -0.054872 1.090551 -0.054872 1.111034 -0.054872 1.111034 0.156251 0.326042 0.156250 1.706612 -2.371488 1.706612 -1.888430 1.706612 -1.103438 1.706612 -0.573923 1.690839 -0.563098 1.690829 -2.029952 1.690826 -2.382321 1.690877 -1.922117 1.690887 -0.563095 1.706661 -0.573921 1.706661 -2.371486 1.690874 -2.382318 0.409292 -0.882812 -0.234989 -0.882809 -0.234992 -0.882809 -0.234992 -0.828166 -0.234992 -0.828123 2.310736 -0.828128 2.311924 -0.828128 2.311924 -0.882822 2.311925 -0.828127 2.310736 -0.828127 -0.158405 -0.828122 -0.234993 -0.828122 -0.234993 -0.828165 -0.234994 -0.882809 -0.234990 -0.882809 0.409291 -0.882812 2.311922 -0.882821 2.311924 -0.882821 -0.169195 -0.219475 -0.169199 1.121501 -0.082741 1.077031 -0.082741 -0.219475 -0.083529 0.219504 -0.083529 -1.077001 -0.169511 -1.121645 -0.169511 0.219504 -0.357114 -3.354273 -0.281212 -3.414480 -0.281212 -7.207038 -0.356817 -7.268166 -0.357114 -7.268166 -0.040925 7.207043 1.255582 7.207040 1.255580 3.414482 -0.040925 3.414484 3.625369 -8.563055 3.625367 -8.563055 3.614208 -8.624439 4.966518 -8.624439 4.966518 -8.563055 -7.850077 -5.273438 -7.912467 -5.273438 -7.912467 -5.145350 -7.912467 -1.481829 -7.912467 -1.403714 -7.912467 -1.359064 -7.850077 -1.359064 2.054300 3.625369 5.968192 3.625367 5.968192 3.625365 2.053818 3.625367 2.053818 3.625369 2.053818 3.625369 2.053820 4.966518 2.054301 4.966518 2.054300 3.625369 2.053819 4.966518 2.053818 3.614208 2.098469 3.614208 2.098468 3.709094 2.098467 3.976702 2.098467 3.993590 2.098465 4.559734 2.098464 4.966518 2.098469 3.614208 2.176583 3.614208 2.176584 3.709094 2.098468 3.709094 5.840104 3.614206 5.968192 3.614206 5.968192 3.709094 5.918219 3.709094 5.840104 3.709094 5.968192 3.709094 5.968192 4.966518 5.918224 4.966518 5.918219 3.709094 2.176589 4.559734 2.176585 3.993590 2.176585 3.976702 2.176584 3.709094 2.176583 3.614208 5.840104 3.614206 5.840104 3.709094 5.840097 4.966518 2.176591 4.966518 -0.122768 -5.237185 -0.123394 -5.237185 -0.123394 -5.237192 -0.122768 -5.237192 -0.178571 -4.768135 -0.178571 -5.237192 -0.123394 -5.237192 -0.123394 -5.237185 -0.123394 -3.546329 -0.178571 -3.546329 -0.178571 -0.882160 -0.178571 -3.546329 -0.123394 -3.546329 -0.122768 -3.546329 -0.122768 -2.761464 -0.122768 -0.882160 -0.122768 -0.281817 -0.178571 -0.281817 -0.122761 -0.281817 -0.178571 -0.281817 -0.178571 -0.882160 -0.178571 -2.761464 -0.178571 -3.543550 -0.176378 -3.543550 -0.122765 -3.543550 -0.178571 -5.485257 -0.122766 -5.485257 -0.122766 -5.237185 -0.176378 -5.237185 -0.178571 -5.237185 -0.122766 -4.768135 -0.122765 -3.543550 -0.176378 -3.543550 -0.176378 -3.546334 -0.176378 -5.237185 -0.122766 -5.237185 -0.178571 -3.543550 -0.178571 -3.546334 -0.176378 -3.546334 -0.176378 -3.543550 -0.178571 -5.485257 -0.122768 -5.485257 -0.122768 -5.237192 -0.123394 -5.237192 -0.178571 -5.237192 -7.167948 -0.033387 -7.153996 -0.033387 -5.457575 -0.033412 -5.457574 0.041561 -7.204220 0.041587 -7.153996 -0.033513 -7.167947 -0.033512 -7.204219 0.041460 -5.457573 0.041469 -5.457574 -0.033504 3.708148 -0.033457 3.761161 0.030778 -0.368304 0.030778 -0.315291 -0.033457 -3.225446 0.256685 -3.225446 -1.489973 0.904018 -1.489973 0.904017 0.256685 -5.457604 0.025181 -7.154039 0.025186 -7.123351 -0.033465 -5.457604 -0.033472 -5.457573 0.025194 -5.457574 -0.033459 -7.123308 -0.033452 -7.153996 0.025199 3.688616 -0.033490 -0.295759 -0.033490 -0.315290 -0.033490 -0.368303 0.019525 3.761159 0.019525 3.708147 -0.033490 3.571434 -0.033486 0.661272 -0.033486 -0.178572 -0.033486 -0.270650 -0.033486 -0.295759 0.019522 3.688616 0.019522 3.663507 -0.033486 -0.178571 -0.033485 3.571436 -0.033485 3.663508 -0.033485 3.688616 0.027763 -0.295759 0.027763 -0.270651 -0.033485 -0.315290 -5.457602 -0.295759 -5.457602 -0.295759 -7.154035 -0.315291 -7.154035 -0.315291 -7.154035 -0.295759 -7.154035 3.688616 -7.154035 3.708148 -7.154035 3.708148 -7.167987 -0.315291 -7.167987 3.708147 -5.457602 3.708148 -7.154035 3.688616 -7.154035 3.688616 -5.457602 -0.140806 0.117188 0.198998 -0.188774 0.199050 -0.188715 0.223214 -0.161879 0.223214 -0.139226 -0.061563 0.117188 0.199050 -0.188715 0.223214 -0.210473 0.223214 -0.161879 0.223214 -0.210473 0.199050 -0.188715 0.223214 -0.161879 0.223214 -0.161879 0.199050 -0.188715 0.198997 -0.188775 -0.140807 0.117188 -0.061563 0.117188 0.223214 -0.139226 1.698595 -0.033481 1.695829 -0.033481 -0.122768 -0.033478 -0.122768 -0.033484 1.695829 0.019547 1.695829 -0.033481 1.698595 -0.033481 1.698595 0.019547 -0.259487 -0.161879 -0.259487 -0.210473 0.044643 -0.210473 0.044643 -0.161879 0.044643 -0.139226 -0.259487 -0.139226 2.525112 -6.605478 2.525112 -6.988685 3.515625 -6.988685 3.515625 -6.605478 1.698595 -6.988685 2.220982 -6.988685 2.220982 -6.605478 -0.122768 -6.605478 -0.122768 -6.988685 3.515625 -5.516193 -0.122768 -5.516193 -0.122768 -6.605478 2.220982 -6.605478 2.525112 -6.605478 3.515625 -6.605478 1.695829 -7.067526 1.698595 -7.067526 1.698595 -7.066650 1.698595 -7.066444 1.695829 -7.066444 2.525112 -6.988685 2.220982 -6.988685 1.698595 -6.988685 1.698595 -7.066444 1.698595 -7.066650 3.515625 -7.066643 3.515625 -6.988685 1.698595 -6.988685 -0.122768 -6.988685 -0.122768 -7.066436 1.695829 -7.066444 1.698595 -7.066444 -6.796861 -0.281791 -8.292389 -0.281786 -8.348192 -0.281786 -8.348193 -0.882125 -7.413697 -1.723555 -6.796870 -2.278951 -8.292388 0.407372 -8.292389 -0.281786 -6.796861 -0.281791 -6.796857 0.407370 -7.912935 -5.159995 -8.347114 -4.769057 -8.347116 -5.184101 -8.269364 -5.184101 -7.886161 -5.184103 -7.912935 -2.278012 -7.912935 -3.546282 -6.796877 -3.546286 -6.796870 -2.278951 -7.413697 -1.723555 -7.551464 -5.485467 -7.551560 -5.485381 -8.284524 -5.485377 -8.340325 -5.485377 -8.348001 -5.485377 -8.347902 -5.485466 -8.340325 -5.485377 -8.340325 -5.237130 -8.348204 -5.237130 -8.348204 -5.485194 -8.348001 -5.485377 -7.827267 -5.237132 -8.284523 -5.237130 -8.284524 -5.485377 -7.551560 -5.485381 -8.348198 -2.761418 -8.348200 -3.546278 -8.347111 -3.546278 -7.912935 -3.546282 -7.912935 -3.546282 -7.912935 -2.278012 -7.912936 -3.599328 -7.912935 -3.546282 -8.347111 -3.546278 -8.347114 -4.769057 -7.912935 -5.159995 -6.796885 -5.184107 -6.796878 -3.599327 -7.912936 -3.599328 -7.912935 -5.159995 -7.886161 -5.184103 -6.796886 -5.485468 -6.796885 -5.237134 -7.827267 -5.237132 -7.551560 -5.485381 -7.551464 -5.485467 -8.348193 -0.882125 -8.348198 -2.761418 -7.912935 -2.278012 -7.413697 -1.723555 -7.067513 -0.033447 -7.067513 -0.033441 -7.067511 -0.033441 -7.067511 -0.033447 -7.413697 -1.723555 -8.348193 -0.882125 -8.348192 -0.281786 -8.292389 -0.281786 -6.796861 -0.281791 -6.796870 -2.278951 -6.741054 0.407369 -6.796857 0.407370 -6.796857 0.407384 -6.741055 0.407384 -7.912935 -5.159995 -7.886161 -5.184103 -8.269364 -5.184101 -8.347322 -5.184100 -8.347321 -4.768870 -8.347902 -5.485466 -8.348001 -5.485377 -8.340325 -5.485377 -8.284524 -5.485377 -7.551560 -5.485381 -7.551464 -5.485467 -8.348204 -5.237124 -8.340325 -5.237123 -8.340325 -5.485377 -8.348001 -5.485377 -8.348204 -5.485194 -8.284523 -5.237124 -7.827274 -5.237125 -7.551560 -5.485381 -8.284524 -5.485377 -7.912935 -3.546282 -7.912936 -3.546286 -8.347318 -3.546282 -8.348200 -3.546283 -8.348200 -3.543499 -8.348198 -2.761418 -7.912935 -2.278012 -8.347321 -4.768870 -8.347318 -3.546282 -7.912936 -3.546286 -7.912936 -3.599328 -7.912935 -5.159995 -7.912936 -3.599328 -6.796878 -3.599327 -6.796885 -5.184107 -7.886161 -5.184103 -7.912935 -5.159995 -6.796870 -2.278951 -6.796877 -3.546286 -7.912935 -3.546282 -7.912935 -2.278012 -7.413697 -1.723555 -7.551560 -5.485381 -7.827274 -5.237125 -6.796885 -5.237127 -6.796886 -5.485468 -7.551464 -5.485467 -7.912935 -2.278012 -8.348198 -2.761418 -8.348193 -0.882125 -7.413697 -1.723555 -6.796857 0.407370 -6.796861 -0.281791 -8.292389 -0.281786 -8.292388 0.407390 -6.796857 0.407384 0.044643 0.140807 -0.259487 0.140806 -0.259487 0.061563 0.044643 0.061563 2.525112 -0.033593 3.515625 -0.033591 3.515625 -0.281848 2.525112 -0.281848 2.220982 -0.033594 2.220982 -0.033515 2.525112 -0.033515 2.525112 -0.033593 2.525112 -0.281848 2.220982 -0.281848 -0.122768 -0.033598 2.220982 -0.033594 2.220982 -0.281848 -0.122768 -0.281848 3.515625 -0.033543 -0.122768 -0.033550 -0.122768 -0.281797 3.515625 -0.281797 2.525112 -6.773592 2.525112 -6.741077 2.220982 -6.741077 2.220982 -6.773592 -0.122768 -6.796878 -0.122768 -6.741076 2.220982 -6.741076 2.525112 -6.741076 3.515625 -6.741076 3.515625 -6.796878 0.661273 0.407363 3.515625 0.407363 3.515625 -0.281817 0.661273 -0.281817 -0.122768 -0.281817 -0.122768 0.407345 -0.122768 0.407363 -0.122768 0.407363 -0.122768 0.407345 -0.178571 0.407345 -0.178571 0.407363 -0.178571 0.407363 -0.178571 -0.281796 -0.122768 -0.281796 0.661273 -0.281796 3.571435 -0.281796 3.571436 0.407382 -0.178571 0.407382 3.515625 -5.516200 3.515625 -7.011742 0.661272 -7.011742 0.661272 -5.460396 3.515625 -5.460396 3.571434 -5.457606 3.571434 -5.460396 3.515625 -5.460396 0.661272 -5.460396 0.661272 -5.457606 -0.178572 -5.457606 -0.178572 -7.011742 -0.178572 -7.109399 -0.178572 -7.123353 -0.270651 -7.123353 -0.270650 -5.457606 0.661272 -5.460396 0.661272 -7.011742 -0.122768 -7.011742 -0.178572 -7.011742 -0.178572 -5.457606 0.661272 -5.457606 -0.178572 -7.123353 -0.178572 -7.109399 3.571435 -7.109399 3.571435 -7.123353 3.571435 -7.123353 3.571435 -7.109399 3.571435 -7.067545 3.571434 -5.516200 3.571434 -5.460396 3.571434 -5.457606 3.663507 -5.457606 3.663508 -7.123353 -0.178571 -6.796891 -0.122768 -6.796891 -0.122768 -6.838742 -0.178571 -6.838742 3.571435 -6.838742 0.661273 -6.838742 0.661273 -6.797888 3.515625 -6.797871 3.571435 -6.797870 0.661273 -6.741088 3.515625 -6.741088 3.515625 -6.796891 3.515625 -6.797871 0.661273 -6.797888 3.515625 -6.797871 3.515625 -6.796891 3.571435 -6.796891 3.571435 -6.797870 -0.122768 -6.796891 -0.122768 -6.741088 0.661273 -6.741088 0.661273 -6.797888 0.661273 -6.838742 -0.122768 -6.838742 -7.827358 -5.237050 -8.284523 -5.237047 -8.340325 -5.237047 -8.340324 -4.775170 -8.284524 -5.485377 -8.284523 -5.237047 -7.827358 -5.237050 -7.551560 -5.485381 -8.340325 -5.485466 -8.340325 -5.485377 -8.284524 -5.485377 -7.551560 -5.485381 -7.551464 -5.485467 -8.348204 -5.485194 -8.348204 -5.237130 -8.348203 -4.768076 -8.340324 -4.775170 -8.340325 -5.237047 -8.340325 -5.485377 -8.340325 -5.485466 -8.347902 -5.485466 -6.796870 -2.278951 -8.348193 -0.882125 -8.348192 -0.281786 -8.348190 0.407372 -8.292388 0.407372 -6.741054 0.407369 -6.741064 -2.329200 -6.796866 -0.033423 -6.741064 -0.033422 -6.741066 -0.281753 -6.796867 -0.281753 -8.348200 -3.546278 -8.348193 -0.882125 -6.796870 -2.278951 -6.796886 -5.485468 -7.551464 -5.485467 -7.551560 -5.485381 -7.827358 -5.237050 -8.340324 -4.775170 -8.348203 -4.768076 -6.796886 -5.485468 -6.796870 -2.278951 -6.741064 -2.329200 -6.741075 -5.485468 -6.838705 0.407371 -6.796851 0.407372 -6.796853 -0.281786 -6.838704 -0.281786 -6.741048 0.407390 -6.741048 0.407371 -6.796851 0.407372 -6.838705 0.407371 -6.838705 0.407390 -0.122763 0.407346 -0.178571 0.407346 -0.178571 0.407360 -0.122763 0.407360 -0.178571 -5.485534 -0.178571 -2.329243 -0.122768 -2.329243 3.571431 -2.329243 3.571429 -5.485534 -0.122768 -2.329243 -0.122768 0.407346 3.515625 0.407346 3.571434 0.407346 3.571431 -2.329243 -0.178571 0.407346 -0.122768 0.407346 -0.122768 -2.329243 -0.178571 -2.329243 3.515625 -5.237206 -0.122768 -5.237213 -0.122768 -5.485548 3.515625 -5.485548 3.515625 -3.599391 -0.122768 -3.599391 -0.122768 -5.184186 3.515625 -5.184186 -0.122768 -0.281827 -0.122768 -2.279004 -0.122768 -3.546350 3.515625 -3.546350 3.515625 -2.279004 3.515625 -0.281827 3.515625 0.407340 -0.122768 0.407340 -0.122768 -6.741078 -0.122768 -6.796882 3.515625 -6.796882 3.515625 -6.741078 -0.178571 -8.292420 -0.122768 -8.292420 -0.122768 -6.796882 -0.122768 -6.741078 -0.178571 -6.741078 -0.122768 -7.551468 -0.122768 -8.347910 -0.178571 -8.347910 -0.178571 -8.340333 -0.178571 -7.551468 -0.178571 -6.796887 -0.122768 -6.796887 3.571429 -6.796887 3.515625 -6.796887 -0.122768 -6.796887 -0.178571 -6.796887 -0.178571 -6.741075 3.571429 -6.741075 -0.122767 -7.551468 -0.122766 -8.340333 -0.122766 -8.347910 -0.178571 -8.347910 -0.178571 -7.551468 -0.178571 -6.796887 -0.122768 -6.796887 1.651379 1.194180 1.651379 -2.064758 -0.167845 -2.064769 -0.167845 1.194170 1.651380 -0.630585 1.651380 -0.591508 -0.167844 -0.591520 -0.167844 -0.630579 -0.167844 -0.591517 1.651380 -0.591505 1.651380 -0.630588 -0.167844 -0.630581 -0.839293 -0.968640 -0.839290 -1.507702 -0.839289 -1.570125 -0.839289 -1.598897 -0.839281 -2.874669 -0.817204 -2.890272 -0.817213 0.915010 -0.817215 1.671818 -0.839308 1.656204 -0.850075 -1.598912 -0.850072 -0.968722 -0.850062 1.656194 -0.827962 1.671819 -0.827973 -0.105616 -0.827993 -2.890293 -0.850080 -2.874679 -0.167845 -2.064565 -0.167841 -2.064565 -0.167845 -0.075493 -0.167845 1.194115 1.651379 1.194100 1.651379 1.194163 -0.167845 1.194170 1.651379 0.653518 1.651371 -2.064564 1.651379 -2.064564 1.651379 -2.064783 1.651379 -2.064564 1.651371 -2.064564 -0.167841 -2.064565 -0.167845 -2.064565 -0.167845 -2.064774 2.382808 1.671708 2.382805 0.914890 2.382805 1.671708 -0.242175 -0.105729 -0.242178 1.671729 -0.242175 1.671729 1.372957 -0.828122 1.350873 -0.812496 1.350873 -0.812499 1.350857 -3.437479 1.350857 -3.437482 1.372957 -3.421854 0.682494 -0.812521 0.704562 -0.828135 0.704562 -3.421866 0.682478 -3.437483 -0.630586 -2.064691 -0.590519 -2.064691 -0.590515 -0.373850 -0.630587 -0.373849 -0.630563 1.194212 -0.630563 1.194149 -0.630566 0.653571 -0.630579 -2.064487 -0.630580 -2.064705 -0.591496 -2.064705 -0.591486 1.194212 -0.627721 -1.562145 -0.630563 -1.559586 -0.630563 -0.373847 -0.589641 -0.373847 -0.589644 -1.596430 -0.591508 -2.064704 -0.630572 -2.064704 -0.630571 -2.064495 -0.630562 -0.075440 -0.630556 1.194157 -0.630556 1.194213 -0.591498 1.194213 -0.589644 -1.596430 -0.589645 -2.011667 -0.590521 -2.011667 -0.627722 -2.011667 -0.627721 -1.562145 -0.627722 -2.011667 -0.627723 -2.064694 -0.630563 -2.064694 -0.630563 -1.559586 -0.627721 -1.562145 -0.627722 -2.011667 -0.590521 -2.011667 -0.590521 -2.064694 -0.627723 -2.064694 -0.167845 -1.596498 -0.167845 -0.373906 1.649186 -0.373902 1.649186 -1.596498 1.649186 -2.011730 -0.167845 -2.011738 2.220982 -6.546571 2.220982 -7.003824 -0.122768 -7.003820 -0.122768 -6.546562 3.515625 -7.059629 3.515625 -7.067508 3.515625 -7.067510 1.698595 -7.067507 1.695829 -7.067507 -0.122768 -7.067504 -0.122768 -7.067502 -0.122768 -7.059624 2.525112 -6.546572 2.220982 -6.546571 -0.122768 -6.546562 -0.122768 -5.516174 3.515625 -5.516180 3.515625 -6.546576 3.515625 -7.003826 2.525112 -7.003825 2.525112 -6.546572 3.515625 -6.546576 -0.167844 -0.627731 -0.167844 -0.590529 1.649186 -0.590532 1.649186 -0.630598 -0.167844 -0.630571 1.649186 -0.590532 1.649186 -0.590530 1.651379 -0.590530 1.651379 -0.630598 1.651371 -0.630598 1.649186 -0.630598 -0.816995 -2.890987 -0.816995 -2.890568 -0.816995 -0.523389 -0.816995 -0.523376 -0.839064 -0.538974 -0.839067 -1.031204 -0.839074 -2.169340 -0.839078 -2.875370 -0.850119 -2.169335 -0.850122 -1.031198 -0.850123 -0.538968 -0.828015 -0.523338 -0.827991 -2.891014 -0.850117 -2.875365 1.651447 -0.373888 1.651435 -0.373888 1.651452 -2.064735 1.651460 -2.064735 2.379757 -2.890694 2.382910 -2.890694 2.382910 -2.891113 -0.242058 -2.891116 -0.242058 -2.890669 -0.242071 -2.891116 -0.242084 -0.523421 -0.242076 -0.523421 -0.242076 -0.523465 -0.242063 -2.183514 -0.242058 -2.890669 -0.242058 -2.891116 -0.242076 -0.523421 2.382886 -0.523483 2.382886 -0.523498 2.379739 -0.523498 -0.242076 -0.523465 -0.630587 -0.373845 -0.590515 -0.373845 -0.590519 -2.064691 -0.630586 -2.064691 -0.630563 -2.064694 -0.590521 -2.064694 -0.590521 -2.011667 -0.630563 -2.011667 -0.630563 -2.011667 -0.590521 -2.011667 -0.589438 -2.011667 -0.589435 -0.373847 -0.630563 -0.373847 1.650751 -2.011722 1.650751 -1.596675 1.650751 -0.373889 -0.167846 -0.373899 -0.167846 -2.011729 -0.167845 -0.589467 1.650752 -0.589461 1.650752 -0.590550 1.650752 -0.630622 -0.167845 -0.630597 1.651380 -0.590544 1.649186 -0.590544 1.649186 -0.630616 1.651367 -0.630616 1.651380 -0.630616 1.649186 -0.630616 1.649186 -0.590544 1.649186 -0.589661 -0.167844 -0.589671 -0.167844 -0.630595 1.651363 -0.630622 1.650752 -0.630622 1.650752 -0.590550 1.651378 -0.590550 1.651378 -0.630622 1.650751 -0.590536 -0.167846 -0.590533 -0.167846 -0.630575 1.650751 -0.630601 1.651367 -0.630601 1.651378 -0.630601 1.651378 -0.590534 1.650751 -0.590534 1.650751 -0.590536 1.650751 -0.630601 -0.839208 -2.169338 -0.839203 -1.507632 -0.839199 -1.031200 -0.839195 -0.538970 -0.817133 -0.523373 -0.817134 -0.523381 -0.817132 -2.890565 -0.817133 -2.890985 -0.839212 -2.875368 -0.828009 -2.891009 -0.828009 -2.890563 -0.828032 -0.523334 -0.850141 -0.538963 -0.850140 -1.031193 -0.850138 -1.507770 -0.850136 -2.169331 -0.850134 -2.875360 1.651459 -2.064759 1.651448 -2.064759 1.651431 -0.373908 1.651446 -0.373908 -0.242097 -2.890702 -0.242084 -2.890702 -0.242085 -2.816464 -0.242103 -0.523499 -0.242103 -0.523455 -0.242111 -0.523455 2.381973 -0.523525 2.382855 -0.523525 2.382855 -0.523517 -0.242103 -0.523455 -0.242103 -0.523499 2.382880 -2.891147 2.382880 -2.890727 2.381991 -2.890727 -0.242084 -2.890702 -0.242097 -2.890702 -0.242097 -2.891150 0.031636 -0.968863 0.096047 -0.968859 0.096047 -0.539124 0.031635 -0.539124 0.125563 -1.031360 0.125563 -1.507922 0.125563 -1.570425 0.125563 -2.169510 2.367175 -2.169510 2.367177 -1.031361 0.002113 -1.507928 0.031635 -1.507927 0.096047 -1.507923 0.125563 -1.507922 0.125563 -1.031360 0.096047 -1.031360 0.031636 -1.031360 0.002113 -1.031360 0.125563 -2.169510 0.125563 -1.570425 0.096047 -1.570427 0.031635 -1.570429 0.002113 -1.570431 0.002114 -2.169510 0.002113 -1.570431 0.031635 -1.570429 0.031635 -1.507927 0.002113 -1.507928 2.367173 -2.875549 2.367175 -2.169510 0.125563 -2.169510 0.002114 -2.169510 -0.226544 -2.169510 -0.226542 -2.875549 0.002088 -2.169510 0.125537 -2.169510 2.367151 -2.169510 2.367149 -2.875549 -0.226567 -2.875549 -0.226569 -2.169510 0.096047 -1.507923 0.096047 -1.570427 0.125563 -1.570425 0.125563 -1.507922 -0.226547 -1.031360 0.002113 -1.031360 0.031636 -1.031360 0.031636 -0.968863 0.031635 -0.539124 -0.226548 -0.539123 0.096047 -0.539124 0.096047 -0.968859 0.096047 -1.031360 0.125563 -1.031360 2.367177 -1.031361 2.367179 -0.539125 0.002114 -2.169510 0.002113 -1.570431 0.002113 -1.507928 0.002113 -1.031360 -0.226547 -1.031360 -0.226544 -2.169510 0.125537 -1.570425 0.096022 -1.570427 0.096022 -1.507923 0.125537 -1.507922 0.031610 -1.507927 0.031610 -1.570429 0.002088 -1.570431 0.002088 -1.507928 0.002088 -1.570431 0.031610 -1.570429 0.096022 -1.570427 0.125537 -1.570425 0.125537 -2.169510 0.002088 -2.169510 0.125537 -2.169510 0.125537 -1.570425 0.125537 -1.507922 2.367152 -1.507796 2.367151 -2.169510 -0.226571 -1.507941 0.002088 -1.507928 0.002088 -1.570431 0.002088 -2.169510 -0.226569 -2.169510 0.096022 -0.539123 0.096022 -0.968859 0.031610 -0.968863 0.031610 -0.539123 2.367154 -1.031358 0.096022 -1.031360 0.096022 -0.968859 0.096022 -0.539123 2.367155 -0.539122 0.031610 -0.539123 0.031610 -0.968863 0.031610 -1.031360 -0.226572 -1.031360 -0.226574 -0.539123 -0.226572 -1.031360 0.031610 -1.031360 0.096022 -1.031360 2.367154 -1.031358 2.367152 -1.507796 0.125537 -1.507922 0.096022 -1.507923 0.031610 -1.507927 0.002088 -1.507928 -0.226571 -1.507941 2.903081 -3.437501 2.903127 -0.812543 2.925185 -0.828146 2.925186 -3.099279 2.925186 -3.163691 2.925186 -3.421875 2.903081 -3.437509 2.925175 -3.421849 2.925176 -3.163665 2.925176 -3.099253 2.925177 -0.828121 2.903116 -0.812513 2.903070 -3.437475 2.903070 -3.437483 0.704076 -0.828165 0.681996 -0.812550 0.681950 -3.437527 0.704077 -3.421881 0.681955 -3.437488 0.682001 -0.812520 0.704083 -0.828140 0.704082 -3.421855 0.681955 -3.437501 0.002114 -1.031316 0.031636 -1.031314 0.031636 -0.968811 0.002115 -0.968812 0.031635 -1.507878 0.096048 -1.507875 0.125567 -1.507875 0.125567 -1.031309 0.096047 -1.031310 0.031636 -1.031314 0.002114 -1.031316 0.002114 -1.507878 2.367179 -1.570238 0.096048 -1.570379 0.031635 -1.570383 0.031635 -1.599014 2.367179 -1.599010 0.096047 -0.968810 0.096047 -1.031310 0.125567 -1.031309 0.125567 -0.968808 0.031635 -1.599014 0.031635 -1.570383 0.031635 -1.507878 0.002114 -1.507878 0.002114 -1.599014 -0.226552 -0.968819 0.002115 -0.968812 0.031636 -0.968811 0.096047 -0.968810 0.125567 -0.968808 2.367180 -0.968747 2.367182 1.656124 -0.226550 1.656124 0.125567 -1.507875 0.096048 -1.507875 0.096048 -1.570379 2.367179 -1.570238 2.367179 -1.507814 2.367178 -2.874796 2.367179 -1.599010 0.031635 -1.599014 0.002114 -1.599014 -0.226552 -1.599014 -0.226552 -2.874796 -0.226552 -1.599014 0.002114 -1.599014 0.002114 -1.507878 0.002114 -1.031316 0.002115 -0.968812 -0.226552 -0.968819 0.125567 -0.968808 0.125567 -1.031309 0.125567 -1.507875 2.367179 -1.507814 2.367180 -0.968747 0.123047 0.121094 0.123047 -0.507812 0.076172 -0.507812 0.076172 0.121094 0.296875 -0.507812 -0.109375 -0.507812 -0.109375 0.121094 0.296875 0.121094 -0.109375 0.121094 -0.109375 -0.507812 0.296875 -0.507812 0.296875 0.121094 0.123047 0.121094 0.123047 -0.507812 0.076172 -0.507812 0.076172 0.121094 0.296875 -0.507812 -0.109374 -0.507812 -0.109374 0.121094 0.296875 0.121094 -0.109375 0.121094 -0.109375 -0.507812 0.296875 -0.507812 0.296875 0.121094 0.082031 -0.507812 0.076171 -0.507812 0.076171 0.121094 0.082031 0.121094 0.123047 0.121094 0.123047 -0.507812 0.296875 -0.507812 -0.296874 -0.507812 -0.296874 0.121094 0.296875 0.121094 -6.741066 -0.281753 -6.741064 -0.033422 -6.796866 -0.033423 -6.796867 -0.281753 -6.741064 -2.329200 -6.741054 0.407369 -6.796857 0.407370 -6.796886 -5.485468 -6.741075 -5.485468 -0.296875 0.121094 -0.296875 -0.507812 0.296875 -0.507812 0.296875 0.121094 -6.796857 0.407370 -6.796857 0.407384 -8.348191 0.407390 -8.348192 -0.281786 -8.348200 -3.543499 -8.348203 -4.768076 -8.340324 -4.775170 -7.827358 -5.237050 -7.551560 -5.485381 -7.551464 -5.485467 -6.796886 -5.485468 -7.827358 -5.237050 -8.284523 -5.237047 -8.284524 -5.485377 -7.551560 -5.485381 -8.340324 -4.775170 -8.340325 -5.237047 -8.284523 -5.237047 -7.827358 -5.237050 -7.551560 -5.485381 -8.284524 -5.485377 -8.340325 -5.485377 -8.340325 -5.485466 -7.551464 -5.485467 -8.340325 -5.485377 -8.340325 -5.237047 -8.340324 -4.775170 -8.348203 -4.768076 -8.348204 -5.237123 -8.348204 -5.485194 -8.347902 -5.485466 -8.340325 -5.485466 -6.796857 0.407384 -6.796857 0.407370 -6.741054 0.407369 -6.741055 0.407384 -6.838705 0.407390 -6.838704 -0.281786 -6.797832 -0.281786 -6.796853 -0.281786 -6.796852 0.407390 0.296875 -0.507812 0.088541 -0.507812 -0.296876 -0.507812 -0.296876 0.121094 0.088541 0.121094 0.296875 0.121094 -0.296876 0.121094 -0.296876 -0.507812 0.296875 -0.507812 0.296875 0.121094 0.088541 0.123047 -0.296876 0.123046 -0.296876 0.123047 -0.296874 0.082031 0.296875 0.082031 0.296875 0.076172 -0.296875 0.076171 1.312501 0.125001 0.904298 0.125001 0.904298 -0.281249 0.904298 -0.468749 1.906251 -0.468748 1.906251 0.125001 0.636719 0.125000 0.636719 -0.281250 0.636719 -0.468750 1.865235 -0.468750 1.865235 -0.468750 1.865234 0.125000 1.906250 -0.468750 1.906250 -0.468750 1.865235 -0.468750 1.865235 -0.468750 -0.125000 0.125001 -0.124999 -0.083333 -0.124999 0.125001 -0.078124 -0.468750 0.857423 -0.468749 0.857423 -0.281249 0.857423 0.125001 -0.078124 0.125001 0.857423 -0.468749 0.904298 -0.468749 0.904298 -0.281249 0.857423 -0.281249 0.636719 -0.281250 0.589844 -0.281249 0.589844 -0.468750 0.636719 -0.468750 -0.125000 -0.468750 0.589844 -0.468750 0.589844 -0.281249 0.589843 0.125000 -0.125000 0.125000 1.906251 -0.468748 -0.124999 -0.468750 -0.125000 0.125001 1.312501 0.125001 1.906251 0.125001 1.906250 0.125000 1.906250 -0.468750 -0.125000 -0.468750 -0.125000 0.125000 -0.083333 0.064453 -0.468750 0.064453 -0.468750 0.125000 0.125001 0.125000 0.125001 0.064453 0.125001 0.064453 -0.468750 0.064453 -0.468750 0.125000 -0.083333 0.125000 0.125001 0.125000 -0.124999 0.125000 -0.124999 0.064453 -0.078125 0.064453 0.857422 0.064453 0.904297 0.064453 1.906250 0.064453 1.906250 0.125000 0.123046 0.121094 0.123047 0.121094 0.123047 -0.507812 0.123046 -0.507812 0.076172 -0.507812 0.076172 0.121094 0.904297 0.125000 0.857422 0.125000 -0.078125 0.125000 -0.124999 0.125000 -0.124999 0.064453 1.906250 0.064453 1.906250 0.125000 0.125000 0.125000 -0.468750 0.125000 -0.468750 0.064453 -0.468750 0.064453 0.125000 0.064453 -0.468750 0.064453 0.125000 0.064453 0.125000 0.125000 -0.468750 0.125000 -0.468750 0.125000 1.312501 0.125001 -0.125000 0.125001 -0.124999 -0.468750 1.906251 -0.468748 1.906251 0.125001 -0.125000 -0.468750 1.906250 -0.468750 1.906250 0.125000 -0.125000 0.125000 -0.296876 0.123046 0.088541 0.123047 -0.296876 0.123047 0.296875 0.082031 -0.296874 0.082031 -0.296875 0.076171 0.296875 0.076172 -0.124999 -0.083333 -0.125000 0.125001 -0.124999 0.125001 0.589843 0.125000 0.589844 -0.281249 0.589844 -0.468750 -0.125000 -0.468750 -0.125000 0.125000 1.865235 -0.468750 1.865235 -0.468750 0.636719 -0.468750 0.636719 -0.281250 0.636719 0.125000 1.865234 0.125000 0.636719 -0.468750 0.589844 -0.468750 0.589844 -0.281249 0.636719 -0.281250 1.906250 -0.468750 1.906250 -0.468750 1.865235 -0.468750 1.865235 -0.468750 1.312501 0.125001 1.906251 0.125001 1.906251 -0.468748 0.904298 -0.468749 0.904298 -0.281249 0.904298 0.125001 0.857423 0.125001 0.857423 -0.281249 0.857423 -0.468749 -0.078124 -0.468750 -0.078124 0.125001 0.904298 -0.468749 0.857423 -0.468749 0.857423 -0.281249 0.904298 -0.281249 0.589844 0.064453 0.636719 0.064453 1.865235 0.064453 1.906250 0.064453 1.906250 0.125000 -0.125000 0.125000 -0.125000 0.064453 -0.125000 0.064453 1.906250 0.064453 1.906250 0.125000 1.865235 0.125000 0.636719 0.125000 0.589844 0.125000 -0.125000 0.125000 0.125001 0.064453 0.125001 0.125000 -0.468748 0.125000 -0.468748 0.064453 0.125001 0.125000 -0.468748 0.125000 -0.468748 0.064453 0.125001 0.064453 -2.718733 -0.163795 -2.718733 0.163818 3.468743 0.160706 3.468743 -0.160690 0.081444 5.437462 -0.081448 5.437462 -0.080936 -6.937498 0.080933 -6.937498 -0.080933 -0.500214 0.080936 -0.500214 0.212635 -0.308823 0.262871 0.000412 0.212807 0.308548 0.080349 0.501053 -0.080349 0.501053 -0.212780 0.308640 -0.262856 0.000412 -0.212612 -0.308868 -2.805587 0.165199 2.200467 0.165726 2.200471 0.428261 -2.805581 0.428596 2.805705 -0.162560 -2.200344 -0.165176 -2.200348 -0.426445 2.805701 -0.427422 -3.299150 -0.309357 2.585169 -0.309738 2.585169 -0.001022 -3.299149 -0.000122 3.299146 0.308899 -2.585171 0.309479 -2.585171 -0.000229 3.299147 0.000671 3.299145 -0.000137 -2.585173 -0.001038 -2.585173 -0.309814 3.299146 -0.309418 -3.299147 0.000671 2.585171 -0.000229 2.585171 0.309402 -3.299146 0.308807 -2.200362 0.425735 -2.200358 0.163239 2.805695 0.162712 2.805689 0.426071 2.200474 -0.429047 2.200470 -0.167717 -2.805580 -0.165108 -2.805576 -0.430023 6.027344 -0.419664 5.980146 -0.419664 5.728415 -0.419664 5.660156 -0.419664 1.214869 -0.419664 1.214869 0.103069 6.796873 0.103069 6.753902 -0.419664 -0.242257 0.025345 -0.242257 0.022951 -0.238534 -0.490345 -0.156231 -0.490459 -0.156399 -0.488453 -0.285012 -0.605589 -0.402274 -0.093637 -0.402274 -0.091244 -0.342874 -0.090591 -0.283474 -0.605572 -5.128894 -23.070312 -5.128894 -22.557047 -5.128894 -22.554688 -5.085915 -22.554688 -5.042943 -23.070312 -8.667595 -23.070312 -8.672855 -22.557081 -8.672863 -22.557047 -8.672863 -23.070312 -8.672863 -22.554688 -8.672863 -22.557047 -8.672855 -22.557081 -8.552876 -23.070312 -8.551331 -23.070312 -8.612091 -22.554688 9.207024 0.103106 9.207024 -0.419628 10.503880 -0.419628 10.546848 0.103106 7.093759 -20.575270 7.050801 -21.098003 7.136724 -21.098003 7.136724 -20.575270 -0.250141 0.015625 -0.250141 -0.500000 -0.164178 -0.500000 -0.207149 0.015625 -0.250117 -0.416668 -0.250117 0.013020 -0.207145 0.013020 -0.164174 -0.416668 8.730465 -0.349691 8.730465 0.085920 10.546851 0.085920 10.503882 -0.349691 5.050754 -0.419626 5.007785 0.103107 6.480447 0.103107 6.480447 -0.419626 12.480463 0.015625 12.480463 -0.500000 12.480469 -0.500000 12.480469 0.015625 -0.250007 0.015625 -0.250025 0.015625 -0.250025 -0.500000 -0.250007 -0.500000 -0.164064 -0.500000 -0.207036 0.015625 -6.105850 0.103106 -6.105850 -0.419628 -6.105496 -0.419628 -6.105496 0.103106 -6.215228 -0.225208 -6.215228 0.103106 -6.242215 0.103106 9.121067 -0.419628 9.164036 0.103106 -0.867564 0.103106 -0.867564 -0.419628 5.132458 0.015625 13.979080 0.015625 13.979080 -0.500000 5.132458 -0.500000 -0.215206 0.015625 -0.215206 -0.308220 -0.242193 0.015625 -0.105828 -0.500000 -0.105828 0.015625 -0.105474 0.015625 -0.105474 -0.500000 11.007770 0.103100 11.050738 -0.419634 -0.199267 -0.419634 -0.242236 0.103100 11.007808 0.015625 11.050776 -0.500000 11.050782 -0.500000 11.007813 0.015625 0.790324 -0.500000 0.790324 0.015625 -0.242192 0.015625 -0.199224 -0.500000 -0.250001 -0.005014 -0.250026 -0.005014 -0.250026 -0.527748 -0.164064 -0.527748 -0.207035 -0.005014 0.394531 -0.419664 0.384483 -0.419664 0.113728 -0.419664 0.027344 -0.419664 -0.506426 -0.419664 -2.691406 -0.419664 -3.058594 -0.419664 -4.524763 -0.419664 -4.524763 -0.225321 -4.524763 0.103069 1.171879 0.103069 1.128908 -0.419664 -4.524763 0.103069 -4.524763 -0.225321 -4.664062 -0.225315 -6.215178 -0.225245 -6.242167 0.103069 -6.285130 0.103069 -6.285130 -0.225241 -6.285156 -0.225241 -6.285156 0.103069 1.214841 -0.419664 1.214841 0.103069 1.214844 0.103069 1.214844 -0.419664 -5.578125 -0.419664 -5.398438 -0.419664 -4.847656 -0.419664 -4.847656 -0.417631 -4.849606 0.103069 -6.242165 0.103069 -6.199193 -0.419664 1.207012 0.103071 1.205063 -0.417629 1.205055 -0.419662 1.119131 -0.419662 1.164050 0.103071 -3.058594 -0.419664 -2.938482 -0.419664 -2.914408 -0.419664 -2.691406 -0.419664 -0.506426 -0.419664 0.027344 -0.419664 0.240714 -0.419664 0.394531 -0.419664 5.660156 -0.419664 5.790737 -0.419664 5.819287 -0.419664 6.027344 -0.419664 6.753901 -0.419664 6.796872 0.103069 -4.804665 0.103069 -4.761693 -0.419664 1.087310 0.500000 -0.242167 0.499979 -0.285130 0.499979 -0.285156 0.499979 -0.285156 0.500000 -0.285156 0.499979 -0.285130 0.499979 -0.285130 0.414062 -0.285156 0.414062 0.242193 -0.414066 0.215206 -0.414066 0.215206 -0.499991 0.242193 -0.499991 0.285151 -0.499991 0.285151 -0.414066 -12.480463 0.500005 -12.480463 0.500041 -12.480469 0.500041 -12.480469 0.500005 1.150394 -0.414062 1.152344 -0.500000 -0.242165 -0.500000 -0.242165 -0.414062 7.214841 0.414062 7.214841 0.500000 7.214844 0.500000 7.214844 0.414062 2.941406 0.500000 7.171879 0.500000 7.171879 0.414062 1.475237 0.414062 -0.242167 0.414062 -0.242167 0.499979 1.087310 0.500000 18.242195 0.414075 18.285164 0.414075 18.285164 0.500000 18.242195 0.500000 17.209681 0.500005 7.035165 0.500005 6.992196 0.500005 6.992190 0.500005 6.992190 0.414072 6.992196 0.500005 6.992196 0.500055 6.992190 0.500055 6.992190 0.500005 12.796872 -0.414062 12.839844 -0.414062 12.839844 -0.500000 1.195335 -0.500000 1.195335 -0.414062 -14.730483 0.414062 -14.730484 0.500005 -16.546869 0.500005 -16.546869 0.414062 -0.207037 0.328123 -0.250006 0.410149 -0.207037 0.414047 -11.007807 0.414063 -10.964857 0.414063 -10.964857 0.500005 -12.480463 0.500005 -12.480469 0.500005 -12.480469 0.414062 -15.164057 -0.414062 -15.207026 -0.414062 -15.207026 -0.500045 -13.979080 -0.500045 -5.132458 -0.500011 -5.132458 -0.414064 0.105474 -0.499992 0.105828 -0.499992 0.105828 -0.414066 0.105474 -0.414066 -5.128894 14.273449 -5.085915 14.187518 -5.085915 14.273449 -16.546869 -0.414062 -16.589838 -0.414062 -16.589838 -0.500045 -15.207047 -0.500045 -15.207046 -0.414062 12.839844 0.500000 12.839844 0.499962 12.796873 0.499963 12.796873 0.500000 12.796873 0.499963 12.796873 0.414062 7.214869 0.414062 7.214844 0.414062 7.214844 0.500000 12.796873 0.500000 -0.250000 -0.500000 -0.250000 0.015625 -0.164230 -0.497993 -0.164062 -0.500000 -0.000001 9.242413 3.055554 9.242413 3.055554 -0.000011 -0.000001 -0.000011 1.467012 4.963918 1.623262 4.963918 1.623262 9.144165 1.467012 9.144165 -0.000001 9.144165 0.199652 9.144165 1.467012 9.144165 1.623262 9.144165 2.890625 9.144165 3.055554 9.144165 3.055554 9.242413 -0.000001 9.242413 -0.000001 4.963918 0.199652 4.963918 0.199652 9.144165 -0.000001 9.144165 3.055554 4.693999 0.251736 4.693999 0.017361 4.693999 -0.000001 4.693999 -0.000001 4.653723 0.199652 4.653723 1.467012 4.653723 1.623262 4.653723 2.890625 4.653723 3.055554 4.653723 -0.000001 4.928374 0.017361 4.928374 0.251736 4.928374 3.055554 4.928374 3.055554 4.963918 2.890625 4.963918 1.623262 4.963918 1.467012 4.963918 0.199652 4.963918 -0.000001 4.963918 0.017361 4.693999 0.017361 4.928374 -0.000001 4.928374 -0.000001 4.693999 3.055554 4.928374 0.251736 4.928374 0.251736 4.693999 3.055554 4.693999 3.055554 0.473475 2.890625 0.473475 1.623262 0.473475 1.467012 0.473475 0.199652 0.473475 -0.000001 0.473475 -0.000001 -0.000011 3.055554 -0.000011 1.623262 0.473475 1.623262 4.653723 1.467012 4.653723 1.467012 0.473475 2.890625 4.653723 2.890625 0.473475 3.055554 0.473475 3.055554 4.653723 -0.000001 0.473475 0.199652 0.473475 0.199652 4.653723 -0.000001 4.653723 2.890625 9.144165 2.890625 4.963918 3.055554 4.963918 3.055554 9.144165 -0.000005 9.242413 -0.000005 -0.000011 0.086801 -0.000011 0.086801 9.337111 -0.000005 9.337111 0.143227 9.144165 0.143227 4.963918 0.143227 4.928374 0.143227 4.693999 0.143227 4.653723 0.143227 0.473475 0.143227 -0.000011 -0.000002 -0.000011 -0.000002 9.242413 0.013019 9.242413 0.143227 9.242413 0.872394 -0.000011 0.716144 -0.000011 0.716144 9.242413 0.872394 9.242413 0.013019 9.337111 0.013019 9.242413 -0.000002 9.242413 -0.000002 9.337111 -0.000003 9.337111 0.130206 9.337111 0.130206 -0.000011 -0.000003 -0.000011 0.086805 -0.000011 0.000000 -0.000011 0.000000 9.242413 0.086805 9.242413 0.130206 0.473475 0.130206 4.653723 0.130206 4.693999 0.130206 4.928374 0.130206 4.963918 0.130206 9.144165 0.130206 9.242413 -0.000002 9.242413 -0.000002 -0.000011 0.130206 -0.000011 0.703123 -0.000011 0.768228 -0.000011 0.768228 9.242413 0.703123 9.242413 -0.000003 -0.000011 0.143227 -0.000011 0.143227 9.337111 -0.000003 9.337111 1.002602 9.242413 0.911456 9.242413 0.911456 -0.000011 1.002602 -0.000011 0.086805 9.242413 0.086805 9.337111 0.000000 9.337111 0.000000 -0.000011 0.086805 -0.000011 0.347222 0.000001 3.402778 0.000001 3.402778 0.094699 0.347222 0.094699 3.402777 0.091147 3.489582 0.091147 3.489582 0.000002 3.402777 0.000002 0.347221 0.859377 3.402777 0.859377 3.402777 0.729169 0.347221 0.729169 0.347221 0.000002 0.347221 0.156252 3.402777 0.156252 3.402777 0.091147 3.402777 0.000002 -0.000005 9.242413 0.086801 9.242413 0.086801 -0.000011 -0.000005 -0.000011 0.000000 0.757577 3.750000 0.757577 3.750000 0.000001 3.489583 0.000001 3.402778 0.000001 0.347222 0.000001 0.260417 0.000001 0.000000 0.000001 0.260412 8.203114 0.260412 7.981760 0.260412 -0.000011 -0.000005 -0.000011 -0.000005 9.242413 0.260412 9.242413 0.000000 7.981760 0.000000 8.203114 0.000000 9.242413 0.260417 9.242413 0.260417 -0.000011 0.000000 -0.000011 0.260412 0.429676 0.260412 7.981760 0.260412 8.203114 0.260412 9.337111 -0.000005 9.337111 -0.000005 -0.000011 0.260402 -0.000011 0.260412 -0.000011 0.000000 0.000002 0.260417 0.000002 3.402778 0.000002 3.489583 0.000002 3.750000 0.000002 3.750000 0.662880 0.000000 0.662880 0.000000 8.203114 0.000000 7.981760 0.000000 -0.000011 0.260417 -0.000011 0.260417 9.337111 0.000000 9.337111 0.260416 1.002606 0.347221 1.002606 0.347221 0.872397 0.260416 0.872397 3.489582 0.859377 3.402777 0.859377 0.347221 0.859377 0.347221 0.872397 0.347221 1.002606 3.489582 1.002606 0.097656 -0.711696 0.097656 -0.000000 0.011719 -0.000000 0.011719 -0.711696 -0.097656 0.715134 -0.097656 0.003438 -0.011719 0.003438 -0.011719 0.715134 0.097656 -0.711696 0.097656 -0.000000 0.011719 -0.000000 0.011719 -0.711696 -0.097656 0.715134 -0.097656 0.003438 -0.011719 0.003438 -0.011719 0.715134 0.097656 -0.711696 0.097656 -0.000000 0.011719 -0.000000 0.011719 -0.711696 -0.097656 0.715134 -0.097656 0.003438 -0.011719 0.003438 -0.011719 0.715134 0.097656 -0.711696 0.097656 -0.000000 0.011719 -0.000000 0.011719 -0.711696 -0.097656 0.715134 -0.097656 0.003438 -0.011719 0.003438 -0.011719 0.715134 0.097656 -0.711696 0.097656 -0.000000 0.011719 -0.000000 0.011719 -0.711696 -0.097656 0.715134 -0.097656 0.003438 -0.011719 0.003438 -0.011719 0.715134 0.097656 -0.711696 0.097656 -0.000000 0.011719 -0.000000 0.011719 -0.711696 -0.097656 0.715134 -0.097656 0.003438 -0.011719 0.003438 -0.011719 0.715134 0.000000 -0.711696 0.000000 -0.000000 -0.074219 -0.000000 -0.074219 -0.711696 0.000000 -0.000000 0.000000 -2.015625 -0.120335 -2.015625 -0.120335 -1.582031 -0.120335 -1.507812 -0.120335 -0.500000 -0.120335 -0.425781 -0.120335 -0.000000 0.000000 -0.000000 0.000000 -2.015625 -0.120335 -2.015625 -0.120335 -1.582031 -0.120335 -1.507812 -0.120335 -0.500000 -0.120335 -0.425781 -0.120335 -0.000000 0.000000 -0.711696 0.000000 -0.000000 -0.074219 -0.000000 -0.074219 -0.711696 -0.074219 -0.000000 -0.074219 -0.711696 0.000000 -0.711696 0.000000 -0.000000 0.000000 -0.000000 0.000000 -2.015625 -0.120335 -2.015625 -0.120335 -1.582031 -0.120335 -1.507812 -0.120335 -0.500000 -0.120335 -0.425781 -0.120335 -0.000000 0.000000 -0.711696 0.000000 -0.000000 -0.074219 -0.000000 -0.074219 -0.711696 -0.074219 -0.000000 -0.074219 -0.711696 0.000000 -0.711696 0.000000 -0.000000 -0.074219 -0.000000 -0.074219 -0.711696 0.000000 -0.711696 0.000000 -0.000000 0.074219 -0.711696 0.074219 -0.000000 0.000000 -0.000000 0.000000 -0.711696 0.000000 -0.000000 0.000000 -0.711696 0.074219 -0.711696 0.074219 -0.000000 0.074219 -0.711696 0.074219 -0.000000 0.000000 -0.000000 0.000000 -0.711696 0.074219 -0.711696 0.074219 -0.000000 0.000000 -0.000000 0.000000 -0.711696 -0.120335 -1.593750 -0.120335 -1.519531 -0.120335 -0.511719 -0.120335 -0.437500 -0.120335 -0.003906 0.000000 -0.003906 0.000000 -2.019531 -0.120335 -2.019531 0.000000 -0.000000 0.000000 -0.711696 0.074219 -0.711696 0.074219 -0.000000 -0.120335 -1.593750 -0.120335 -1.519531 -0.120335 -0.511719 -0.120335 -0.437500 -0.120335 -0.003906 0.000000 -0.003906 0.000000 -2.019531 -0.120335 -2.019531 0.000000 -0.000000 0.000000 -0.711696 0.074219 -0.711696 0.074219 -0.000000 -0.120335 -1.593750 -0.120335 -1.519531 -0.120335 -0.511719 -0.120335 -0.437500 -0.120335 -0.003906 0.000000 -0.003906 0.000000 -2.019531 -0.120335 -2.019531 -0.078125 2.015625 -0.078125 -0.000000 -0.164062 -0.000000 -0.164062 2.015625 -0.078125 2.015625 -0.078125 -0.000000 -0.164062 -0.000000 -0.164062 2.015625 -0.078125 2.015625 -0.078125 -0.000000 -0.164062 -0.000000 -0.164062 2.015625 0.078125 -0.000000 0.078125 0.425781 0.164062 0.425781 0.164062 -0.000000 0.078125 0.500000 0.078125 1.507812 0.164062 1.507812 0.164062 0.500000 0.078125 1.582031 0.078125 2.015625 0.164062 2.015625 0.164062 1.582031 0.078125 1.582031 0.078125 2.015625 0.164062 2.015625 0.164062 1.582031 0.078125 0.500000 0.078125 1.507812 0.164062 1.507812 0.164062 0.500000 0.078125 -0.000000 0.078125 0.425781 0.164062 0.425781 0.164062 -0.000000 0.078125 -0.000000 0.078125 0.425781 0.164062 0.425781 0.164062 -0.000000 0.078125 1.582031 0.078125 2.015625 0.164062 2.015625 0.164062 1.582031 0.078125 0.500000 0.078125 1.507812 0.164062 1.507812 0.164062 0.500000 0.476521 -0.218750 0.476521 -0.339085 0.523396 -0.339085 0.523396 -0.218750 0.667928 -0.339085 0.667928 -0.218750 0.609334 -0.218750 0.609334 -0.339085 0.523396 -0.218750 0.609334 -0.218750 0.667928 -0.218750 0.667928 0.222656 0.476521 0.222656 0.476521 -0.218750 0.523396 -1.050781 0.609334 -1.050781 0.667928 -1.050781 0.667928 -0.339085 0.609334 -0.339085 0.523396 -0.339085 0.476521 -0.339085 0.476521 -1.050781 0.476521 -0.339085 0.476521 -0.218750 0.523396 -0.218750 0.523396 -0.339085 0.667928 -0.218750 0.667928 -0.339085 0.609334 -0.339085 0.609334 -0.218750 0.667928 0.222656 0.667928 -0.218750 0.609334 -0.218750 0.523396 -0.218750 0.476521 -0.218750 0.476521 0.222656 0.523396 -0.339085 0.609334 -0.339085 0.667928 -0.339085 0.667928 -1.050781 0.609334 -1.050781 0.523396 -1.050781 0.476521 -1.050781 0.476521 -0.339085 0.476521 -0.218750 0.476521 -0.339085 0.523396 -0.339085 0.523396 -0.218750 0.667928 -0.339085 0.667928 -0.218750 0.609334 -0.218750 0.609334 -0.339085 0.523396 -0.218750 0.609334 -0.218750 0.667928 -0.218750 0.667928 0.222656 0.476521 0.222656 0.476521 -0.218750 0.523396 -1.050781 0.609334 -1.050781 0.667928 -1.050781 0.667928 -0.339085 0.609334 -0.339085 0.523396 -0.339085 0.476521 -0.339085 0.476521 -1.050781 0.667928 0.222656 0.667928 -0.218750 0.609334 -0.218750 0.523396 -0.218750 0.476521 -0.218750 0.476521 0.222656 0.523396 -0.339085 0.609334 -0.339085 0.667928 -0.339085 0.667928 -1.050781 0.609334 -1.050781 0.523396 -1.050781 0.476521 -1.050781 0.476521 -0.339085 0.667928 -0.218750 0.667928 -0.339085 0.609334 -0.339085 0.609334 -0.218750 0.476521 -0.339085 0.476521 -0.218750 0.523396 -0.218750 0.523396 -0.339085 0.667928 -0.339085 0.667928 -0.218750 0.609334 -0.218750 0.609334 -0.339085 0.523396 -1.050781 0.609334 -1.050781 0.667928 -1.050781 0.667928 -0.339085 0.609334 -0.339085 0.523396 -0.339085 0.476521 -0.339085 0.476521 -1.050781 0.523396 -0.218750 0.609334 -0.218750 0.667928 -0.218750 0.667928 0.222656 0.476521 0.222656 0.476521 -0.218750 0.476521 -0.218750 0.476521 -0.339085 0.523396 -0.339085 0.523396 -0.218750 0.667928 0.222656 0.667928 -0.218750 0.609334 -0.218750 0.523396 -0.218750 0.476521 -0.218750 0.476521 0.222656 0.667928 -0.218750 0.667928 -0.339085 0.609334 -0.339085 0.609334 -0.218750 0.476521 -0.339085 0.476521 -0.218750 0.523396 -0.218750 0.523396 -0.339085 0.523396 -0.339085 0.609334 -0.339085 0.667928 -0.339085 0.667928 -1.050781 0.609334 -1.050781 0.523396 -1.050781 0.476521 -1.050781 0.476521 -0.339085 0.667928 -1.304688 0.667928 -3.320312 0.476521 -3.320312 0.476521 -1.304688 0.667928 -1.304688 0.667928 -3.320312 0.476521 -3.320312 0.476521 -1.304688 0.667928 -1.304688 0.667928 -3.320312 0.476521 -3.320312 0.476521 -1.304688 -1.164062 -1.187500 -1.050781 -1.187500 -1.050781 -1.304688 -1.050781 -3.320312 -1.050781 -3.437500 -1.164062 -3.437500 -1.164062 -1.187500 -1.050781 -1.187500 -1.050781 -1.304688 -1.050781 -3.320312 -1.050781 -3.437500 -1.164062 -3.437500 -1.187500 0.222656 -1.304688 0.222656 -1.304688 -0.218750 -1.304688 -0.339085 -1.304688 -1.050781 -1.187500 -1.050781 0.222656 -3.437500 0.222656 -3.320312 0.222656 -1.304688 0.222656 -1.187500 0.335938 -1.187500 0.335938 -3.437500 -3.320312 -1.050781 -3.320312 -0.339085 -3.320312 -0.218750 -3.320312 0.222656 -3.437500 0.222656 -3.437500 -1.050781 -1.164062 -1.187500 -1.050781 -1.187500 -1.050781 -1.304688 -1.050781 -3.320312 -1.050781 -3.437500 -1.164062 -3.437500 0.222656 -3.437500 0.222656 -3.320312 0.222656 -1.304688 0.222656 -1.187500 0.335938 -1.187500 0.335938 -3.437500 -1.187500 0.222656 -1.304688 0.222656 -1.304688 -0.218750 -1.304688 -0.339085 -1.304688 -1.050781 -1.187500 -1.050781 -1.187500 0.222656 -1.304688 0.222656 -1.304688 -0.218750 -1.304688 -0.339085 -1.304688 -1.050781 -1.187500 -1.050781 -3.320312 -1.050781 -3.320312 -0.339085 -3.320312 -0.218750 -3.320312 0.222656 -3.437500 0.222656 -3.437500 -1.050781 -3.320312 -1.050781 -3.320312 -0.339085 -3.320312 -0.218750 -3.320312 0.222656 -3.437500 0.222656 -3.437500 -1.050781 0.222656 -3.437500 0.222656 -3.320312 0.222656 -1.304688 0.222656 -1.187500 0.335938 -1.187500 0.335938 -3.437500 0.335938 1.187500 0.222656 1.187500 0.222656 1.304688 0.222656 3.320312 0.222656 3.437500 0.335938 3.437500 -3.320312 0.222656 -3.320312 -0.218750 -3.320312 -0.339085 -3.320312 -1.050781 -3.437500 -1.050781 -3.437500 0.222656 0.335938 1.187500 0.222656 1.187500 0.222656 1.304688 0.222656 3.320312 0.222656 3.437500 0.335938 3.437500 -1.050781 3.320312 -1.050781 1.304688 -1.050781 1.187500 -1.164062 1.187500 -1.164062 3.437500 -1.050781 3.437500 -1.304688 -1.050781 -1.304688 -0.339085 -1.304688 -0.218750 -1.304688 0.222656 -1.187500 0.222656 -1.187500 -1.050781 -1.050781 3.320312 -1.050781 1.304688 -1.050781 1.187500 -1.164062 1.187500 -1.164062 3.437500 -1.050781 3.437500 0.335938 1.187500 0.222656 1.187500 0.222656 1.304688 0.222656 3.320312 0.222656 3.437500 0.335938 3.437500 -3.320312 0.222656 -3.320312 -0.218750 -3.320312 -0.339085 -3.320312 -1.050781 -3.437500 -1.050781 -3.437500 0.222656 -1.304688 -1.050781 -1.304688 -0.339085 -1.304688 -0.218750 -1.304688 0.222656 -1.187500 0.222656 -1.187500 -1.050781 -3.320312 0.222656 -3.320312 -0.218750 -3.320312 -0.339085 -3.320312 -1.050781 -3.437500 -1.050781 -3.437500 0.222656 -1.050781 3.320312 -1.050781 1.304688 -1.050781 1.187500 -1.164062 1.187500 -1.164062 3.437500 -1.050781 3.437500 -1.304688 -1.050781 -1.304688 -0.339085 -1.304688 -0.218750 -1.304688 0.222656 -1.187500 0.222656 -1.187500 -1.050781 -0.609334 -2.894531 -0.523396 -2.894531 -0.523396 -3.320312 -0.609334 -3.320312 -0.667928 -3.320312 -0.667928 -1.304688 -0.609334 -1.304688 -0.609334 -1.738281 -0.609334 -1.812500 -0.609334 -2.820312 -0.609334 -2.894531 -0.609334 -3.320312 -0.476521 -1.304688 -0.476521 -3.320312 -0.523396 -3.320312 -0.523396 -2.894531 -0.523396 -2.820312 -0.523396 -1.812500 -0.523396 -1.738281 -0.523396 -1.304688 -0.609334 -1.812500 -0.523396 -1.812500 -0.523396 -2.820312 -0.609334 -2.820312 -0.476521 -1.304688 -0.476521 -3.320312 -0.523396 -3.320312 -0.523396 -2.894531 -0.523396 -2.820312 -0.523396 -1.812500 -0.523396 -1.738281 -0.523396 -1.304688 -0.609334 -1.812500 -0.523396 -1.812500 -0.523396 -2.820312 -0.609334 -2.820312 -0.667928 -3.320312 -0.667928 -1.304688 -0.609334 -1.304688 -0.609334 -1.738281 -0.609334 -1.812500 -0.609334 -2.820312 -0.609334 -2.894531 -0.609334 -3.320312 -0.523396 -1.304688 -0.523396 -1.738281 -0.609334 -1.738281 -0.609334 -1.304688 -0.523396 -1.304688 -0.523396 -1.738281 -0.609334 -1.738281 -0.609334 -1.304688 -0.609334 -2.894531 -0.523396 -2.894531 -0.523396 -3.320312 -0.609334 -3.320312 -0.523396 -1.304688 -0.523396 -1.738281 -0.609334 -1.738281 -0.609334 -1.304688 -0.609334 -1.812500 -0.523396 -1.812500 -0.523396 -2.820312 -0.609334 -2.820312 -0.609334 -2.894531 -0.523396 -2.894531 -0.523396 -3.320312 -0.609334 -3.320312 -0.667928 -3.320312 -0.667928 -1.304688 -0.609334 -1.304688 -0.609334 -1.738281 -0.609334 -1.812500 -0.609334 -2.820312 -0.609334 -2.894531 -0.609334 -3.320312 -0.476521 -1.304688 -0.476521 -3.320312 -0.523396 -3.320312 -0.523396 -2.894531 -0.523396 -2.820312 -0.523396 -1.812500 -0.523396 -1.738281 -0.523396 -1.304688 -2.091718 -25.341442 -2.018060 -25.430069 -2.018060 -29.433064 -2.091718 -29.521690 0.073500 0.088615 -0.000158 -0.000011 -0.000158 4.180237 0.073500 4.091608 -14.558145 -29.521982 -14.484487 -29.433355 -14.484487 -25.430363 -14.558145 -25.341736 -0.000158 -0.000000 0.073500 0.088627 0.073500 4.091619 -0.000158 4.180248 0.102478 0.052082 -0.000320 -0.000001 -0.000320 1.267361 0.102478 1.215277 11799.255859 235.434799 11799.358398 235.382721 11799.358398 234.219604 11799.255859 234.167526 -0.000330 -0.000001 0.102468 0.052082 0.102468 1.215277 -0.000330 1.267361 11025.254883 235.382721 11025.152344 235.434799 11025.152344 234.167526 11025.254883 234.219604 -0.000158 4.180239 0.073500 4.091612 0.073500 0.088618 -0.000158 -0.000009 16175.068359 -472.935059 16174.995117 -473.023682 16174.995117 -468.844116 16175.068359 -468.932739 15738.746094 -473.023621 15738.819336 -472.935028 15738.819336 -468.932709 15738.746094 -468.844086 -0.000158 -0.000000 0.073500 0.088627 0.073500 4.091620 -0.000158 4.180247 -9.396701 -29.433355 -8.233506 -29.433355 -8.233506 -25.430363 -9.396701 -25.430363 0.000000 4.002994 0.000000 -0.000000 1.163194 -0.000000 1.163194 4.002994 -235.406647 -468.932709 -235.406647 -472.935028 -234.243408 -472.935028 -234.243408 -468.932709 1.163195 -0.000000 1.163195 4.002993 0.000000 4.002993 0.000000 -0.000000 0.000178 1.267360 0.102978 1.215276 0.102978 0.052082 0.000178 -0.000001 16.307203 8.233506 16.204403 8.181423 16.204403 9.448785 16.307203 9.396701 -31.095371 8.181423 -30.992577 8.233506 -30.992577 9.396701 -31.095371 9.448785 0.102549 1.215276 -0.000252 1.267360 -0.000252 -0.000001 0.102549 0.052082 -0.225366 -0.796875 -0.250073 -0.804688 -0.250075 -0.804688 -0.250075 -0.804688 -0.250075 -0.773437 -0.250075 -0.265625 -0.250075 -0.234375 -0.250074 -0.234375 -0.225366 -0.242188 -0.249955 -0.773438 -0.249955 -0.804687 -0.225248 -0.796875 -0.225248 -0.776195 -0.225248 -0.242188 -0.249955 -0.234375 -0.249955 -0.265625 -0.249955 -0.773438 -0.225248 -0.776195 -0.007783 0.473805 -0.007783 0.453125 0.007843 0.453125 0.007843 1.007812 -0.007783 1.007812 0.015629 -0.015625 0.015629 -0.015625 0.015629 -0.523437 0.015629 -0.523437 -0.015619 -0.523438 -0.015619 -0.015625 0.015629 -0.015625 0.015629 0.015625 0.015629 0.015625 0.015629 -0.015625 0.015629 -0.554688 0.004539 -0.554688 0.015629 -0.554688 0.015629 -0.554688 0.015629 -0.554688 0.015629 -0.523437 0.015629 -0.523437 0.015629 -0.554688 -0.234407 -0.250011 -0.234407 -0.250011 -0.234406 -0.250011 -0.209696 -0.242201 -0.234406 -0.250011 -0.234407 -0.218763 -0.209699 -0.226574 -0.234414 -0.243032 -0.234415 -0.238990 -0.234415 -0.250081 -0.234412 -0.250080 -0.234415 -0.218832 -0.234414 -0.243032 -0.234412 -0.250080 -0.209704 -0.242270 -0.209707 -0.226643 -0.302887 -0.484386 -0.436612 -0.500014 -0.436612 -0.437519 -0.302887 -0.453138 -0.302886 -0.453138 -0.302885 -0.484386 -0.437514 -0.500013 -0.303787 -0.484385 -0.303788 -0.453137 -0.437513 -0.437518 -0.366198 -0.453124 -0.366198 -0.484375 -0.499927 -0.500000 -0.499927 -0.437500 -0.366197 -0.453125 -0.366198 -0.453125 -0.366199 -0.453124 -0.366197 -0.453124 -0.366199 -0.453124 -0.366198 -0.453125 -0.366198 -0.484375 -0.499927 -0.500000 -0.499927 -0.437500 -0.366373 -0.453125 -0.366371 -0.453125 -0.366371 -0.453125 -0.366371 -0.484374 -0.366371 -0.453125 -0.500096 -0.437501 -0.500096 -0.500000 -0.366376 -0.484376 -0.366371 -0.484375 -0.366371 -0.484375 -0.366371 -0.453125 -0.366373 -0.453125 -0.500096 -0.437501 -0.500096 -0.500000 0.015629 0.046875 0.046877 0.046875 0.046877 0.046876 0.015629 0.046875 0.039829 0.015625 0.015629 0.015626 0.015629 0.015625 -0.302886 -0.453138 -0.302886 -0.484386 -0.436612 -0.500014 -0.436612 -0.437519 -0.303792 -0.453136 -0.303788 -0.473296 -0.303787 -0.477338 -0.303788 -0.453137 -0.437514 -0.500013 -0.303787 -0.484385 -0.303788 -0.473296 -0.303792 -0.453136 -0.437513 -0.437518 -0.225304 -0.796875 -0.250014 -0.804688 -0.250014 -0.804687 -0.250014 -0.773437 -0.250014 -0.265624 -0.250014 -0.234374 -0.250012 -0.234375 -0.225304 -0.242188 -0.225256 -0.242188 -0.249964 -0.234375 -0.249964 -0.265625 -0.249964 -0.773438 -0.249964 -0.804688 -0.225256 -0.796875 0.007812 1.007812 -0.007812 1.007812 -0.007812 0.453125 0.007812 0.453125 0.015624 -0.015624 0.015624 0.015626 0.015625 0.015626 0.015625 -0.015624 -0.015625 0.015625 -0.005287 0.015625 -0.005287 -0.015625 -0.015625 -0.015625 -0.015625 -0.015625 -0.005287 -0.015625 0.015624 -0.015624 0.015625 -0.015624 0.015625 -0.523437 0.015624 -0.523437 -0.005287 -0.523438 -0.015625 -0.523438 -0.009138 -0.554688 -0.015625 -0.554688 -0.015625 -0.523438 -0.005287 -0.523438 -0.005287 -0.554688 0.015625 -0.554688 -0.009138 -0.554688 -0.005287 -0.554688 0.015624 -0.554687 0.015625 -0.554687 0.015624 -0.554687 0.015624 -0.523437 0.015625 -0.523437 0.015625 -0.554687 -0.234410 -0.249953 -0.234410 -0.249953 -0.234408 -0.249953 -0.209700 -0.242141 -0.234408 -0.249953 -0.234410 -0.229042 -0.234410 -0.218704 -0.209702 -0.226517 -0.209719 -0.242142 -0.209721 -0.226518 -0.234429 -0.218705 -0.234429 -0.225192 -0.234429 -0.249954 -0.225294 -0.007818 -0.249997 -0.000008 -0.249997 -0.027864 -0.249997 -0.031245 -0.250005 -1.007810 -0.250005 -1.039063 -0.250005 -1.039076 -0.225295 -1.031259 -0.225295 -1.031256 -0.250006 -1.039073 -0.250006 -1.039061 -0.250006 -1.007809 -0.249999 -0.031244 -0.249998 -0.031244 -0.225295 -0.028486 -0.249998 -0.026808 -0.249998 -0.000006 -0.225295 -0.007815 -0.225295 -0.028486 -0.249998 -0.031244 0.007813 0.218735 -0.007814 0.218735 -0.007812 1.221506 -0.007812 1.242176 0.007812 1.242176 0.015626 0.222133 0.015625 0.222133 0.015625 0.218753 0.015626 0.218753 0.015626 0.218753 0.015625 0.218753 -0.015622 0.218751 -0.015628 -0.757813 -0.015626 -0.757813 0.015625 -0.757812 0.015629 -0.757812 0.015626 0.249990 -0.015622 0.249989 -0.015622 0.223187 0.015625 0.222133 0.015626 0.222133 0.015625 -0.757812 0.015625 -0.789065 0.015629 -0.789065 0.015629 -0.757812 0.015629 -0.789065 0.015625 -0.789065 -0.015626 -0.789065 -0.015628 -0.789065 -0.015628 -0.789078 0.015629 -0.789078 -0.015626 -0.789065 -0.015626 -0.757813 -0.015628 -0.757813 -0.015628 -0.789065 -0.283783 -0.226565 -0.308486 -0.218754 -0.308486 -0.250002 -0.283783 -0.242189 -0.308533 -0.250005 -0.308534 -0.218748 -0.283821 -0.226562 -0.283821 -0.242190 -0.499952 -0.500000 -0.366225 -0.484371 -0.366225 -0.480990 -0.366226 -0.453124 -0.499953 -0.437501 -0.366227 -0.453126 -0.366226 -0.479938 -0.366226 -0.484374 -0.366226 -0.484374 -0.499953 -0.500005 -0.499954 -0.437503 0.046874 0.046875 0.046874 0.019008 0.015627 0.020062 0.015625 0.020062 0.015625 0.046874 0.015625 0.020062 0.015627 0.020062 0.015627 0.015626 0.015625 0.015626 -0.187502 -0.250000 -0.187501 -0.187501 -0.250000 -0.187501 -0.250000 -0.250003 -0.436557 -0.500001 -0.302830 -0.484376 -0.302830 -0.453127 -0.436557 -0.437502 -0.303739 -0.453176 -0.303740 -0.453176 -0.303740 -0.453174 -0.303739 -0.453174 -0.303740 -0.453174 -0.303740 -0.453176 -0.303739 -0.484423 -0.437469 -0.500049 -0.437469 -0.437551 -0.152920 0.131292 -0.141200 0.122776 -0.133929 0.117492 -0.145666 0.108965 -0.121343 0.178572 -0.114951 0.158900 -0.126615 0.167375 -0.133929 0.172688 -0.125831 0.178572 -0.157398 0.145075 -0.152920 0.131292 -0.145666 0.108965 -0.176383 0.086648 -0.101493 0.172669 -0.110459 0.145075 -0.114951 0.158900 -0.121343 0.178572 -0.107887 0.178572 -0.125831 0.178572 -0.133929 0.172688 -0.141240 0.167375 -0.152907 0.158897 -0.178571 0.140248 -0.178571 0.166123 -0.162389 0.178572 -0.141200 0.122776 -0.126656 0.122776 -0.133929 0.117492 -0.126615 0.167375 -0.141240 0.167375 -0.133929 0.172688 -0.178571 0.016741 -0.178571 0.085057 -0.176383 0.086648 -0.145666 0.108965 -0.133929 0.117492 -0.126656 0.122776 -0.114938 0.131289 -0.089286 0.149926 -0.089286 0.016741 -0.152907 0.158897 -0.157398 0.145075 -0.176383 0.086648 -0.178571 0.085057 -0.178571 0.140248 -0.089286 0.149926 -0.114938 0.131289 -0.110459 0.145075 -0.101493 0.172669 -0.089286 0.161402 -0.178571 0.016741 -0.089286 0.016741 -0.089286 0.161402 -0.107887 0.178572 -0.162389 0.178572 -0.178571 0.166123 -0.082551 0.178571 -0.099163 0.178571 -0.107865 0.178571 -0.107865 0.156250 -0.082551 0.156250 -0.162413 0.178571 -0.182829 0.178571 -0.182829 0.156250 -0.162413 0.156250 0.178571 0.016741 0.178571 0.149926 0.178571 0.161402 0.156250 0.161402 0.156250 0.016741 0.178571 0.016741 0.178571 0.163071 0.156250 0.163071 0.156250 0.016741 0.156250 0.166480 0.178571 0.166480 0.178571 0.016741 0.156250 0.016741 0.178571 0.166123 0.178571 0.140248 0.178571 0.085057 0.178571 0.016741 0.156250 0.016741 0.156250 0.166123 -0.178571 0.016741 -0.178571 0.166480 -0.164062 0.178572 -0.101969 0.178572 -0.089286 0.163071 -0.089286 0.016741 -0.089286 0.163071 -0.101969 0.178572 -0.164062 0.178572 -0.178571 0.166480 -0.178571 0.016741 -0.089286 0.016741 -0.101969 0.156250 -0.101969 0.178571 -0.164062 0.178571 -0.164062 0.156250 -0.107887 0.156250 -0.107887 0.178571 -0.121343 0.178571 -0.125831 0.178571 -0.162389 0.178571 -0.162389 0.156250 -0.081943 0.178571 -0.101972 0.178571 -0.101972 0.156250 -0.081943 0.156250 -0.164023 0.178571 -0.182909 0.178571 -0.182909 0.156250 -0.164023 0.156250 0.965402 -1.886255 0.937500 -1.842670 -0.493862 -1.842670 -0.521763 -1.886255 0.937500 -1.842670 0.965402 -1.886255 -0.521763 -1.886255 -0.493862 -1.842670 -1.830359 -1.842670 -1.741073 -1.842670 0.150668 -1.842670 0.178570 -1.886255 -1.919644 -1.886255 -1.891742 -1.842670 0.178570 -1.886255 0.150668 -1.842670 -1.741073 -1.842670 -1.830359 -1.842670 -1.891742 -1.842670 -1.919644 -1.886255 0.150670 -1.922433 0.150670 -0.491071 -1.741071 -0.491071 -1.741071 -0.878906 -1.741071 -0.901228 -1.741071 -1.453683 -1.741071 -1.476004 -1.741071 -1.922433 -1.741071 -0.491071 -1.830357 -0.491071 -1.830357 -0.878906 -1.741071 -0.878906 -1.830357 -1.453683 -1.741071 -1.453683 -1.741071 -0.901228 -1.830357 -0.901228 -1.830357 -1.922433 -1.741071 -1.922433 -1.741071 -1.476004 -1.830357 -1.476004 -1.830357 -1.476004 -1.830357 -1.453683 -1.830357 -0.901228 -1.830357 -0.878906 -1.830357 -0.491071 -1.891741 -0.491071 -1.891741 -1.922433 -1.830357 -1.922433 -0.238281 -1.320312 0.675781 -1.320312 0.675781 -1.296875 -0.365234 -1.296875 -0.365234 -1.320312 0.675781 -1.296875 0.675781 -1.320312 -0.238281 -1.320312 -0.365234 -1.320312 -0.365234 -1.296875 -1.343750 -1.320312 -1.343750 -1.296875 0.125000 -1.296875 0.125000 -1.320312 -1.343750 -1.296875 -1.343750 -1.320312 0.125000 -1.320312 0.125000 -1.296875 -0.500041 -0.499999 -0.366318 -0.484376 -0.366318 -0.453124 -0.500041 -0.437500 -0.366238 -0.453126 -0.366238 -0.484378 -0.499959 -0.500000 -0.499959 -0.437504 -0.436581 -0.500003 -0.302860 -0.484377 -0.302860 -0.453126 -0.436581 -0.437503 -0.303741 -0.453121 -0.303741 -0.484372 -0.437461 -0.499998 -0.437461 -0.437498 -0.225291 -1.031259 -0.250002 -1.039076 -0.250002 -1.039063 -0.250002 -1.007810 -0.249994 -0.031246 -0.249994 -0.027865 -0.249994 -0.000008 -0.225290 -0.007818 -0.225302 -0.028488 -0.250006 -0.031247 -0.250006 -0.031247 -0.250014 -1.007810 -0.250014 -1.039062 -0.250014 -1.039075 -0.225303 -1.031258 -0.225302 -0.007816 -0.250006 -0.000007 -0.250006 -0.026810 -0.250006 -0.031247 -0.225302 -0.028488 0.007812 1.242177 -0.007812 1.242177 -0.007812 1.221505 -0.007814 0.218735 0.007813 0.218735 -0.015628 -0.757813 -0.015628 -0.789065 -0.015630 -0.789065 -0.015630 -0.757813 -0.015630 -0.789078 -0.015630 -0.789065 -0.015628 -0.789065 0.015623 -0.789065 0.015627 -0.789065 0.015627 -0.789078 0.015627 -0.789065 0.015623 -0.789065 0.015623 -0.757812 0.015627 -0.757812 0.015623 0.218752 0.015623 0.222133 0.015624 0.222133 0.015624 0.218752 0.015623 0.222133 -0.015624 0.223187 -0.015624 0.249990 0.015624 0.249990 0.015624 0.222133 0.015623 -0.757812 -0.015628 -0.757813 -0.015630 -0.757813 -0.015624 0.218750 0.015623 0.218752 0.015624 0.218752 0.015627 -0.757812 -0.308425 -0.250002 -0.308425 -0.218754 -0.283723 -0.226565 -0.283723 -0.242189 -0.308526 -0.218748 -0.308526 -0.250005 -0.283814 -0.242190 -0.283814 -0.226562 -0.366238 -0.453125 -0.366237 -0.480991 -0.366237 -0.484371 -0.499964 -0.500000 -0.499965 -0.437501 -0.499961 -0.500004 -0.366233 -0.484374 -0.366233 -0.484374 -0.366233 -0.479938 -0.366234 -0.453126 -0.499961 -0.437503 0.015626 0.020062 0.015628 0.020062 0.046875 0.019008 0.046875 0.046874 0.015626 0.046874 0.015628 0.015625 0.015628 0.020062 0.015626 0.020062 0.015626 0.015625 -0.187501 -0.187501 -0.187502 -0.250000 -0.250000 -0.250003 -0.250000 -0.187501 -0.302835 -0.453127 -0.302835 -0.484376 -0.436562 -0.500001 -0.436562 -0.437502 -0.303735 -0.453164 -0.303735 -0.453166 -0.303735 -0.453166 -0.303735 -0.453164 -0.437465 -0.500038 -0.303735 -0.484413 -0.303735 -0.453166 -0.303735 -0.453164 -0.437465 -0.437540 -0.366311 -0.453123 -0.366312 -0.484376 -0.500036 -0.499999 -0.500036 -0.437500 -0.499966 -0.500001 -0.366245 -0.484379 -0.366245 -0.453127 -0.499966 -0.437505 -0.302868 -0.453125 -0.302868 -0.484376 -0.436590 -0.500002 -0.436590 -0.437502 -0.437469 -0.499999 -0.303748 -0.484373 -0.303748 -0.453122 -0.437469 -0.437499 -0.302832 -0.484376 -0.436556 -0.500002 -0.436556 -0.437506 -0.302834 -0.453126 -0.302832 -0.453126 -0.302829 -0.484375 -0.437535 -0.500003 -0.303807 -0.484376 -0.303807 -0.463465 -0.303808 -0.453126 -0.437535 -0.437506 -0.366313 -0.453125 -0.366315 -0.453124 -0.366316 -0.453124 -0.366313 -0.453124 -0.366315 -0.453124 -0.366315 -0.484374 -0.500044 -0.500000 -0.500044 -0.437499 -0.366316 -0.453124 -0.366315 -0.453124 -0.366315 -0.484374 -0.500044 -0.500000 -0.500044 -0.437499 -0.366247 -0.484375 -0.366247 -0.484375 -0.366247 -0.453125 -0.499971 -0.437501 -0.499971 -0.500002 -0.366249 -0.453124 -0.366247 -0.453125 -0.366247 -0.453125 -0.366247 -0.484375 -0.366247 -0.453125 -0.366249 -0.453124 -0.499971 -0.437501 -0.499971 -0.500002 0.025963 0.015625 0.025963 0.046875 0.015625 0.046875 0.015625 0.015625 0.015625 0.015625 0.025963 0.015625 0.025963 0.046875 0.015625 0.046875 0.015625 0.015625 0.015625 0.046875 0.025963 0.046875 0.046874 0.046875 0.046874 0.046876 0.015625 0.046875 -0.302832 -0.453126 -0.302831 -0.463465 -0.302831 -0.484375 -0.436556 -0.500002 -0.436556 -0.437506 -0.437535 -0.500003 -0.303807 -0.484376 -0.303807 -0.463465 -0.303808 -0.453126 -0.437535 -0.437506 -0.250093 -0.804644 -0.250101 -0.804645 -0.250100 -0.773395 -0.225392 -0.776152 -0.225392 -0.796834 -0.250102 -0.804644 -0.250102 -0.773395 -0.250102 -0.773395 -0.250101 -0.804645 -0.250100 -0.773395 -0.250102 -0.773395 -0.250102 -0.773395 -0.250104 -0.265583 -0.250103 -0.234336 -0.250102 -0.234337 -0.225394 -0.242150 -0.225392 -0.776152 -0.250101 -0.804646 -0.250102 -0.804644 -0.250101 -0.804645 -0.250093 -0.804644 -0.225358 -0.242231 -0.250064 -0.234418 -0.250064 -0.265666 -0.250062 -0.773481 -0.250062 -0.804733 -0.225356 -0.796921 -0.006511 0.453267 0.009114 0.453265 0.009111 0.473948 0.009052 1.007955 -0.006572 1.007959 -0.015622 -0.015692 0.008789 -0.015691 0.015627 -0.015691 0.015628 -0.015691 0.015627 -0.523508 0.015627 -0.523508 0.005125 -0.523508 -0.015622 -0.523508 0.015627 -0.523508 0.015627 -0.554758 0.015627 -0.523508 0.013272 -0.554759 0.015627 -0.554758 0.015627 -0.554760 -0.012807 -0.554760 0.015627 -0.015691 0.015627 0.015556 0.015628 0.015556 0.015628 -0.015691 -0.015622 -0.523508 0.005125 -0.523508 0.013272 -0.554759 -0.012807 -0.554760 -0.015622 -0.554760 -0.015622 0.015556 0.006458 0.015556 0.008789 -0.015691 -0.015622 -0.015692 -0.234371 -0.249919 -0.234371 -0.249918 -0.234370 -0.249918 -0.234370 -0.249918 -0.209661 -0.242105 -0.234370 -0.249918 -0.234370 -0.249918 -0.234371 -0.240749 -0.234371 -0.218669 -0.209665 -0.226481 -0.234348 -0.218751 -0.234348 -0.221567 -0.234348 -0.250001 -0.234340 -0.249998 -0.209639 -0.242188 -0.209642 -0.226563 -0.366385 -0.453085 -0.366381 -0.453087 -0.366381 -0.484334 -0.500108 -0.499963 -0.500108 -0.437463 -0.366380 -0.453087 -0.366381 -0.453087 -0.366385 -0.453085 -0.366380 -0.453086 0.040782 0.015788 0.038449 0.047035 0.019470 0.047038 0.016368 0.047038 0.016370 0.015790 0.019470 0.047038 0.038449 0.047035 0.047618 0.047034 0.047618 0.047035 -0.302700 -0.484209 -0.436426 -0.499836 -0.436425 -0.437340 -0.302698 -0.452959 -0.302698 -0.456060 -0.302695 -0.484208 -0.437540 -0.500118 -0.303812 -0.484496 -0.303812 -0.477658 -0.303817 -0.453246 -0.437543 -0.437622 -0.366379 -0.484334 -0.366380 -0.484333 -0.366380 -0.453083 -0.366378 -0.453083 -0.366380 -0.453083 -0.366380 -0.484333 -0.500106 -0.499963 -0.500106 -0.437461 0.047481 0.046887 0.047483 0.015636 0.047481 0.046887 0.016233 0.015638 0.045128 0.015636 0.036979 0.046888 0.016232 0.046890 -0.302783 -0.484200 -0.302781 -0.484200 -0.302781 -0.484200 -0.302783 -0.473698 -0.302783 -0.484200 -0.436513 -0.499828 -0.436510 -0.437331 -0.302784 -0.452951 -0.437539 -0.500143 -0.303810 -0.484522 -0.303810 -0.482166 -0.303815 -0.453272 -0.437542 -0.437646 -0.250029 -0.265678 -0.250028 -0.234429 -0.250028 -0.234429 -0.250028 -0.265678 -0.225317 -0.796929 -0.250013 -0.804739 -0.250030 -0.804744 -0.250030 -0.804740 -0.250029 -0.773490 -0.250029 -0.265678 -0.250028 -0.265678 -0.250025 -0.265678 -0.225318 -0.262921 -0.250025 -0.265678 -0.250025 -0.234429 -0.225318 -0.242241 -0.225318 -0.262921 -0.225386 -0.242141 -0.250088 -0.234330 -0.250093 -0.234329 -0.250093 -0.234330 -0.250093 -0.265579 -0.250093 -0.773388 -0.250093 -0.804638 -0.250093 -0.804637 -0.225385 -0.796825 -0.006246 0.453271 0.009379 0.453267 0.009319 0.987277 0.009317 1.007957 -0.006308 1.007961 -0.015623 -0.015653 -0.015622 0.015597 -0.007102 0.015597 -0.009654 -0.015653 -0.007102 0.015597 -0.015622 0.015597 -0.015622 0.015598 -0.002781 0.015598 0.015629 -0.554717 -0.011952 -0.554714 0.015628 -0.554713 0.015629 -0.554713 -0.015623 -0.554714 -0.015624 -0.554714 -0.015624 -0.523465 -0.015623 -0.523465 0.015627 0.015597 0.015627 0.015597 0.015628 -0.015653 0.015627 -0.015653 0.015628 -0.554713 0.015628 -0.523463 0.015629 -0.523463 0.015629 -0.554713 -0.009654 -0.015653 0.015627 -0.015653 0.015628 -0.015653 0.015629 -0.523463 0.015628 -0.523463 -0.015623 -0.523465 -0.015624 -0.523465 -0.015623 -0.015653 -0.234292 -0.218750 -0.234288 -0.218752 -0.234291 -0.230366 -0.234292 -0.231592 -0.234291 -0.250000 -0.234291 -0.250000 -0.234291 -0.250000 -0.209580 -0.242188 -0.234289 -0.249999 -0.234291 -0.230366 -0.234288 -0.218752 -0.209585 -0.226563 -0.234356 -0.226545 -0.234359 -0.222360 -0.234360 -0.249941 -0.234344 -0.249936 -0.234359 -0.218688 -0.234359 -0.218689 -0.234357 -0.218689 -0.234357 -0.218689 -0.234357 -0.218689 -0.234357 -0.218689 -0.234356 -0.226545 -0.234344 -0.249936 -0.209647 -0.242127 -0.209650 -0.226501 -0.366344 -0.484328 -0.366344 -0.453079 -0.500066 -0.437456 -0.500066 -0.499952 0.028142 0.046857 0.047776 0.046854 0.047777 0.046854 0.047777 0.046856 0.022497 0.015607 0.025048 0.046857 0.016526 0.046858 0.016528 0.015609 0.047777 0.046854 0.047776 0.046854 0.047778 0.015605 0.047778 0.015605 -0.302819 -0.483976 -0.302814 -0.465567 -0.302812 -0.464341 -0.302811 -0.483975 -0.302814 -0.452725 -0.302812 -0.461246 -0.302814 -0.465567 -0.302819 -0.483976 -0.436540 -0.499604 -0.436536 -0.437108 -0.500096 -0.437453 -0.366380 -0.453078 -0.366373 -0.453080 -0.366373 -0.484329 -0.500096 -0.499953 -0.366374 -0.453073 -0.366374 -0.484323 -0.500093 -0.499949 -0.500093 -0.437447 -0.366373 -0.484329 -0.366373 -0.453080 -0.366371 -0.453080 -0.366370 -0.484329 -0.366371 -0.453080 -0.366373 -0.453080 -0.366373 -0.453080 -0.366380 -0.453078 -0.366370 -0.453078 -0.500067 -0.499954 -0.366349 -0.484326 -0.366347 -0.484326 -0.366347 -0.453076 -0.500067 -0.437452 -0.366346 -0.484325 -0.366347 -0.484326 -0.366349 -0.484326 -0.366346 -0.484325 -0.366356 -0.484336 -0.366355 -0.453088 -0.500079 -0.437465 -0.500079 -0.499968 -0.500077 -0.499968 -0.366354 -0.484336 -0.366353 -0.453084 -0.500077 -0.437464 0.024212 0.015693 0.016356 0.015695 0.016356 0.015693 -0.302797 -0.452707 -0.302798 -0.483958 -0.436522 -0.499587 -0.436518 -0.437091 -0.303793 -0.453167 -0.303791 -0.456838 -0.303789 -0.461023 -0.303790 -0.453168 -0.437512 -0.500041 -0.303790 -0.484418 -0.303791 -0.456838 -0.303793 -0.453167 -0.437514 -0.437544 -0.225317 -0.242242 -0.250024 -0.234430 -0.250024 -0.265679 -0.225317 -0.262921 -0.250027 -0.234430 -0.250027 -0.234430 -0.250027 -0.265679 -0.250027 -0.265679 -0.225317 -0.262921 -0.250024 -0.265679 -0.250027 -0.265679 -0.250027 -0.265679 -0.250028 -0.773491 -0.250029 -0.804741 -0.250029 -0.804745 -0.250012 -0.804739 -0.225316 -0.796930 -0.225362 -0.796822 -0.250070 -0.804634 -0.250071 -0.804635 -0.250071 -0.773385 -0.250067 -0.265575 -0.250066 -0.234327 -0.250066 -0.234325 -0.250061 -0.234327 -0.225359 -0.242137 -0.006309 1.007391 0.009315 1.007386 0.009318 0.986707 0.009378 0.452697 -0.006248 0.452701 -0.015625 -0.523473 0.015626 -0.523471 0.015627 -0.523471 0.015626 -0.015660 0.015626 -0.015660 -0.009656 -0.015658 -0.015624 -0.015658 -0.015625 -0.523473 0.015626 -0.523471 0.015626 -0.554721 0.015627 -0.554721 0.015627 -0.523471 -0.015625 -0.554722 -0.015625 -0.554722 -0.015625 -0.523473 -0.015625 -0.523473 0.015626 -0.554721 -0.011954 -0.554722 0.015627 -0.554725 0.015627 -0.554721 -0.015624 0.015590 -0.015624 -0.015658 -0.009656 -0.015658 -0.007103 0.015590 -0.015624 0.015591 -0.015624 0.015590 -0.007103 0.015590 -0.002783 0.015591 0.015626 -0.015660 0.015626 0.015590 0.015626 0.015590 0.015626 -0.015660 -0.234279 -0.249999 -0.234279 -0.249999 -0.234279 -0.249999 -0.234277 -0.249998 -0.209568 -0.242186 -0.209573 -0.226561 -0.234276 -0.218750 -0.234279 -0.230364 -0.234279 -0.230364 -0.234276 -0.218750 -0.234280 -0.218749 -0.234280 -0.231590 -0.234446 -0.249939 -0.234444 -0.222358 -0.234442 -0.226543 -0.234430 -0.249934 -0.209733 -0.242125 -0.234430 -0.249934 -0.234442 -0.226543 -0.234443 -0.218688 -0.234443 -0.218687 -0.209735 -0.226499 -0.234444 -0.218687 -0.234444 -0.218687 -0.234443 -0.218687 -0.234443 -0.218688 -0.500068 -0.437458 -0.366345 -0.453081 -0.366345 -0.484331 -0.500067 -0.499954 0.016525 0.046515 0.025046 0.046514 0.022496 0.015265 0.016527 0.015265 0.047775 0.046511 0.047774 0.046511 0.028141 0.046514 0.047775 0.046513 0.047776 0.015262 0.047774 0.046511 0.047775 0.046511 0.047777 0.015262 -0.436698 -0.499602 -0.302978 -0.483974 -0.302972 -0.465565 -0.302970 -0.461245 -0.302972 -0.452723 -0.436694 -0.437106 -0.302970 -0.464339 -0.302972 -0.465565 -0.302978 -0.483974 -0.302969 -0.483973 -0.303800 -0.484376 -0.303800 -0.459095 -0.303801 -0.453126 -0.437524 -0.437505 -0.437524 -0.500001 -0.303798 -0.484374 -0.303796 -0.484373 -0.303796 -0.484374 -0.303800 -0.453124 -0.303799 -0.459093 -0.303799 -0.484374 -0.437523 -0.499999 -0.437523 -0.437503 -0.303797 -0.484375 -0.303799 -0.484376 -0.303797 -0.484376 -0.366372 -0.484329 -0.366372 -0.453080 -0.366379 -0.453078 -0.500095 -0.437453 -0.500095 -0.499953 -0.366372 -0.453080 -0.366372 -0.484329 -0.366369 -0.484329 -0.366370 -0.453080 -0.500093 -0.499951 -0.366374 -0.484324 -0.366374 -0.453074 -0.500093 -0.437449 -0.366379 -0.453078 -0.366372 -0.453080 -0.366372 -0.453080 -0.366370 -0.453080 -0.366369 -0.453078 -0.366348 -0.453076 -0.366348 -0.484326 -0.366350 -0.484326 -0.500068 -0.499954 -0.500068 -0.437452 -0.366350 -0.484326 -0.366348 -0.484326 -0.366347 -0.484325 -0.366347 -0.484325 0.016355 0.015412 0.024210 0.015410 0.016355 0.015410 -0.436665 -0.499585 -0.302941 -0.483957 -0.302940 -0.452706 -0.436661 -0.437089 -0.303706 -0.453165 -0.303704 -0.456836 -0.303703 -0.484416 -0.437425 -0.500039 -0.437428 -0.437543 -0.303702 -0.461022 -0.303704 -0.456836 -0.303706 -0.453165 -0.303703 -0.453166 -0.141536 -0.105469 -0.183607 -0.089844 -0.183607 -0.160156 -0.141536 -0.144531 -0.183607 -0.089844 -0.141536 -0.105469 -0.141536 -0.144531 -0.183607 -0.160156 -0.105482 -0.183594 -0.063411 -0.167969 -0.063411 -0.128906 -0.105482 -0.113281 -0.063411 -0.167969 -0.105482 -0.183594 -0.105482 -0.113281 -0.063411 -0.128906 -0.089844 -0.280200 -0.105469 -0.238129 -0.144531 -0.238129 -0.160156 -0.280200 -0.105469 0.141509 -0.089844 0.183580 -0.160156 0.183580 -0.144531 0.141509 0.105469 -0.264063 0.144532 -0.264063 0.144532 0.035156 0.105469 0.035156 0.035157 0.019531 0.035157 0.279688 -0.035156 0.279688 -0.035156 0.019531 0.063384 -0.428125 0.105455 -0.443750 0.105455 -0.183594 0.105455 -0.113281 0.063384 -0.128906 -0.105455 -0.183594 -0.105455 -0.443750 -0.063384 -0.428125 -0.063384 -0.128906 -0.105455 -0.113281 -0.183580 -0.160156 -0.183580 -0.089844 -0.141509 -0.105469 -0.141509 -0.144531 -0.141509 -0.105469 -0.183580 -0.089844 -0.183580 -0.160156 -0.141509 -0.144531 -0.063384 -0.167969 -0.105455 -0.183594 -0.105455 -0.113281 -0.063384 -0.128906 -0.105455 -0.113281 -0.105455 -0.183594 -0.063384 -0.167969 -0.063384 -0.128906 0.667969 0.796875 -0.953125 0.796875 -0.953125 0.933594 0.667969 0.933594 0.019885 -0.953125 0.019894 0.667969 -0.070312 0.667969 -0.070312 -0.953125 0.019894 0.667969 0.019885 -0.953125 -0.070312 -0.953125 -0.070312 0.667969 -0.953125 0.925781 -0.953125 0.796875 0.667969 0.796875 0.667969 0.933594 -0.930999 0.933594 -0.953125 0.933594 -0.953125 0.933594 -0.177093 0.933594 0.667969 0.933594 0.667969 0.796875 -0.953125 0.796875 0.019894 0.933594 0.019894 0.796875 -0.070312 0.796875 -0.070312 0.933594 0.085938 0.796875 -0.070312 0.796875 -0.070312 0.933594 0.004261 0.933594 0.008167 0.933594 0.085938 0.933594 -0.070312 -0.953125 -0.070312 0.667969 0.085938 0.667969 0.085938 -0.953125 4.457096 -0.000000 4.457096 -0.625000 -0.333523 -0.625000 -0.333523 -0.000000 -4.781254 -0.625000 -4.781254 -0.000000 -4.937501 -0.000000 -4.937501 -0.625000 -4.781286 -0.000000 -4.781286 -0.625000 -4.937473 -0.625000 -4.937473 -0.000000 4.457107 -0.625000 4.457107 -0.000000 -0.333521 -0.000000 -0.333521 -0.625000 -0.343747 -0.000000 -0.343747 -0.625000 2.585940 -0.625000 2.742188 -0.625000 2.742188 -0.000000 2.585973 -0.625000 -0.343738 -0.625000 -0.343738 -0.000000 2.742160 -0.000000 2.742160 -0.625000 0.499893 -0.000000 0.499978 -0.000000 0.499978 -0.625000 -2.742160 -0.625000 -2.742160 -0.000000 0.499978 -0.625000 0.499978 -0.734375 0.499893 -0.734375 0.455775 -0.734375 -2.742160 -0.734375 -2.742160 -0.625000 0.499903 -0.625000 0.499903 -0.000000 -2.742189 -0.000000 -2.742189 -0.625000 0.499903 -0.734375 0.499903 -0.625000 -2.742189 -0.625000 -2.742189 -0.734375 -4.453159 -0.734375 0.485123 -0.734375 0.485123 -0.625000 0.333532 -0.625000 0.333519 -0.625000 -4.457109 -0.625000 -4.457133 -0.625000 -4.608706 -0.625000 -4.608706 -0.734375 0.485123 -0.625000 0.485123 -0.000000 0.333532 -0.000000 0.333532 -0.625000 -4.608706 -0.000000 -4.608706 -0.625000 -4.457133 -0.625000 -4.457133 -0.000000 -4.457107 -0.000000 -4.457107 -0.625000 0.333522 -0.625000 0.333522 -0.000000 -4.606333 -0.000000 -4.606333 -0.625000 -4.608698 -0.625000 -4.608698 -0.000000 -4.606333 -0.625000 -4.606333 -0.734375 -4.608698 -0.734375 -4.608698 -0.625000 -0.333524 -0.000000 -0.333524 -0.625000 4.457096 -0.625000 4.457096 -0.000000 -4.937500 -0.000000 -4.781253 -0.000000 -4.781253 -0.625000 -4.937500 -0.625000 -4.781285 -0.625000 -4.781285 -0.000000 -4.937472 -0.000000 -4.937472 -0.625000 -0.333527 -0.625000 -0.333527 -0.000000 4.457106 -0.000000 4.457106 -0.625000 3.062503 -0.625000 -0.343747 -0.625000 -0.343747 -0.000000 3.218750 -0.000000 3.218750 -0.625000 -4.781283 -4.457107 -4.937470 -4.457108 -4.937498 0.333521 -4.781251 0.333521 -2.742193 0.485126 0.499899 0.485126 0.499899 0.333524 0.343742 0.333524 -2.742192 0.333535 0.499895 -4.608698 0.499895 -4.606331 0.499896 -4.457093 0.343739 -4.457095 -3.218721 -4.457135 -3.218720 -4.608708 0.499980 -4.606331 0.499895 -4.606331 0.499895 -4.608698 0.499980 -4.608698 0.499899 0.333524 0.499889 -4.457093 0.343733 -4.457095 0.343742 0.333524 0.499889 -4.608698 0.499889 -4.606333 0.499974 -4.606333 0.499974 -4.608698 0.343748 0.333525 0.499905 0.333524 0.499905 0.485125 -3.218750 0.485125 -3.218749 0.333541 0.343733 -4.457095 0.499889 -4.457093 0.499889 -4.606333 0.499889 -4.608698 -2.742164 -4.608704 -2.742165 -4.457130 -4.781254 0.333526 -4.937501 0.333527 -4.937474 -4.457107 -4.781287 -4.457107 0.499896 -4.457093 0.499905 0.333524 0.343748 0.333525 0.343739 -4.457095 -0.343738 -0.000000 -0.343738 -0.625000 3.062535 -0.625000 3.218722 -0.625000 3.218722 -0.000000 0.085938 -0.953125 0.085938 -0.930999 0.008164 -0.930999 0.004265 -0.930999 0.004265 -0.953125 0.004263 -0.177093 0.004265 -0.930999 0.008164 -0.930999 0.008167 0.667969 0.004261 0.667969 0.004265 -0.930999 0.004263 -0.177093 -0.070312 -0.177093 -0.070312 -0.953125 0.004265 -0.953125 -3.218721 -4.459558 -3.218749 0.313880 -1.528598 0.313880 -1.528598 -4.459558 -1.528598 -4.459558 -1.528598 0.313880 -1.528598 0.485125 0.499905 0.485125 0.499895 -4.606331 0.499895 -4.608698 -1.528598 -4.608704 0.499895 -4.608698 0.499895 -4.606331 0.499980 -4.606331 0.499980 -4.608698 0.499973 -4.606333 0.499888 -4.606333 0.499888 -4.608698 0.499973 -4.608698 0.455770 -4.453156 0.499888 -4.453156 0.499898 0.485126 -2.742194 0.485126 -2.742166 -4.453156 0.499888 -4.608698 0.499888 -4.606333 0.499888 -4.453156 0.455770 -4.453156 0.455770 -4.608698 -1.528600 -0.734375 0.499893 -0.734375 0.499978 -0.734375 0.499978 -0.625000 -3.218722 -0.625000 -3.218722 -0.734375 0.499978 -0.625000 0.499978 -0.000000 0.499893 -0.000000 -3.218722 -0.000000 -3.218722 -0.625000 0.499903 -0.625000 0.499903 -0.734375 -1.528600 -0.734375 -3.218752 -0.734375 -3.218752 -0.625000 0.499903 -0.000000 0.499903 -0.625000 -3.218752 -0.625000 -3.218752 -0.000000 0.485125 -0.000000 0.485125 -0.625000 0.333541 -0.625000 0.333541 -0.000000 -4.457135 -0.625000 -4.457106 -0.625000 0.333528 -0.625000 0.333541 -0.625000 0.485125 -0.625000 0.485125 -0.734375 0.313880 -0.734375 -4.459558 -0.734375 -4.608708 -0.734375 -4.608708 -0.625000 0.333528 -0.000000 0.333528 -0.625000 -4.457106 -0.625000 -4.457106 -0.000000 -4.608708 -0.000000 -4.457135 -0.000000 -4.457135 -0.625000 -4.608708 -0.625000 -4.606331 -0.734375 -4.606331 -0.625000 -4.608698 -0.625000 -4.608698 -0.734375 -4.606331 -0.625000 -4.606331 -0.000000 -4.608698 -0.000000 -4.608698 -0.625000 2.742165 -4.457131 2.742165 -4.457108 2.585978 -4.457107 2.585978 -4.457129 2.742192 0.333521 2.742192 0.333534 2.585945 0.333534 2.585945 0.333521 3.218749 0.333541 3.218749 0.333528 3.062502 0.333527 3.062502 0.333540 -0.343739 -4.457096 -0.343748 0.333524 3.062502 0.333540 3.062502 0.333527 3.062534 -4.457106 3.062534 -4.457135 -0.343742 0.333523 -0.343733 -4.457096 2.585978 -4.457129 2.585978 -4.457107 2.585945 0.333521 2.585945 0.333534 3.218721 -4.457106 3.218721 -4.457136 3.062534 -4.457135 3.062534 -4.457106 9.843750 0.054585 9.843750 0.054598 -0.343750 0.054598 -0.343750 0.054598 -0.343750 -0.093933 9.843750 -0.093933 9.843750 -15.445356 -0.343750 -15.445356 -0.343750 -18.570354 9.843750 -18.570354 -0.343750 -18.570328 -0.343750 -15.445345 9.843750 -15.445345 9.843750 -18.570328</float_array>
          <technique_common>
            <accessor source="#Detail0-mesh-map0-array" count="7220" stride="2">
              <param name="S" type="float"/>
              <param name="T" type="float"/>
            </accessor>
          </technique_common>
        </source>
        <vertices id="Detail0-mesh-vertices">
          <input semantic="POSITION" source="#Detail0-mesh-positions"/>
        </vertices>
        <triangles material="mat-0" count="41">
          <input semantic="VERTEX" offset="0" source="#Detail0-mesh-vertices"/>
          <input semantic="NORMAL" offset="1" source="#Detail0-mesh-normals"/>
          <input semantic="TEXCOORD" offset="2" source="#Detail0-mesh-map0" set="0"/>
          <p>0 0 0 2 2 2 1 1 1 0 0 0 3 3 3 2 2 2 4 4 4 6 6 6 5 5 5 4 4 4 7 7 7 6 6 6 8 8 8 10 10 10 9 9 9 8 8 8 11 11 11 10 10 10 12 12 12 14 14 14 13 13 13 12 12 12 15 15 15 14 14 14 16 16 16 18 18 18 17 17 17 16 16 16 19 19 19 18 18 18 20 20 20 22 22 22 21 21 21 20 20 20 23 23 23 22 22 22 20 20 20 24 24 24 23 23 23 25 25 25 27 27 27 26 26 26 25 25 25 28 28 28 27 27 27 25 25 25 29 29 29 28 28 28 25 25 25 30 30 30 29 29 29 31 31 31 33 33 33 32 32 32 31 31 31 34 34 34 33 33 33 31 31 31 35 35 35 34 34 34 31 31 31 36 36 36 35 35 35 31 31 31 37 37 37 36 36 36 38 38 38 40 40 40 39 39 39 38 38 38 41 41 41 40 40 40 38 38 38 42 42 42 41 41 41 43 43 43 45 45 45 44 44 44 43 43 43 46 46 46 45 45 45 47 47 47 49 49 49 48 48 48 47 47 47 50 50 50 49 49 49 47 47 47 51 51 51 50 50 50 47 47 47 52 52 52 51 51 51 53 53 53 55 55 55 54 54 54 53 53 53 56 56 56 55 55 55 53 53 53 57 57 57 56 56 56 53 53 53 58 58 58 57 57 57 59 59 59 61 61 61 60 60 60 59 59 59 62 62 62 61 61 61 63 63 63 65 65 65 64 64 64 63 63 63 66 66 66 65 65 65 63 63 63 67 67 67 66 66 66 63 63 63 68 68 68 67 67 67</p>
        </triangles>
        <triangles material="mat-1" count="750">
          <input semantic="VERTEX" offset="0" source="#Detail0-mesh-vertices"/>
          <input semantic="NORMAL" offset="1" source="#Detail0-mesh-normals"/>
          <input semantic="TEXCOORD" offset="2" source="#Detail0-mesh-map0" set="0"/>
          <p>69 69 69 71 71 71 70 70 70 69 69 69 72 72 72 71 71 71 69 69 69 73 73 73 72 72 72 69 69 69 74 74 74 73 73 73 69 69 69 75 75 75 74 74 74 76 76 76 78 78 78 77 77 77 76 76 76 79 79 79 78 78 78 76 76 76 80 80 80 79 79 79 76 76 76 81 81 81 80 80 80 76 76 76 82 82 82 81 81 81 76 76 76 83 83 83 82 82 82 76 76 76 84 84 84 83 83 83 85 85 85 87 87 87 86 86 86 85 85 85 88 88 88 87 87 87 89 89 89 91 91 91 90 90 90 89 89 89 92 92 92 91 91 91 93 93 93 95 95 95 94 94 94 93 93 93 96 96 96 95 95 95 93 93 93 97 97 97 96 96 96 93 93 93 98 98 98 97 97 97 93 93 93 99 99 99 98 98 98 93 93 93 100 100 100 99 99 99 101 101 101 103 103 103 102 102 102 101 101 101 104 104 104 103 103 103 105 105 105 107 107 107 106 106 106 105 105 105 108 108 108 107 107 107 109 109 109 111 111 111 110 110 110 109 109 109 112 112 112 111 111 111 113 113 113 115 115 115 114 114 114 113 113 113 116 116 116 115 115 115 117 117 117 119 119 119 118 118 118 117 117 117 120 120 120 119 119 119 117 117 117 121 121 121 120 120 120 117 117 117 122 122 122 121 121 121 117 117 117 123 123 123 122 122 122 124 124 124 126 126 126 125 125 125 124 124 124 127 127 127 126 126 126 128 128 128 130 130 130 129 129 129 128 128 128 131 131 131 130 130 130 128 128 128 132 132 132 131 131 131 128 128 128 133 133 133 132 132 132 128 128 128 134 134 134 133 133 133 128 128 128 135 135 135 134 134 134 136 136 136 138 138 138 137 137 137 136 136 136 139 139 139 138 138 138 136 136 136 140 140 140 139 139 139 136 136 136 141 141 141 140 140 140 136 136 136 142 142 142 141 141 141 136 136 136 143 143 143 142 142 142 136 136 136 144 144 144 143 143 143 136 136 136 145 145 145 144 144 144 146 146 146 148 148 148 147 147 147 146 146 146 149 149 149 148 148 148 146 146 146 150 150 150 149 149 149 146 146 146 151 151 151 150 150 150 152 152 152 154 154 154 153 153 153 152 152 152 155 155 155 154 154 154 156 156 156 158 158 158 157 157 157 156 156 156 159 159 159 158 158 158 156 156 156 160 160 160 159 159 159 156 156 156 161 161 161 160 160 160 156 156 156 162 162 162 161 161 161 163 163 163 165 165 165 164 164 164 163 163 163 166 166 166 165 165 165 163 163 163 167 167 167 166 166 166 163 163 163 168 168 168 167 167 167 163 163 163 169 169 169 168 168 168 170 170 170 172 172 172 171 171 171 170 170 170 173 173 173 172 172 172 170 170 170 174 174 174 173 173 173 170 170 170 175 175 175 174 174 174 170 170 170 176 176 176 175 175 175 170 170 170 177 177 177 176 176 176 170 170 170 178 178 178 177 177 177 170 170 170 179 179 179 178 178 178 170 170 170 180 180 180 179 179 179 170 170 170 181 181 181 180 180 180 170 170 170 182 182 182 181 181 181 170 170 170 183 183 183 182 182 182 170 170 170 184 184 184 183 183 183 170 170 170 185 185 185 184 184 184 186 186 186 188 188 188 187 187 187 186 186 186 189 189 189 188 188 188 186 186 186 190 190 190 189 189 189 186 186 186 191 191 191 190 190 190 186 186 186 192 192 192 191 191 191 186 186 186 193 193 193 192 192 192 194 194 194 196 196 196 195 195 195 194 194 194 197 197 197 196 196 196 194 194 194 198 198 198 197 197 197 194 194 194 199 199 199 198 198 198 194 194 194 200 200 200 199 199 199 194 194 194 201 201 201 200 200 200 194 194 194 202 202 202 201 201 201 194 194 194 203 203 203 202 202 202 194 194 194 204 204 204 203 203 203 194 194 194 205 205 205 204 204 204 194 194 194 206 206 206 205 205 205 194 194 194 207 207 207 206 206 206 208 208 208 210 210 210 209 209 209 208 208 208 211 211 211 210 210 210 212 212 212 214 214 214 213 213 213 212 212 212 215 215 215 214 214 214 216 216 216 218 218 218 217 217 217 216 216 216 219 219 219 218 218 218 216 216 216 220 220 220 219 219 219 216 216 216 221 221 221 220 220 220 216 216 216 222 222 222 221 221 221 223 223 223 225 225 225 224 224 224 223 223 223 226 226 226 225 225 225 223 223 223 227 227 227 226 226 226 223 223 223 228 228 228 227 227 227 223 223 223 229 229 229 228 228 228 223 223 223 230 230 230 229 229 229 231 231 231 233 233 233 232 232 232 231 231 231 234 234 234 233 233 233 231 231 231 235 235 235 234 234 234 231 231 231 236 236 236 235 235 235 231 231 231 237 237 237 236 236 236 231 231 231 238 238 238 237 237 237 231 231 231 239 239 239 238 238 238 231 231 231 240 240 240 239 239 239 241 241 241 243 243 243 242 242 242 241 241 241 244 244 244 243 243 243 245 245 245 247 247 247 246 246 246 245 245 245 248 248 248 247 247 247 245 245 245 249 249 249 248 248 248 250 250 250 252 252 252 251 251 251 250 250 250 253 253 253 252 252 252 254 254 254 256 256 256 255 255 255 254 254 254 257 257 257 256 256 256 254 254 254 258 258 258 257 257 257 254 254 254 259 259 259 258 258 258 254 254 254 260 260 260 259 259 259 254 254 254 261 261 261 260 260 260 254 254 254 262 262 262 261 261 261 254 254 254 263 263 263 262 262 262 264 264 264 266 266 266 265 265 265 264 264 264 267 267 267 266 266 266 268 268 268 270 270 270 269 269 269 268 268 268 271 271 271 270 270 270 272 272 272 274 274 274 273 273 273 272 272 272 275 275 275 274 274 274 276 276 276 278 278 278 277 277 277 276 276 276 279 279 279 278 278 278 280 280 280 282 282 282 281 281 281 280 280 280 283 283 283 282 282 282 284 284 284 286 286 286 285 285 285 284 284 284 287 287 287 286 286 286 288 288 288 290 290 290 289 289 289 288 288 288 291 291 291 290 290 290 292 292 292 294 294 294 293 293 293 292 292 292 295 295 295 294 294 294 296 296 296 298 298 298 297 297 297 296 296 296 299 299 299 298 298 298 300 300 300 302 302 302 301 301 301 300 300 300 303 303 303 302 302 302 304 304 304 306 306 306 305 305 305 304 304 304 307 307 307 306 306 306 308 308 308 310 310 310 309 309 309 308 308 308 311 311 311 310 310 310 312 312 312 314 314 314 313 313 313 312 312 312 315 315 315 314 314 314 316 316 316 318 318 318 317 317 317 316 316 316 319 319 319 318 318 318 320 320 320 322 322 322 321 321 321 320 320 320 323 323 323 322 322 322 324 324 324 326 326 326 325 325 325 324 324 324 327 327 327 326 326 326 328 328 328 330 330 330 329 329 329 328 328 328 331 331 331 330 330 330 332 332 332 334 334 334 333 333 333 332 332 332 335 335 335 334 334 334 336 336 336 338 338 338 337 337 337 336 336 336 339 339 339 338 338 338 340 340 340 342 342 342 341 341 341 340 340 340 343 343 343 342 342 342 344 344 344 346 346 346 345 345 345 344 344 344 347 347 347 346 346 346 348 348 348 350 350 350 349 349 349 348 348 348 351 351 351 350 350 350 352 352 352 354 354 354 353 353 353 352 352 352 355 355 355 354 354 354 356 356 356 358 358 358 357 357 357 356 356 356 359 359 359 358 358 358 360 360 360 362 362 362 361 361 361 360 360 360 363 363 363 362 362 362 364 364 364 366 366 366 365 365 365 364 364 364 367 367 367 366 366 366 368 368 368 370 370 370 369 369 369 368 368 368 371 371 371 370 370 370 372 372 372 374 374 374 373 373 373 372 372 372 375 375 375 374 374 374 376 376 376 378 378 378 377 377 377 376 376 376 379 379 379 378 378 378 380 380 380 382 382 382 381 381 381 380 380 380 383 383 383 382 382 382 384 384 384 386 386 386 385 385 385 384 384 384 387 387 387 386 386 386 388 388 388 390 390 390 389 389 389 388 388 388 391 391 391 390 390 390 392 392 392 394 394 394 393 393 393 392 392 392 395 395 395 394 394 394 396 396 396 398 398 398 397 397 397 396 396 396 399 399 399 398 398 398 400 400 400 402 402 402 401 401 401 400 400 400 403 403 403 402 402 402 404 404 404 406 406 406 405 405 405 404 404 404 407 407 407 406 406 406 408 408 408 410 410 410 409 409 409 408 408 408 411 411 411 410 410 410 412 412 412 414 414 414 413 413 413 412 412 412 415 415 415 414 414 414 416 416 416 418 418 418 417 417 417 416 416 416 419 419 419 418 418 418 420 420 420 422 422 422 421 421 421 420 420 420 423 423 423 422 422 422 424 424 424 426 426 426 425 425 425 424 424 424 427 427 427 426 426 426 428 428 428 430 430 430 429 429 429 428 428 428 431 431 431 430 430 430 432 432 432 434 434 434 433 433 433 432 432 432 435 435 435 434 434 434 436 436 436 438 438 438 437 437 437 436 436 436 439 439 439 438 438 438 440 440 440 442 442 442 441 441 441 440 440 440 443 443 443 442 442 442 444 444 444 446 446 446 445 445 445 444 444 444 447 447 447 446 446 446 448 448 448 450 450 450 449 449 449 448 448 448 451 451 451 450 450 450 452 452 452 454 454 454 453 453 453 452 452 452 455 455 455 454 454 454 456 456 456 458 458 458 457 457 457 456 456 456 459 459 459 458 458 458 460 460 460 462 462 462 461 461 461 460 460 460 463 463 463 462 462 462 464 464 464 466 466 466 465 465 465 464 464 464 467 467 467 466 466 466 468 468 468 470 470 470 469 469 469 468 468 468 471 471 471 470 470 470 472 472 472 474 474 474 473 473 473 472 472 472 475 475 475 474 474 474 476 476 476 478 478 478 477 477 477 476 476 476 479 479 479 478 478 478 480 480 480 482 482 482 481 481 481 480 480 480 483 483 483 482 482 482 484 484 484 486 486 486 485 485 485 484 484 484 487 487 487 486 486 486 488 488 488 490 490 490 489 489 489 488 488 488 491 491 491 490 490 490 492 492 492 494 494 494 493 493 493 492 492 492 495 495 495 494 494 494 496 496 496 498 498 498 497 497 497 496 496 496 499 499 499 498 498 498 500 500 500 502 502 502 501 501 501 500 500 500 503 503 503 502 502 502 504 504 504 506 506 506 505 505 505 504 504 504 507 507 507 506 506 506 508 508 508 510 510 510 509 509 509 508 508 508 511 511 511 510 510 510 512 512 512 514 514 514 513 513 513 512 512 512 515 515 515 514 514 514 516 516 516 518 518 518 517 517 517 516 516 516 519 519 519 518 518 518 520 520 520 522 522 522 521 521 521 520 520 520 523 523 523 522 522 522 524 524 524 526 526 526 525 525 525 524 524 524 527 527 527 526 526 526 528 528 528 530 530 530 529 529 529 528 528 528 531 531 531 530 530 530 532 532 532 534 534 534 533 533 533 532 532 532 535 535 535 534 534 534 536 536 536 538 538 538 537 537 537 536 536 536 539 539 539 538 538 538 536 536 536 540 540 540 539 539 539 541 541 541 543 543 543 542 542 542 541 541 541 544 544 544 543 543 543 541 541 541 545 545 545 544 544 544 546 546 546 548 548 548 547 547 547 549 549 549 551 551 551 550 550 550 549 549 549 552 552 552 551 551 551 549 549 549 553 553 553 552 552 552 549 549 549 554 554 554 553 553 553 549 549 549 555 555 555 554 554 554 556 556 556 558 558 558 557 557 557 556 556 556 559 559 559 558 558 558 556 556 556 560 560 560 559 559 559 556 556 556 561 561 561 560 560 560 556 556 556 562 562 562 561 561 561 556 556 556 563 563 563 562 562 562 556 556 556 564 564 564 563 563 563 556 556 556 565 565 565 564 564 564 566 566 566 568 568 568 567 567 567 569 569 569 571 571 571 570 570 570 572 572 572 574 574 574 573 573 573 572 572 572 575 575 575 574 574 574 572 572 572 576 576 576 575 575 575 577 577 577 579 579 579 578 578 578 577 577 577 580 580 580 579 579 579 577 577 577 581 581 581 580 580 580 577 577 577 582 582 582 581 581 581 583 583 583 585 585 585 584 584 584 583 583 583 586 586 586 585 585 585 587 587 587 589 589 589 588 588 588 587 587 587 590 590 590 589 589 589 587 587 587 591 591 591 590 590 590 592 592 592 594 594 594 593 593 593 592 592 592 595 595 595 594 594 594 592 592 592 596 596 596 595 595 595 597 597 597 599 599 599 598 598 598 597 597 597 600 600 600 599 599 599 597 597 597 601 601 601 600 600 600 597 597 597 602 602 602 601 601 601 597 597 597 603 603 603 602 602 602 604 604 604 606 606 606 605 605 605 604 604 604 607 607 607 606 606 606 604 604 604 608 608 608 607 607 607 604 604 604 609 609 609 608 608 608 604 604 604 610 610 610 609 609 609 611 611 611 613 613 613 612 612 612 611 611 611 614 614 614 613 613 613 615 615 615 617 617 617 616 616 616 615 615 615 618 618 618 617 617 617 615 615 615 619 619 619 618 618 618 615 615 615 620 620 620 619 619 619 615 615 615 621 621 621 620 620 620 615 615 615 622 622 622 621 621 621 623 623 623 625 625 625 624 624 624 623 623 623 626 626 626 625 625 625 623 623 623 627 627 627 626 626 626 628 628 628 630 630 630 629 629 629 628 628 628 631 631 631 630 630 630 628 628 628 632 632 632 631 631 631 633 633 633 635 635 635 634 634 634 633 633 633 636 636 636 635 635 635 633 633 633 637 637 637 636 636 636 633 633 633 638 638 638 637 637 637 639 639 639 641 641 641 640 640 640 639 639 639 642 642 642 641 641 641 639 639 639 643 643 643 642 642 642 639 639 639 644 644 644 643 643 643 645 645 645 647 647 647 646 646 646 645 645 645 648 648 648 647 647 647 649 649 649 651 651 651 650 650 650 649 649 649 652 652 652 651 651 651 649 649 649 653 653 653 652 652 652 649 649 649 654 654 654 653 653 653 655 655 655 657 657 657 656 656 656 655 655 655 658 658 658 657 657 657 655 655 655 659 659 659 658 658 658 655 655 655 660 660 660 659 659 659 655 655 655 661 661 661 660 660 660 655 655 655 662 662 662 661 661 661 655 655 655 663 663 663 662 662 662 664 664 664 666 666 666 665 665 665 664 664 664 667 667 667 666 666 666 664 664 664 668 668 668 667 667 667 664 664 664 669 669 669 668 668 668 664 664 664 670 670 670 669 669 669 664 664 664 671 671 671 670 670 670 672 672 672 674 674 674 673 673 673 672 672 672 675 675 675 674 674 674 676 676 676 678 678 678 677 677 677 676 676 676 679 679 679 678 678 678 680 680 680 682 682 682 681 681 681 680 680 680 683 683 683 682 682 682 684 684 684 686 686 686 685 685 685 684 684 684 687 687 687 686 686 686 684 684 684 688 688 688 687 687 687 684 684 684 689 689 689 688 688 688 690 690 690 692 692 692 691 691 691 690 690 690 693 693 693 692 692 692 694 694 694 696 696 696 695 695 695 694 694 694 697 697 697 696 696 696 698 698 698 700 700 700 699 699 699 698 698 698 701 701 701 700 700 700 698 698 698 702 702 702 701 701 701 698 698 698 703 703 703 702 702 702 704 704 704 706 706 706 705 705 705 704 704 704 707 707 707 706 706 706 704 704 704 708 708 708 707 707 707 704 704 704 709 709 709 708 708 708 710 710 710 712 712 712 711 711 711 710 710 710 713 713 713 712 712 712 714 714 714 716 716 716 715 715 715 714 714 714 717 717 717 716 716 716 714 714 714 718 718 718 717 717 717 719 719 719 721 721 721 720 720 720 719 719 719 722 722 722 721 721 721 719 719 719 723 723 723 722 722 722 724 724 724 726 726 726 725 725 725 724 724 724 727 727 727 726 726 726 724 724 724 728 728 728 727 727 727 724 724 724 729 729 729 728 728 728 730 730 730 732 732 732 731 731 731 730 730 730 733 733 733 732 732 732 730 730 730 734 734 734 733 733 733 735 735 735 737 737 737 736 736 736 735 735 735 738 738 738 737 737 737 735 735 735 739 739 739 738 738 738 735 735 735 740 740 740 739 739 739 741 741 741 743 743 743 742 742 742 741 741 741 744 744 744 743 743 743 745 745 745 747 747 747 746 746 746 745 745 745 748 748 748 747 747 747 745 745 745 749 749 749 748 748 748 750 750 750 752 752 752 751 751 751 750 750 750 753 753 753 752 752 752 750 750 750 754 754 754 753 753 753 755 755 755 757 757 757 756 756 756 755 755 755 758 758 758 757 757 757 759 759 759 761 761 761 760 760 760 759 759 759 762 762 762 761 761 761 759 759 759 763 763 763 762 762 762 764 764 764 766 766 766 765 765 765 764 764 764 767 767 767 766 766 766 764 764 764 768 768 768 767 767 767 764 764 764 769 769 769 768 768 768 770 770 770 772 772 772 771 771 771 770 770 770 773 773 773 772 772 772 774 774 774 776 776 776 775 775 775 774 774 774 777 777 777 776 776 776 774 774 774 778 778 778 777 777 777 779 779 779 781 781 781 780 780 780 779 779 779 782 782 782 781 781 781 779 779 779 783 783 783 782 782 782 784 784 784 786 786 786 785 785 785 784 784 784 787 787 787 786 786 786 784 784 784 788 788 788 787 787 787 789 789 789 791 791 791 790 790 790 789 789 789 792 792 792 791 791 791 793 793 793 795 795 795 794 794 794 793 793 793 796 796 796 795 795 795 793 793 793 797 797 797 796 796 796 798 798 798 800 800 800 799 799 799 798 798 798 801 801 801 800 800 800 802 802 802 804 804 804 803 803 803 802 802 802 805 805 805 804 804 804 802 802 802 806 806 806 805 805 805 807 807 807 809 809 809 808 808 808 807 807 807 810 810 810 809 809 809 811 811 811 813 813 813 812 812 812 811 811 811 814 814 814 813 813 813 815 815 815 817 817 817 816 816 816 818 818 818 820 820 820 819 819 819 818 818 818 821 821 821 820 820 820 818 818 818 822 822 822 821 821 821 823 823 823 825 825 825 824 824 824 823 823 823 826 826 826 825 825 825 827 827 827 829 829 829 828 828 828 827 827 827 830 830 830 829 829 829 827 827 827 831 831 831 830 830 830 832 832 832 834 834 834 833 833 833 832 832 832 835 835 835 834 834 834 832 832 832 836 836 836 835 835 835 832 832 832 837 837 837 836 836 836 832 832 832 838 838 838 837 837 837 839 839 839 841 841 841 840 840 840 839 839 839 842 842 842 841 841 841 843 843 843 845 845 845 844 844 844 843 843 843 846 846 846 845 845 845 847 847 847 849 849 849 848 848 848 847 847 847 850 850 850 849 849 849 847 847 847 851 851 851 850 850 850 847 847 847 852 852 852 851 851 851 847 847 847 853 853 853 852 852 852 854 854 854 856 856 856 855 855 855 854 854 854 857 857 857 856 856 856 854 854 854 858 858 858 857 857 857 854 854 854 859 859 859 858 858 858 860 860 860 862 862 862 861 861 861 860 860 860 863 863 863 862 862 862 864 864 864 866 866 866 865 865 865 864 864 864 867 867 867 866 866 866 864 864 864 868 868 868 867 867 867 864 864 864 869 869 869 868 868 868 870 870 870 872 872 872 871 871 871 870 870 870 873 873 873 872 872 872 870 870 870 874 874 874 873 873 873 870 870 870 875 875 875 874 874 874 870 870 870 876 876 876 875 875 875 877 877 877 879 879 879 878 878 878 880 880 880 882 882 882 881 881 881 880 880 880 883 883 883 882 882 882 884 884 884 886 886 886 885 885 885 884 884 884 887 887 887 886 886 886 884 884 884 888 888 888 887 887 887 884 884 884 889 889 889 888 888 888 890 890 890 892 892 892 891 891 891 890 890 890 893 893 893 892 892 892 890 890 890 894 894 894 893 893 893 895 895 895 897 897 897 896 896 896 895 895 895 898 898 898 897 897 897 895 895 895 899 899 899 898 898 898 900 900 900 902 902 902 901 901 901 900 900 900 903 903 903 902 902 902 904 904 904 906 906 906 905 905 905 904 904 904 907 907 907 906 906 906 908 908 908 910 910 910 909 909 909 908 908 908 911 911 911 910 910 910 912 912 912 914 914 914 913 913 913 912 912 912 915 915 915 914 914 914 912 912 912 916 916 916 915 915 915 917 917 917 919 919 919 918 918 918 917 917 917 920 920 920 919 919 919 917 917 917 921 921 921 920 920 920 917 917 917 922 922 922 921 921 921 917 917 917 923 923 923 922 922 922 917 917 917 924 924 924 923 923 923 917 917 917 925 925 925 924 924 924 917 917 917 926 926 926 925 925 925 917 917 917 927 927 927 926 926 926 917 917 917 928 928 928 927 927 927 929 929 929 931 931 931 930 930 930 932 932 932 934 934 934 933 933 933 932 932 932 935 935 935 934 934 934 936 936 936 938 938 938 937 937 937 936 936 936 939 939 939 938 938 938 936 936 936 940 940 940 939 939 939 936 936 936 941 941 941 940 940 940 942 942 942 944 944 944 943 943 943 942 942 942 945 945 945 944 944 944 942 942 942 946 946 946 945 945 945 947 947 947 949 949 949 948 948 948 947 947 947 950 950 950 949 949 949 947 947 947 951 951 951 950 950 950 947 947 947 952 952 952 951 951 951 947 947 947 953 953 953 952 952 952 947 947 947 954 954 954 953 953 953 947 947 947 955 955 955 954 954 954 947 947 947 956 956 956 955 955 955 957 957 957 959 959 959 958 958 958 957 957 957 960 960 960 959 959 959 957 957 957 961 961 961 960 960 960 957 957 957 962 962 962 961 961 961 963 963 963 965 965 965 964 964 964 963 963 963 966 966 966 965 965 965 967 967 967 969 969 969 968 968 968 967 967 967 970 970 970 969 969 969 967 967 967 971 971 971 970 970 970 967 967 967 972 972 972 971 971 971 967 967 967 973 973 973 972 972 972 967 967 967 974 974 974 973 973 973 975 975 975 977 977 977 976 976 976 975 975 975 978 978 978 977 977 977 975 975 975 979 979 979 978 978 978 975 975 975 980 980 980 979 979 979 975 975 975 981 981 981 980 980 980 982 982 982 984 984 984 983 983 983 982 982 982 985 985 985 984 984 984 982 982 982 986 986 986 985 985 985 982 982 982 987 987 987 986 986 986 982 982 982 988 988 988 987 987 987 989 989 989 991 991 991 990 990 990 989 989 989 992 992 992 991 991 991 993 993 993 995 995 995 994 994 994 996 996 996 998 998 998 997 997 997 996 996 996 999 999 999 998 998 998 996 996 996 1000 1000 1000 999 999 999 1001 1001 1001 1003 1003 1003 1002 1002 1002 1001 1001 1001 1004 1004 1004 1003 1003 1003 1001 1001 1001 1005 1005 1005 1004 1004 1004 1006 1006 1006 1008 1008 1008 1007 1007 1007 1006 1006 1006 1009 1009 1009 1008 1008 1008 1006 1006 1006 1010 1010 1010 1009 1009 1009 1011 1011 1011 1013 1013 1013 1012 1012 1012 1011 1011 1011 1014 1014 1014 1013 1013 1013 1015 1015 1015 1017 1017 1017 1016 1016 1016 1015 1015 1015 1018 1018 1018 1017 1017 1017 1015 1015 1015 1019 1019 1019 1018 1018 1018 1020 1020 1020 1022 1022 1022 1021 1021 1021 1020 1020 1020 1023 1023 1023 1022 1022 1022 1020 1020 1020 1024 1024 1024 1023 1023 1023 1020 1020 1020 1025 1025 1025 1024 1024 1024 1026 1026 1026 1028 1028 1028 1027 1027 1027 1026 1026 1026 1029 1029 1029 1028 1028 1028 1026 1026 1026 1030 1030 1030 1029 1029 1029 1026 1026 1026 1031 1031 1031 1030 1030 1030 1026 1026 1026 1032 1032 1032 1031 1031 1031 1026 1026 1026 1033 1033 1033 1032 1032 1032 1034 1034 1034 1036 1036 1036 1035 1035 1035 1034 1034 1034 1037 1037 1037 1036 1036 1036 1034 1034 1034 1038 1038 1038 1037 1037 1037 1034 1034 1034 1039 1039 1039 1038 1038 1038 1034 1034 1034 1040 1040 1040 1039 1039 1039 1034 1034 1034 1041 1041 1041 1040 1040 1040 1042 1042 1042 1044 1044 1044 1043 1043 1043 1042 1042 1042 1045 1045 1045 1044 1044 1044 1042 1042 1042 1046 1046 1046 1045 1045 1045 1047 1047 1047 1049 1049 1049 1048 1048 1048 1047 1047 1047 1050 1050 1050 1049 1049 1049 1051 1051 1051 1053 1053 1053 1052 1052 1052 1051 1051 1051 1054 1054 1054 1053 1053 1053 1055 1055 1055 1057 1057 1057 1056 1056 1056 1055 1055 1055 1058 1058 1058 1057 1057 1057 1059 1059 1059 1061 1061 1061 1060 1060 1060 1059 1059 1059 1062 1062 1062 1061 1061 1061 1059 1059 1059 1063 1063 1063 1062 1062 1062 1059 1059 1059 1064 1064 1064 1063 1063 1063 1059 1059 1059 1065 1065 1065 1064 1064 1064 1059 1059 1059 1066 1066 1066 1065 1065 1065 1067 1067 1067 1069 1069 1069 1068 1068 1068 1067 1067 1067 1070 1070 1070 1069 1069 1069 1071 1071 1071 1073 1073 1073 1072 1072 1072 1071 1071 1071 1074 1074 1074 1073 1073 1073 1071 1071 1071 1075 1075 1075 1074 1074 1074 1071 1071 1071 1076 1076 1076 1075 1075 1075 1071 1071 1071 1077 1077 1077 1076 1076 1076 1078 1078 1078 1080 1080 1080 1079 1079 1079 1078 1078 1078 1081 1081 1081 1080 1080 1080 1078 1078 1078 1082 1082 1082 1081 1081 1081 1083 1083 1083 1085 1085 1085 1084 1084 1084 1083 1083 1083 1086 1086 1086 1085 1085 1085 1083 1083 1083 1087 1087 1087 1086 1086 1086 1083 1083 1083 1088 1088 1088 1087 1087 1087 1083 1083 1083 1089 1089 1089 1088 1088 1088 1083 1083 1083 1090 1090 1090 1089 1089 1089 1083 1083 1083 1091 1091 1091 1090 1090 1090 1083 1083 1083 1092 1092 1092 1091 1091 1091 1083 1083 1083 1093 1093 1093 1092 1092 1092 1083 1083 1083 1094 1094 1094 1093 1093 1093 1083 1083 1083 1095 1095 1095 1094 1094 1094 1096 1096 1096 1098 1098 1098 1097 1097 1097 1096 1096 1096 1099 1099 1099 1098 1098 1098 1100 1100 1100 1102 1102 1102 1101 1101 1101 1100 1100 1100 1103 1103 1103 1102 1102 1102 1104 1104 1104 1106 1106 1106 1105 1105 1105 1104 1104 1104 1107 1107 1107 1106 1106 1106 1108 1108 1108 1110 1110 1110 1109 1109 1109 1108 1108 1108 1111 1111 1111 1110 1110 1110 1108 1108 1108 1112 1112 1112 1111 1111 1111 1108 1108 1108 1113 1113 1113 1112 1112 1112 1108 1108 1108 1114 1114 1114 1113 1113 1113 1108 1108 1108 1115 1115 1115 1114 1114 1114 1116 1116 1116 1118 1118 1118 1117 1117 1117 1116 1116 1116 1119 1119 1119 1118 1118 1118 1120 1120 1120 1122 1122 1122 1121 1121 1121 1120 1120 1120 1123 1123 1123 1122 1122 1122 1124 1124 1124 1126 1126 1126 1125 1125 1125 1124 1124 1124 1127 1127 1127 1126 1126 1126 1128 1128 1128 1130 1130 1130 1129 1129 1129 1128 1128 1128 1131 1131 1131 1130 1130 1130 1128 1128 1128 1132 1132 1132 1131 1131 1131 1128 1128 1128 1133 1133 1133 1132 1132 1132 1128 1128 1128 1134 1134 1134 1133 1133 1133 1135 1135 1135 1137 1137 1137 1136 1136 1136 1135 1135 1135 1138 1138 1138 1137 1137 1137 1135 1135 1135 1139 1139 1139 1138 1138 1138 1140 1140 1140 1142 1142 1142 1141 1141 1141 1140 1140 1140 1143 1143 1143 1142 1142 1142 1140 1140 1140 1144 1144 1144 1143 1143 1143 1140 1140 1140 1145 1145 1145 1144 1144 1144 1146 1146 1146 1148 1148 1148 1147 1147 1147 1146 1146 1146 1149 1149 1149 1148 1148 1148 1146 1146 1146 1150 1150 1150 1149 1149 1149 1146 1146 1146 1151 1151 1151 1150 1150 1150 1152 1152 1152 1154 1154 1154 1153 1153 1153 1152 1152 1152 1155 1155 1155 1154 1154 1154 1156 1156 1156 1158 1158 1158 1157 1157 1157 1156 1156 1156 1159 1159 1159 1158 1158 1158 1156 1156 1156 1160 1160 1160 1159 1159 1159 1156 1156 1156 1161 1161 1161 1160 1160 1160 1156 1156 1156 1162 1162 1162 1161 1161 1161 1156 1156 1156 1163 1163 1163 1162 1162 1162 1164 1164 1164 1166 1166 1166 1165 1165 1165 1164 1164 1164 1167 1167 1167 1166 1166 1166 1168 1168 1168 1170 1170 1170 1169 1169 1169 1168 1168 1168 1171 1171 1171 1170 1170 1170 1168 1168 1168 1172 1172 1172 1171 1171 1171 1173 1173 1173 1175 1175 1175 1174 1174 1174 1173 1173 1173 1176 1176 1176 1175 1175 1175 1173 1173 1173 1177 1177 1177 1176 1176 1176 1178 1178 1178 1180 1180 1180 1179 1179 1179 1178 1178 1178 1181 1181 1181 1180 1180 1180 1178 1178 1178 1182 1182 1182 1181 1181 1181 1178 1178 1178 1183 1183 1183 1182 1182 1182 1184 1184 1184 1186 1186 1186 1185 1185 1185 1184 1184 1184 1187 1187 1187 1186 1186 1186 1188 1188 1188 1190 1190 1190 1189 1189 1189 1188 1188 1188 1191 1191 1191 1190 1190 1190 1188 1188 1188 1192 1192 1192 1191 1191 1191 1193 1193 1193 1195 1195 1195 1194 1194 1194 1193 1193 1193 1196 1196 1196 1195 1195 1195 1193 1193 1193 1197 1197 1197 1196 1196 1196 1193 1193 1193 1198 1198 1198 1197 1197 1197 1193 1193 1193 1199 1199 1199 1198 1198 1198 1200 1200 1200 1202 1202 1202 1201 1201 1201 1200 1200 1200 1203 1203 1203 1202 1202 1202 1200 1200 1200 1204 1204 1204 1203 1203 1203 1200 1200 1200 1205 1205 1205 1204 1204 1204 1200 1200 1200 1206 1206 1206 1205 1205 1205 1200 1200 1200 1207 1207 1207 1206 1206 1206 1200 1200 1200 1208 1208 1208 1207 1207 1207 1200 1200 1200 1209 1209 1209 1208 1208 1208 1200 1200 1200 1210 1210 1210 1209 1209 1209 1200 1200 1200 1211 1211 1211 1210 1210 1210 1200 1200 1200 1212 1212 1212 1211 1211 1211 1200 1200 1200 1213 1213 1213 1212 1212 1212 1200 1200 1200 1214 1214 1214 1213 1213 1213 1200 1200 1200 1215 1215 1215 1214 1214 1214 1200 1200 1200 1216 1216 1216 1215 1215 1215 1217 1217 1217 1219 1219 1219 1218 1218 1218 1217 1217 1217 1220 1220 1220 1219 1219 1219 1217 1217 1217 1221 1221 1221 1220 1220 1220 1217 1217 1217 1222 1222 1222 1221 1221 1221 1217 1217 1217 1223 1223 1223 1222 1222 1222 1224 1224 1224 1226 1226 1226 1225 1225 1225 1227 1227 1227 1229 1229 1229 1228 1228 1228 1227 1227 1227 1230 1230 1230 1229 1229 1229 1227 1227 1227 1231 1231 1231 1230 1230 1230 1227 1227 1227 1232 1232 1232 1231 1231 1231 1227 1227 1227 1233 1233 1233 1232 1232 1232 1227 1227 1227 1234 1234 1234 1233 1233 1233 1235 1235 1235 1237 1237 1237 1236 1236 1236 1235 1235 1235 1238 1238 1238 1237 1237 1237 1239 1239 1239 1241 1241 1241 1240 1240 1240 1239 1239 1239 1242 1242 1242 1241 1241 1241 1243 1243 1243 1245 1245 1245 1244 1244 1244 1243 1243 1243 1246 1246 1246 1245 1245 1245 1243 1243 1243 1247 1247 1247 1246 1246 1246 1248 1248 1248 1250 1250 1250 1249 1249 1249 1248 1248 1248 1251 1251 1251 1250 1250 1250 1248 1248 1248 1252 1252 1252 1251 1251 1251 1253 1253 1253 1255 1255 1255 1254 1254 1254 1253 1253 1253 1256 1256 1256 1255 1255 1255 1253 1253 1253 1257 1257 1257 1256 1256 1256 1258 1258 1258 1260 1260 1260 1259 1259 1259 1258 1258 1258 1261 1261 1261 1260 1260 1260 1262 1262 1262 1264 1264 1264 1263 1263 1263 1262 1262 1262 1265 1265 1265 1264 1264 1264 1266 1266 1266 1268 1268 1268 1267 1267 1267 1266 1266 1266 1269 1269 1269 1268 1268 1268 1266 1266 1266 1270 1270 1270 1269 1269 1269 1271 1271 1271 1273 1273 1273 1272 1272 1272 1271 1271 1271 1274 1274 1274 1273 1273 1273 1271 1271 1271 1275 1275 1275 1274 1274 1274 1276 1276 1276 1278 1278 1278 1277 1277 1277 1276 1276 1276 1279 1279 1279 1278 1278 1278 1276 1276 1276 1280 1280 1280 1279 1279 1279 1276 1276 1276 1281 1281 1281 1280 1280 1280 1282 1282 1282 1284 1284 1284 1283 1283 1283 1282 1282 1282 1285 1285 1285 1284 1284 1284 1282 1282 1282 1286 1286 1286 1285 1285 1285 1282 1282 1282 1287 1287 1287 1286 1286 1286 1288 1288 1288 1290 1290 1290 1289 1289 1289 1288 1288 1288 1291 1291 1291 1290 1290 1290 1292 1292 1292 1294 1294 1294 1293 1293 1293 1292 1292 1292 1295 1295 1295 1294 1294 1294 1292 1292 1292 1296 1296 1296 1295 1295 1295</p>
        </triangles>
        <triangles material="mat-2" count="120">
          <input semantic="VERTEX" offset="0" source="#Detail0-mesh-vertices"/>
          <input semantic="NORMAL" offset="1" source="#Detail0-mesh-normals"/>
          <input semantic="TEXCOORD" offset="2" source="#Detail0-mesh-map0" set="0"/>
          <p>1297 1297 1297 1299 1299 1299 1298 1298 1298 1297 1297 1297 1300 1300 1300 1299 1299 1299 1297 1297 1297 1301 1301 1301 1300 1300 1300 1302 1302 1302 1304 1304 1304 1303 1303 1303 1302 1302 1302 1305 1305 1305 1304 1304 1304 1302 1302 1302 1306 1306 1306 1305 1305 1305 1302 1302 1302 1307 1307 1307 1306 1306 1306 1308 1308 1308 1310 1310 1310 1309 1309 1309 1308 1308 1308 1311 1311 1311 1310 1310 1310 1308 1308 1308 1312 1312 1312 1311 1311 1311 1308 1308 1308 1313 1313 1313 1312 1312 1312 1308 1308 1308 1314 1314 1314 1313 1313 1313 1315 1315 1315 1317 1317 1317 1316 1316 1316 1315 1315 1315 1318 1318 1318 1317 1317 1317 1315 1315 1315 1319 1319 1319 1318 1318 1318 1315 1315 1315 1320 1320 1320 1319 1319 1319 1315 1315 1315 1321 1321 1321 1320 1320 1320 1315 1315 1315 1322 1322 1322 1321 1321 1321 1323 1323 1323 1325 1325 1325 1324 1324 1324 1323 1323 1323 1326 1326 1326 1325 1325 1325 1327 1327 1327 1329 1329 1329 1328 1328 1328 1327 1327 1327 1330 1330 1330 1329 1329 1329 1327 1327 1327 1331 1331 1331 1330 1330 1330 1332 1332 1332 1334 1334 1334 1333 1333 1333 1332 1332 1332 1335 1335 1335 1334 1334 1334 1336 1336 1336 1338 1338 1338 1337 1337 1337 1336 1336 1336 1339 1339 1339 1338 1338 1338 1336 1336 1336 1340 1340 1340 1339 1339 1339 1341 1341 1341 1343 1343 1343 1342 1342 1342 1341 1341 1341 1344 1344 1344 1343 1343 1343 1341 1341 1341 1345 1345 1345 1344 1344 1344 1346 1346 1346 1348 1348 1348 1347 1347 1347 1346 1346 1346 1349 1349 1349 1348 1348 1348 1346 1346 1346 1350 1350 1350 1349 1349 1349 1351 1351 1351 1353 1353 1353 1352 1352 1352 1351 1351 1351 1354 1354 1354 1353 1353 1353 1355 1355 1355 1357 1357 1357 1356 1356 1356 1355 1355 1355 1358 1358 1358 1357 1357 1357 1359 1359 1359 1361 1361 1361 1360 1360 1360 1359 1359 1359 1362 1362 1362 1361 1361 1361 1363 1363 1363 1365 1365 1365 1364 1364 1364 1363 1363 1363 1366 1366 1366 1365 1365 1365 1363 1363 1363 1367 1367 1367 1366 1366 1366 1368 1368 1368 1370 1370 1370 1369 1369 1369 1368 1368 1368 1371 1371 1371 1370 1370 1370 1372 1372 1372 1374 1374 1374 1373 1373 1373 1372 1372 1372 1375 1375 1375 1374 1374 1374 1372 1372 1372 1376 1376 1376 1375 1375 1375 1377 1377 1377 1379 1379 1379 1378 1378 1378 1377 1377 1377 1380 1380 1380 1379 1379 1379 1377 1377 1377 1381 1381 1381 1380 1380 1380 1382 1382 1382 1384 1384 1384 1383 1383 1383 1382 1382 1382 1385 1385 1385 1384 1384 1384 1382 1382 1382 1386 1386 1386 1385 1385 1385 1387 1387 1387 1389 1389 1389 1388 1388 1388 1387 1387 1387 1390 1390 1390 1389 1389 1389 1387 1387 1387 1391 1391 1391 1390 1390 1390 1392 1392 1392 1394 1394 1394 1393 1393 1393 1392 1392 1392 1395 1395 1395 1394 1394 1394 1392 1392 1392 1396 1396 1396 1395 1395 1395 1397 1397 1397 1399 1399 1399 1398 1398 1398 1397 1397 1397 1400 1400 1400 1399 1399 1399 1397 1397 1397 1401 1401 1401 1400 1400 1400 1402 1402 1402 1404 1404 1404 1403 1403 1403 1402 1402 1402 1405 1405 1405 1404 1404 1404 1402 1402 1402 1406 1406 1406 1405 1405 1405 1407 1407 1407 1409 1409 1409 1408 1408 1408 1407 1407 1407 1410 1410 1410 1409 1409 1409 1407 1407 1407 1411 1411 1411 1410 1410 1410 1412 1412 1412 1414 1414 1414 1413 1413 1413 1412 1412 1412 1415 1415 1415 1414 1414 1414 1412 1412 1412 1416 1416 1416 1415 1415 1415 1417 1417 1417 1419 1419 1419 1418 1418 1418 1417 1417 1417 1420 1420 1420 1419 1419 1419 1421 1421 1421 1423 1423 1423 1422 1422 1422 1421 1421 1421 1424 1424 1424 1423 1423 1423 1421 1421 1421 1425 1425 1425 1424 1424 1424 1426 1426 1426 1428 1428 1428 1427 1427 1427 1426 1426 1426 1429 1429 1429 1428 1428 1428 1426 1426 1426 1430 1430 1430 1429 1429 1429 1431 1431 1431 1433 1433 1433 1432 1432 1432 1431 1431 1431 1434 1434 1434 1433 1433 1433 1435 1435 1435 1437 1437 1437 1436 1436 1436 1435 1435 1435 1438 1438 1438 1437 1437 1437 1435 1435 1435 1439 1439 1439 1438 1438 1438 1435 1435 1435 1440 1440 1440 1439 1439 1439 1441 1441 1441 1443 1443 1443 1442 1442 1442 1441 1441 1441 1444 1444 1444 1443 1443 1443 1445 1445 1445 1447 1447 1447 1446 1446 1446 1445 1445 1445 1448 1448 1448 1447 1447 1447 1449 1449 1449 1451 1451 1451 1450 1450 1450 1449 1449 1449 1452 1452 1452 1451 1451 1451 1453 1453 1453 1455 1455 1455 1454 1454 1454 1453 1453 1453 1456 1456 1456 1455 1455 1455 1453 1453 1453 1457 1457 1457 1456 1456 1456 1453 1453 1453 1458 1458 1458 1457 1457 1457 1453 1453 1453 1459 1459 1459 1458 1458 1458 1460 1460 1460 1462 1462 1462 1461 1461 1461 1460 1460 1460 1463 1463 1463 1462 1462 1462 1464 1464 1464 1466 1466 1466 1465 1465 1465 1464 1464 1464 1467 1467 1467 1466 1466 1466 1464 1464 1464 1468 1468 1468 1467 1467 1467 1464 1464 1464 1469 1469 1469 1468 1468 1468 1464 1464 1464 1470 1470 1470 1469 1469 1469 1471 1471 1471 1473 1473 1473 1472 1472 1472 1471 1471 1471 1474 1474 1474 1473 1473 1473 1471 1471 1471 1475 1475 1475 1474 1474 1474 1476 1476 1476 1478 1478 1478 1477 1477 1477 1476 1476 1476 1479 1479 1479 1478 1478 1478 1476 1476 1476 1480 1480 1480 1479 1479 1479 1481 1481 1481 1483 1483 1483 1482 1482 1482 1481 1481 1481 1484 1484 1484 1483 1483 1483 1481 1481 1481 1485 1485 1485 1484 1484 1484 1486 1486 1486 1488 1488 1488 1487 1487 1487 1486 1486 1486 1489 1489 1489 1488 1488 1488 1490 1490 1490 1492 1492 1492 1491 1491 1491 1490 1490 1490 1493 1493 1493 1492 1492 1492 1494 1494 1494 1496 1496 1496 1495 1495 1495 1494 1494 1494 1497 1497 1497 1496 1496 1496 1494 1494 1494 1498 1498 1498 1497 1497 1497</p>
        </triangles>
        <triangles material="mat-3" count="259">
          <input semantic="VERTEX" offset="0" source="#Detail0-mesh-vertices"/>
          <input semantic="NORMAL" offset="1" source="#Detail0-mesh-normals"/>
          <input semantic="TEXCOORD" offset="2" source="#Detail0-mesh-map0" set="0"/>
          <p>1499 1499 1499 1501 1501 1501 1500 1500 1500 1499 1499 1499 1502 1502 1502 1501 1501 1501 1499 1499 1499 1503 1503 1503 1502 1502 1502 1499 1499 1499 1504 1504 1504 1503 1503 1503 1505 1505 1505 1507 1507 1507 1506 1506 1506 1505 1505 1505 1508 1508 1508 1507 1507 1507 1505 1505 1505 1509 1509 1509 1508 1508 1508 1505 1505 1505 1510 1510 1510 1509 1509 1509 1511 1511 1511 1513 1513 1513 1512 1512 1512 1511 1511 1511 1514 1514 1514 1513 1513 1513 1511 1511 1511 1515 1515 1515 1514 1514 1514 1511 1511 1511 1516 1516 1516 1515 1515 1515 1517 1517 1517 1519 1519 1519 1518 1518 1518 1517 1517 1517 1520 1520 1520 1519 1519 1519 1517 1517 1517 1521 1521 1521 1520 1520 1520 1517 1517 1517 1522 1522 1522 1521 1521 1521 1523 1523 1523 1525 1525 1525 1524 1524 1524 1523 1523 1523 1526 1526 1526 1525 1525 1525 1523 1523 1523 1527 1527 1527 1526 1526 1526 1523 1523 1523 1528 1528 1528 1527 1527 1527 1529 1529 1529 1531 1531 1531 1530 1530 1530 1529 1529 1529 1532 1532 1532 1531 1531 1531 1529 1529 1529 1533 1533 1533 1532 1532 1532 1529 1529 1529 1534 1534 1534 1533 1533 1533 1535 1535 1535 1537 1537 1537 1536 1536 1536 1535 1535 1535 1538 1538 1538 1537 1537 1537 1535 1535 1535 1539 1539 1539 1538 1538 1538 1535 1535 1535 1540 1540 1540 1539 1539 1539 1541 1541 1541 1543 1543 1543 1542 1542 1542 1541 1541 1541 1544 1544 1544 1543 1543 1543 1541 1541 1541 1545 1545 1545 1544 1544 1544 1541 1541 1541 1546 1546 1546 1545 1545 1545 1547 1547 1547 1549 1549 1549 1548 1548 1548 1547 1547 1547 1550 1550 1550 1549 1549 1549 1547 1547 1547 1551 1551 1551 1550 1550 1550 1547 1547 1547 1552 1552 1552 1551 1551 1551 1553 1553 1553 1555 1555 1555 1554 1554 1554 1553 1553 1553 1556 1556 1556 1555 1555 1555 1553 1553 1553 1557 1557 1557 1556 1556 1556 1553 1553 1553 1558 1558 1558 1557 1557 1557 1559 1559 1559 1561 1561 1561 1560 1560 1560 1559 1559 1559 1562 1562 1562 1561 1561 1561 1563 1563 1563 1565 1565 1565 1564 1564 1564 1563 1563 1563 1566 1566 1566 1565 1565 1565 1563 1563 1563 1567 1567 1567 1566 1566 1566 1568 1568 1568 1570 1570 1570 1569 1569 1569 1568 1568 1568 1571 1571 1571 1570 1570 1570 1568 1568 1568 1572 1572 1572 1571 1571 1571 1573 1573 1573 1575 1575 1575 1574 1574 1574 1573 1573 1573 1576 1576 1576 1575 1575 1575 1573 1573 1573 1577 1577 1577 1576 1576 1576 1578 1578 1578 1580 1580 1580 1579 1579 1579 1578 1578 1578 1581 1581 1581 1580 1580 1580 1582 1582 1582 1584 1584 1584 1583 1583 1583 1582 1582 1582 1585 1585 1585 1584 1584 1584 1582 1582 1582 1586 1586 1586 1585 1585 1585 1582 1582 1582 1587 1587 1587 1586 1586 1586 1588 1588 1588 1590 1590 1590 1589 1589 1589 1588 1588 1588 1591 1591 1591 1590 1590 1590 1592 1592 1592 1594 1594 1594 1593 1593 1593 1592 1592 1592 1595 1595 1595 1594 1594 1594 1592 1592 1592 1596 1596 1596 1595 1595 1595 1597 1597 1597 1599 1599 1599 1598 1598 1598 1597 1597 1597 1600 1600 1600 1599 1599 1599 1601 1601 1601 1603 1603 1603 1602 1602 1602 1601 1601 1601 1604 1604 1604 1603 1603 1603 1601 1601 1601 1605 1605 1605 1604 1604 1604 1606 1606 1606 1608 1608 1608 1607 1607 1607 1606 1606 1606 1609 1609 1609 1608 1608 1608 1610 1610 1610 1612 1612 1612 1611 1611 1611 1610 1610 1610 1613 1613 1613 1612 1612 1612 1610 1610 1610 1614 1614 1614 1613 1613 1613 1610 1610 1610 1615 1615 1615 1614 1614 1614 1610 1610 1610 1616 1616 1616 1615 1615 1615 1617 1617 1617 1619 1619 1619 1618 1618 1618 1617 1617 1617 1620 1620 1620 1619 1619 1619 1621 1621 1621 1623 1623 1623 1622 1622 1622 1621 1621 1621 1624 1624 1624 1623 1623 1623 1625 1625 1625 1627 1627 1627 1626 1626 1626 1625 1625 1625 1628 1628 1628 1627 1627 1627 1629 1629 1629 1631 1631 1631 1630 1630 1630 1629 1629 1629 1632 1632 1632 1631 1631 1631 1633 1633 1633 1635 1635 1635 1634 1634 1634 1633 1633 1633 1636 1636 1636 1635 1635 1635 1637 1637 1637 1639 1639 1639 1638 1638 1638 1637 1637 1637 1640 1640 1640 1639 1639 1639 1641 1641 1641 1643 1643 1643 1642 1642 1642 1641 1641 1641 1644 1644 1644 1643 1643 1643 1645 1645 1645 1647 1647 1647 1646 1646 1646 1645 1645 1645 1648 1648 1648 1647 1647 1647 1645 1645 1645 1649 1649 1649 1648 1648 1648 1650 1650 1650 1652 1652 1652 1651 1651 1651 1650 1650 1650 1653 1653 1653 1652 1652 1652 1650 1650 1650 1654 1654 1654 1653 1653 1653 1655 1655 1655 1657 1657 1657 1656 1656 1656 1655 1655 1655 1658 1658 1658 1657 1657 1657 1659 1659 1659 1661 1661 1661 1660 1660 1660 1659 1659 1659 1662 1662 1662 1661 1661 1661 1663 1663 1663 1665 1665 1665 1664 1664 1664 1663 1663 1663 1666 1666 1666 1665 1665 1665 1667 1667 1667 1669 1669 1669 1668 1668 1668 1667 1667 1667 1670 1670 1670 1669 1669 1669 1671 1671 1671 1673 1673 1673 1672 1672 1672 1671 1671 1671 1674 1674 1674 1673 1673 1673 1675 1675 1675 1677 1677 1677 1676 1676 1676 1675 1675 1675 1678 1678 1678 1677 1677 1677 1679 1679 1679 1681 1681 1681 1680 1680 1680 1679 1679 1679 1682 1682 1682 1681 1681 1681 1683 1683 1683 1685 1685 1685 1684 1684 1684 1683 1683 1683 1686 1686 1686 1685 1685 1685 1687 1687 1687 1689 1689 1689 1688 1688 1688 1687 1687 1687 1690 1690 1690 1689 1689 1689 1691 1691 1691 1693 1693 1693 1692 1692 1692 1691 1691 1691 1694 1694 1694 1693 1693 1693 1695 1695 1695 1697 1697 1697 1696 1696 1696 1695 1695 1695 1698 1698 1698 1697 1697 1697 1699 1699 1699 1701 1701 1701 1700 1700 1700 1699 1699 1699 1702 1702 1702 1701 1701 1701 1703 1703 1703 1705 1705 1705 1704 1704 1704 1703 1703 1703 1706 1706 1706 1705 1705 1705 1707 1707 1707 1709 1709 1709 1708 1708 1708 1707 1707 1707 1710 1710 1710 1709 1709 1709 1707 1707 1707 1711 1711 1711 1710 1710 1710 1712 1712 1712 1714 1714 1714 1713 1713 1713 1712 1712 1712 1715 1715 1715 1714 1714 1714 1712 1712 1712 1716 1716 1716 1715 1715 1715 1717 1717 1717 1719 1719 1719 1718 1718 1718 1717 1717 1717 1720 1720 1720 1719 1719 1719 1721 1721 1721 1723 1723 1723 1722 1722 1722 1721 1721 1721 1724 1724 1724 1723 1723 1723 1721 1721 1721 1725 1725 1725 1724 1724 1724 1726 1726 1726 1728 1728 1728 1727 1727 1727 1726 1726 1726 1729 1729 1729 1728 1728 1728 1726 1726 1726 1730 1730 1730 1729 1729 1729 1731 1731 1731 1733 1733 1733 1732 1732 1732 1731 1731 1731 1734 1734 1734 1733 1733 1733 1731 1731 1731 1735 1735 1735 1734 1734 1734 1736 1736 1736 1738 1738 1738 1737 1737 1737 1736 1736 1736 1739 1739 1739 1738 1738 1738 1736 1736 1736 1740 1740 1740 1739 1739 1739 1736 1736 1736 1741 1741 1741 1740 1740 1740 1742 1742 1742 1744 1744 1744 1743 1743 1743 1742 1742 1742 1745 1745 1745 1744 1744 1744 1742 1742 1742 1746 1746 1746 1745 1745 1745 1747 1747 1747 1749 1749 1749 1748 1748 1748 1747 1747 1747 1750 1750 1750 1749 1749 1749 1747 1747 1747 1751 1751 1751 1750 1750 1750 1747 1747 1747 1752 1752 1752 1751 1751 1751 1753 1753 1753 1755 1755 1755 1754 1754 1754 1753 1753 1753 1756 1756 1756 1755 1755 1755 1753 1753 1753 1757 1757 1757 1756 1756 1756 1753 1753 1753 1758 1758 1758 1757 1757 1757 1759 1759 1759 1761 1761 1761 1760 1760 1760 1759 1759 1759 1762 1762 1762 1761 1761 1761 1763 1763 1763 1765 1765 1765 1764 1764 1764 1763 1763 1763 1766 1766 1766 1765 1765 1765 1767 1767 1767 1769 1769 1769 1768 1768 1768 1767 1767 1767 1770 1770 1770 1769 1769 1769 1767 1767 1767 1771 1771 1771 1770 1770 1770 1772 1772 1772 1774 1774 1774 1773 1773 1773 1772 1772 1772 1775 1775 1775 1774 1774 1774 1772 1772 1772 1776 1776 1776 1775 1775 1775 1777 1777 1777 1779 1779 1779 1778 1778 1778 1777 1777 1777 1780 1780 1780 1779 1779 1779 1781 1781 1781 1783 1783 1783 1782 1782 1782 1781 1781 1781 1784 1784 1784 1783 1783 1783 1781 1781 1781 1785 1785 1785 1784 1784 1784 1786 1786 1786 1788 1788 1788 1787 1787 1787 1786 1786 1786 1789 1789 1789 1788 1788 1788 1790 1790 1790 1792 1792 1792 1791 1791 1791 1790 1790 1790 1793 1793 1793 1792 1792 1792 1790 1790 1790 1794 1794 1794 1793 1793 1793 1790 1790 1790 1795 1795 1795 1794 1794 1794 1796 1796 1796 1798 1798 1798 1797 1797 1797 1796 1796 1796 1799 1799 1799 1798 1798 1798 1796 1796 1796 1800 1800 1800 1799 1799 1799 1796 1796 1796 1801 1801 1801 1800 1800 1800 1802 1802 1802 1804 1804 1804 1803 1803 1803 1802 1802 1802 1805 1805 1805 1804 1804 1804 1802 1802 1802 1806 1806 1806 1805 1805 1805 1802 1802 1802 1807 1807 1807 1806 1806 1806 1808 1808 1808 1810 1810 1810 1809 1809 1809 1808 1808 1808 1811 1811 1811 1810 1810 1810 1808 1808 1808 1812 1812 1812 1811 1811 1811 1813 1813 1813 1815 1815 1815 1814 1814 1814 1813 1813 1813 1816 1816 1816 1815 1815 1815 1813 1813 1813 1817 1817 1817 1816 1816 1816 1818 1818 1818 1820 1820 1820 1819 1819 1819 1818 1818 1818 1821 1821 1821 1820 1820 1820 1818 1818 1818 1822 1822 1822 1821 1821 1821 1818 1818 1818 1823 1823 1823 1822 1822 1822 1818 1818 1818 1824 1824 1824 1823 1823 1823 1818 1818 1818 1825 1825 1825 1824 1824 1824 1818 1818 1818 1826 1826 1826 1825 1825 1825 1827 1827 1827 1829 1829 1829 1828 1828 1828 1827 1827 1827 1830 1830 1830 1829 1829 1829 1827 1827 1827 1831 1831 1831 1830 1830 1830 1827 1827 1827 1832 1832 1832 1831 1831 1831 1827 1827 1827 1833 1833 1833 1832 1832 1832 1834 1834 1834 1836 1836 1836 1835 1835 1835 1834 1834 1834 1837 1837 1837 1836 1836 1836 1834 1834 1834 1838 1838 1838 1837 1837 1837 1834 1834 1834 1839 1839 1839 1838 1838 1838 1834 1834 1834 1840 1840 1840 1839 1839 1839 1841 1841 1841 1843 1843 1843 1842 1842 1842 1841 1841 1841 1844 1844 1844 1843 1843 1843 1841 1841 1841 1845 1845 1845 1844 1844 1844 1846 1846 1846 1848 1848 1848 1847 1847 1847 1849 1849 1849 1851 1851 1851 1850 1850 1850 1849 1849 1849 1852 1852 1852 1851 1851 1851 1849 1849 1849 1853 1853 1853 1852 1852 1852 1849 1849 1849 1854 1854 1854 1853 1853 1853 1849 1849 1849 1855 1855 1855 1854 1854 1854 1849 1849 1849 1856 1856 1856 1855 1855 1855 1857 1857 1857 1859 1859 1859 1858 1858 1858 1857 1857 1857 1860 1860 1860 1859 1859 1859 1857 1857 1857 1861 1861 1861 1860 1860 1860 1862 1862 1862 1864 1864 1864 1863 1863 1863 1862 1862 1862 1865 1865 1865 1864 1864 1864 1866 1866 1866 1868 1868 1868 1867 1867 1867 1866 1866 1866 1869 1869 1869 1868 1868 1868 1866 1866 1866 1870 1870 1870 1869 1869 1869 1866 1866 1866 1871 1871 1871 1870 1870 1870 1872 1872 1872 1874 1874 1874 1873 1873 1873 1872 1872 1872 1875 1875 1875 1874 1874 1874 1872 1872 1872 1876 1876 1876 1875 1875 1875 1877 1877 1877 1879 1879 1879 1878 1878 1878 1877 1877 1877 1880 1880 1880 1879 1879 1879 1877 1877 1877 1881 1881 1881 1880 1880 1880 1877 1877 1877 1882 1882 1882 1881 1881 1881 1883 1883 1883 1885 1885 1885 1884 1884 1884 1886 1886 1886 1888 1888 1888 1887 1887 1887 1886 1886 1886 1889 1889 1889 1888 1888 1888 1890 1890 1890 1892 1892 1892 1891 1891 1891 1890 1890 1890 1893 1893 1893 1892 1892 1892 1894 1894 1894 1896 1896 1896 1895 1895 1895 1894 1894 1894 1897 1897 1897 1896 1896 1896 1894 1894 1894 1898 1898 1898 1897 1897 1897 1894 1894 1894 1899 1899 1899 1898 1898 1898 1900 1900 1900 1902 1902 1902 1901 1901 1901 1900 1900 1900 1903 1903 1903 1902 1902 1902 1900 1900 1900 1904 1904 1904 1903 1903 1903 1905 1905 1905 1907 1907 1907 1906 1906 1906 1905 1905 1905 1908 1908 1908 1907 1907 1907 1905 1905 1905 1909 1909 1909 1908 1908 1908 1905 1905 1905 1910 1910 1910 1909 1909 1909 1905 1905 1905 1911 1911 1911 1910 1910 1910 1912 1912 1912 1914 1914 1914 1913 1913 1913 1912 1912 1912 1915 1915 1915 1914 1914 1914 1912 1912 1912 1916 1916 1916 1915 1915 1915 1912 1912 1912 1917 1917 1917 1916 1916 1916 1912 1912 1912 1918 1918 1918 1917 1917 1917 1912 1912 1912 1919 1919 1919 1918 1918 1918 1912 1912 1912 1920 1920 1920 1919 1919 1919 1921 1921 1921 1923 1923 1923 1922 1922 1922 1921 1921 1921 1924 1924 1924 1923 1923 1923 1925 1925 1925 1927 1927 1927 1926 1926 1926 1925 1925 1925 1928 1928 1928 1927 1927 1927 1925 1925 1925 1929 1929 1929 1928 1928 1928</p>
        </triangles>
        <triangles material="mat-4" count="61">
          <input semantic="VERTEX" offset="0" source="#Detail0-mesh-vertices"/>
          <input semantic="NORMAL" offset="1" source="#Detail0-mesh-normals"/>
          <input semantic="TEXCOORD" offset="2" source="#Detail0-mesh-map0" set="0"/>
          <p>1930 1930 1930 1932 1932 1932 1931 1931 1931 1930 1930 1930 1933 1933 1933 1932 1932 1932 1934 1934 1934 1936 1936 1936 1935 1935 1935 1934 1934 1934 1937 1937 1937 1936 1936 1936 1934 1934 1934 1938 1938 1938 1937 1937 1937 1939 1939 1939 1941 1941 1941 1940 1940 1940 1939 1939 1939 1942 1942 1942 1941 1941 1941 1943 1943 1943 1945 1945 1945 1944 1944 1944 1943 1943 1943 1946 1946 1946 1945 1945 1945 1947 1947 1947 1949 1949 1949 1948 1948 1948 1947 1947 1947 1950 1950 1950 1949 1949 1949 1951 1951 1951 1953 1953 1953 1952 1952 1952 1951 1951 1951 1954 1954 1954 1953 1953 1953 1955 1955 1955 1957 1957 1957 1956 1956 1956 1955 1955 1955 1958 1958 1958 1957 1957 1957 1959 1959 1959 1961 1961 1961 1960 1960 1960 1959 1959 1959 1962 1962 1962 1961 1961 1961 1963 1963 1963 1965 1965 1965 1964 1964 1964 1963 1963 1963 1966 1966 1966 1965 1965 1965 1967 1967 1967 1969 1969 1969 1968 1968 1968 1967 1967 1967 1970 1970 1970 1969 1969 1969 1971 1971 1971 1973 1973 1973 1972 1972 1972 1971 1971 1971 1974 1974 1974 1973 1973 1973 1975 1975 1975 1977 1977 1977 1976 1976 1976 1975 1975 1975 1978 1978 1978 1977 1977 1977 1975 1975 1975 1979 1979 1979 1978 1978 1978 1980 1980 1980 1982 1982 1982 1981 1981 1981 1980 1980 1980 1983 1983 1983 1982 1982 1982 1980 1980 1980 1984 1984 1984 1983 1983 1983 1985 1985 1985 1987 1987 1987 1986 1986 1986 1985 1985 1985 1988 1988 1988 1987 1987 1987 1985 1985 1985 1989 1989 1989 1988 1988 1988 1990 1990 1990 1992 1992 1992 1991 1991 1991 1990 1990 1990 1993 1993 1993 1992 1992 1992 1994 1994 1994 1996 1996 1996 1995 1995 1995 1994 1994 1994 1997 1997 1997 1996 1996 1996 1998 1998 1998 2000 2000 2000 1999 1999 1999 1998 1998 1998 2001 2001 2001 2000 2000 2000 2002 2002 2002 2004 2004 2004 2003 2003 2003 2002 2002 2002 2005 2005 2005 2004 2004 2004 2006 2006 2006 2008 2008 2008 2007 2007 2007 2006 2006 2006 2009 2009 2009 2008 2008 2008 2010 2010 2010 2012 2012 2012 2011 2011 2011 2010 2010 2010 2013 2013 2013 2012 2012 2012 2010 2010 2010 2014 2014 2014 2013 2013 2013 2010 2010 2010 2015 2015 2015 2014 2014 2014 2016 2016 2016 2018 2018 2018 2017 2017 2017 2016 2016 2016 2019 2019 2019 2018 2018 2018 2020 2020 2020 2022 2022 2022 2021 2021 2021 2020 2020 2020 2023 2023 2023 2022 2022 2022 2024 2024 2024 2026 2026 2026 2025 2025 2025 2024 2024 2024 2027 2027 2027 2026 2026 2026 2028 2028 2028 2030 2030 2030 2029 2029 2029 2028 2028 2028 2031 2031 2031 2030 2030 2030 2028 2028 2028 2032 2032 2032 2031 2031 2031 2028 2028 2028 2033 2033 2033 2032 2032 2032 2034 2034 2034 2036 2036 2036 2035 2035 2035 2034 2034 2034 2037 2037 2037 2036 2036 2036 2034 2034 2034 2038 2038 2038 2037 2037 2037 2039 2039 2039 2041 2041 2041 2040 2040 2040 2039 2039 2039 2042 2042 2042 2041 2041 2041</p>
        </triangles>
        <triangles material="mat-5" count="186">
          <input semantic="VERTEX" offset="0" source="#Detail0-mesh-vertices"/>
          <input semantic="NORMAL" offset="1" source="#Detail0-mesh-normals"/>
          <input semantic="TEXCOORD" offset="2" source="#Detail0-mesh-map0" set="0"/>
          <p>2043 2043 2043 2045 2045 2045 2044 2044 2044 2043 2043 2043 2046 2046 2046 2045 2045 2045 2047 2047 2047 2049 2049 2049 2048 2048 2048 2047 2047 2047 2050 2050 2050 2049 2049 2049 2051 2051 2051 2053 2053 2053 2052 2052 2052 2051 2051 2051 2054 2054 2054 2053 2053 2053 2055 2055 2055 2057 2057 2057 2056 2056 2056 2055 2055 2055 2058 2058 2058 2057 2057 2057 2059 2059 2059 2061 2061 2061 2060 2060 2060 2059 2059 2059 2062 2062 2062 2061 2061 2061 2059 2059 2059 2063 2063 2063 2062 2062 2062 2059 2059 2059 2064 2064 2064 2063 2063 2063 2059 2059 2059 2065 2065 2065 2064 2064 2064 2059 2059 2059 2066 2066 2066 2065 2065 2065 2059 2059 2059 2067 2067 2067 2066 2066 2066 2059 2059 2059 2068 2068 2068 2067 2067 2067 2059 2059 2059 2069 2069 2069 2068 2068 2068 2070 2070 2070 2072 2072 2072 2071 2071 2071 2070 2070 2070 2073 2073 2073 2072 2072 2072 2070 2070 2070 2074 2074 2074 2073 2073 2073 2070 2070 2070 2075 2075 2075 2074 2074 2074 2070 2070 2070 2076 2076 2076 2075 2075 2075 2070 2070 2070 2077 2077 2077 2076 2076 2076 2070 2070 2070 2078 2078 2078 2077 2077 2077 2070 2070 2070 2079 2079 2079 2078 2078 2078 2070 2070 2070 2080 2080 2080 2079 2079 2079 2081 2081 2081 2083 2083 2083 2082 2082 2082 2081 2081 2081 2084 2084 2084 2083 2083 2083 2081 2081 2081 2085 2085 2085 2084 2084 2084 2081 2081 2081 2086 2086 2086 2085 2085 2085 2087 2087 2087 2089 2089 2089 2088 2088 2088 2087 2087 2087 2090 2090 2090 2089 2089 2089 2087 2087 2087 2091 2091 2091 2090 2090 2090 2092 2092 2092 2094 2094 2094 2093 2093 2093 2092 2092 2092 2095 2095 2095 2094 2094 2094 2092 2092 2092 2096 2096 2096 2095 2095 2095 2097 2097 2097 2099 2099 2099 2098 2098 2098 2097 2097 2097 2100 2100 2100 2099 2099 2099 2097 2097 2097 2101 2101 2101 2100 2100 2100 2102 2102 2102 2104 2104 2104 2103 2103 2103 2102 2102 2102 2105 2105 2105 2104 2104 2104 2102 2102 2102 2106 2106 2106 2105 2105 2105 2107 2107 2107 2109 2109 2109 2108 2108 2108 2107 2107 2107 2110 2110 2110 2109 2109 2109 2111 2111 2111 2113 2113 2113 2112 2112 2112 2111 2111 2111 2114 2114 2114 2113 2113 2113 2115 2115 2115 2117 2117 2117 2116 2116 2116 2115 2115 2115 2118 2118 2118 2117 2117 2117 2119 2119 2119 2121 2121 2121 2120 2120 2120 2119 2119 2119 2122 2122 2122 2121 2121 2121 2119 2119 2119 2123 2123 2123 2122 2122 2122 2119 2119 2119 2124 2124 2124 2123 2123 2123 2125 2125 2125 2127 2127 2127 2126 2126 2126 2125 2125 2125 2128 2128 2128 2127 2127 2127 2129 2129 2129 2131 2131 2131 2130 2130 2130 2129 2129 2129 2132 2132 2132 2131 2131 2131 2133 2133 2133 2135 2135 2135 2134 2134 2134 2133 2133 2133 2136 2136 2136 2135 2135 2135 2137 2137 2137 2139 2139 2139 2138 2138 2138 2137 2137 2137 2140 2140 2140 2139 2139 2139 2137 2137 2137 2141 2141 2141 2140 2140 2140 2137 2137 2137 2142 2142 2142 2141 2141 2141 2137 2137 2137 2143 2143 2143 2142 2142 2142 2137 2137 2137 2144 2144 2144 2143 2143 2143 2145 2145 2145 2147 2147 2147 2146 2146 2146 2145 2145 2145 2148 2148 2148 2147 2147 2147 2149 2149 2149 2151 2151 2151 2150 2150 2150 2149 2149 2149 2152 2152 2152 2151 2151 2151 2149 2149 2149 2153 2153 2153 2152 2152 2152 2154 2154 2154 2156 2156 2156 2155 2155 2155 2154 2154 2154 2157 2157 2157 2156 2156 2156 2158 2158 2158 2160 2160 2160 2159 2159 2159 2158 2158 2158 2161 2161 2161 2160 2160 2160 2162 2162 2162 2164 2164 2164 2163 2163 2163 2162 2162 2162 2165 2165 2165 2164 2164 2164 2166 2166 2166 2168 2168 2168 2167 2167 2167 2166 2166 2166 2169 2169 2169 2168 2168 2168 2166 2166 2166 2170 2170 2170 2169 2169 2169 2166 2166 2166 2171 2171 2171 2170 2170 2170 2172 2172 2172 2174 2174 2174 2173 2173 2173 2172 2172 2172 2175 2175 2175 2174 2174 2174 2172 2172 2172 2176 2176 2176 2175 2175 2175 2172 2172 2172 2177 2177 2177 2176 2176 2176 2178 2178 2178 2180 2180 2180 2179 2179 2179 2178 2178 2178 2181 2181 2181 2180 2180 2180 2182 2182 2182 2184 2184 2184 2183 2183 2183 2182 2182 2182 2185 2185 2185 2184 2184 2184 2186 2186 2186 2188 2188 2188 2187 2187 2187 2186 2186 2186 2189 2189 2189 2188 2188 2188 2190 2190 2190 2192 2192 2192 2191 2191 2191 2190 2190 2190 2193 2193 2193 2192 2192 2192 2194 2194 2194 2196 2196 2196 2195 2195 2195 2194 2194 2194 2197 2197 2197 2196 2196 2196 2198 2198 2198 2200 2200 2200 2199 2199 2199 2198 2198 2198 2201 2201 2201 2200 2200 2200 2198 2198 2198 2202 2202 2202 2201 2201 2201 2203 2203 2203 2205 2205 2205 2204 2204 2204 2203 2203 2203 2206 2206 2206 2205 2205 2205 2207 2207 2207 2209 2209 2209 2208 2208 2208 2207 2207 2207 2210 2210 2210 2209 2209 2209 2211 2211 2211 2213 2213 2213 2212 2212 2212 2211 2211 2211 2214 2214 2214 2213 2213 2213 2211 2211 2211 2215 2215 2215 2214 2214 2214 2211 2211 2211 2216 2216 2216 2215 2215 2215 2217 2217 2217 2219 2219 2219 2218 2218 2218 2217 2217 2217 2220 2220 2220 2219 2219 2219 2221 2221 2221 2223 2223 2223 2222 2222 2222 2221 2221 2221 2224 2224 2224 2223 2223 2223 2221 2221 2221 2225 2225 2225 2224 2224 2224 2221 2221 2221 2226 2226 2226 2225 2225 2225 2227 2227 2227 2229 2229 2229 2228 2228 2228 2227 2227 2227 2230 2230 2230 2229 2229 2229 2231 2231 2231 2233 2233 2233 2232 2232 2232 2231 2231 2231 2234 2234 2234 2233 2233 2233 2231 2231 2231 2235 2235 2235 2234 2234 2234 2231 2231 2231 2236 2236 2236 2235 2235 2235 2237 2237 2237 2239 2239 2239 2238 2238 2238 2237 2237 2237 2240 2240 2240 2239 2239 2239 2237 2237 2237 2241 2241 2241 2240 2240 2240 2242 2242 2242 2244 2244 2244 2243 2243 2243 2242 2242 2242 2245 2245 2245 2244 2244 2244 2242 2242 2242 2246 2246 2246 2245 2245 2245 2247 2247 2247 2249 2249 2249 2248 2248 2248 2247 2247 2247 2250 2250 2250 2249 2249 2249 2251 2251 2251 2253 2253 2253 2252 2252 2252 2251 2251 2251 2254 2254 2254 2253 2253 2253 2255 2255 2255 2257 2257 2257 2256 2256 2256 2255 2255 2255 2258 2258 2258 2257 2257 2257 2259 2259 2259 2261 2261 2261 2260 2260 2260 2259 2259 2259 2262 2262 2262 2261 2261 2261 2259 2259 2259 2263 2263 2263 2262 2262 2262 2264 2264 2264 2266 2266 2266 2265 2265 2265 2264 2264 2264 2267 2267 2267 2266 2266 2266 2268 2268 2268 2270 2270 2270 2269 2269 2269 2268 2268 2268 2271 2271 2271 2270 2270 2270 2272 2272 2272 2274 2274 2274 2273 2273 2273 2272 2272 2272 2275 2275 2275 2274 2274 2274 2272 2272 2272 2276 2276 2276 2275 2275 2275 2272 2272 2272 2277 2277 2277 2276 2276 2276 2272 2272 2272 2278 2278 2278 2277 2277 2277 2272 2272 2272 2279 2279 2279 2278 2278 2278 2272 2272 2272 2280 2280 2280 2279 2279 2279 2272 2272 2272 2281 2281 2281 2280 2280 2280 2272 2272 2272 2282 2282 2282 2281 2281 2281 2272 2272 2272 2283 2283 2283 2282 2282 2282 2284 2284 2284 2286 2286 2286 2285 2285 2285 2284 2284 2284 2287 2287 2287 2286 2286 2286 2288 2288 2288 2290 2290 2290 2289 2289 2289 2288 2288 2288 2291 2291 2291 2290 2290 2290 2292 2292 2292 2294 2294 2294 2293 2293 2293 2292 2292 2292 2295 2295 2295 2294 2294 2294 2292 2292 2292 2296 2296 2296 2295 2295 2295 2292 2292 2292 2297 2297 2297 2296 2296 2296 2292 2292 2292 2298 2298 2298 2297 2297 2297 2292 2292 2292 2299 2299 2299 2298 2298 2298 2292 2292 2292 2300 2300 2300 2299 2299 2299 2292 2292 2292 2301 2301 2301 2300 2300 2300 2292 2292 2292 2302 2302 2302 2301 2301 2301 2303 2303 2303 2305 2305 2305 2304 2304 2304 2303 2303 2303 2306 2306 2306 2305 2305 2305 2307 2307 2307 2309 2309 2309 2308 2308 2308 2307 2307 2307 2310 2310 2310 2309 2309 2309 2307 2307 2307 2311 2311 2311 2310 2310 2310 2307 2307 2307 2312 2312 2312 2311 2311 2311 2307 2307 2307 2313 2313 2313 2312 2312 2312 2307 2307 2307 2314 2314 2314 2313 2313 2313 2307 2307 2307 2315 2315 2315 2314 2314 2314 2307 2307 2307 2316 2316 2316 2315 2315 2315 2307 2307 2307 2317 2317 2317 2316 2316 2316 2318 2318 2318 2320 2320 2320 2319 2319 2319 2318 2318 2318 2321 2321 2321 2320 2320 2320 2322 2322 2322 2324 2324 2324 2323 2323 2323 2322 2322 2322 2325 2325 2325 2324 2324 2324 2326 2326 2326 2328 2328 2328 2327 2327 2327 2326 2326 2326 2329 2329 2329 2328 2328 2328 2326 2326 2326 2330 2330 2330 2329 2329 2329 2326 2326 2326 2331 2331 2331 2330 2330 2330 2326 2326 2326 2332 2332 2332 2331 2331 2331 2326 2326 2326 2333 2333 2333 2332 2332 2332 2326 2326 2326 2334 2334 2334 2333 2333 2333 2326 2326 2326 2335 2335 2335 2334 2334 2334 2326 2326 2326 2336 2336 2336 2335 2335 2335 2337 2337 2337 2339 2339 2339 2338 2338 2338 2337 2337 2337 2340 2340 2340 2339 2339 2339 2337 2337 2337 2341 2341 2341 2340 2340 2340 2337 2337 2337 2342 2342 2342 2341 2341 2341</p>
        </triangles>
        <triangles material="mat-6" count="1366">
          <input semantic="VERTEX" offset="0" source="#Detail0-mesh-vertices"/>
          <input semantic="NORMAL" offset="1" source="#Detail0-mesh-normals"/>
          <input semantic="TEXCOORD" offset="2" source="#Detail0-mesh-map0" set="0"/>
          <p>2343 2343 2343 2345 2345 2345 2344 2344 2344 2343 2343 2343 2346 2346 2346 2345 2345 2345 2347 2347 2347 2349 2349 2349 2348 2348 2348 2347 2347 2347 2350 2350 2350 2349 2349 2349 2351 2351 2351 2353 2353 2353 2352 2352 2352 2351 2351 2351 2354 2354 2354 2353 2353 2353 2351 2351 2351 2355 2355 2355 2354 2354 2354 2356 2356 2356 2358 2358 2358 2357 2357 2357 2356 2356 2356 2359 2359 2359 2358 2358 2358 2356 2356 2356 2360 2360 2360 2359 2359 2359 2356 2356 2356 2361 2361 2361 2360 2360 2360 2362 2362 2362 2364 2364 2364 2363 2363 2363 2362 2362 2362 2365 2365 2365 2364 2364 2364 2362 2362 2362 2366 2366 2366 2365 2365 2365 2367 2367 2367 2369 2369 2369 2368 2368 2368 2367 2367 2367 2370 2370 2370 2369 2369 2369 2367 2367 2367 2371 2371 2371 2370 2370 2370 2367 2367 2367 2372 2372 2372 2371 2371 2371 2367 2367 2367 2373 2373 2373 2372 2372 2372 2374 2374 2374 2376 2376 2376 2375 2375 2375 2374 2374 2374 2377 2377 2377 2376 2376 2376 2374 2374 2374 2378 2378 2378 2377 2377 2377 2374 2374 2374 2379 2379 2379 2378 2378 2378 2380 2380 2380 2382 2382 2382 2381 2381 2381 2380 2380 2380 2383 2383 2383 2382 2382 2382 2380 2380 2380 2384 2384 2384 2383 2383 2383 2380 2380 2380 2385 2385 2385 2384 2384 2384 2380 2380 2380 2386 2386 2386 2385 2385 2385 2387 2387 2387 2389 2389 2389 2388 2388 2388 2387 2387 2387 2390 2390 2390 2389 2389 2389 2387 2387 2387 2391 2391 2391 2390 2390 2390 2387 2387 2387 2392 2392 2392 2391 2391 2391 2387 2387 2387 2393 2393 2393 2392 2392 2392 2394 2394 2394 2396 2396 2396 2395 2395 2395 2394 2394 2394 2397 2397 2397 2396 2396 2396 2398 2398 2398 2400 2400 2400 2399 2399 2399 2398 2398 2398 2401 2401 2401 2400 2400 2400 2398 2398 2398 2402 2402 2402 2401 2401 2401 2398 2398 2398 2403 2403 2403 2402 2402 2402 2404 2404 2404 2406 2406 2406 2405 2405 2405 2404 2404 2404 2407 2407 2407 2406 2406 2406 2404 2404 2404 2408 2408 2408 2407 2407 2407 2409 2409 2409 2411 2411 2411 2410 2410 2410 2409 2409 2409 2412 2412 2412 2411 2411 2411 2409 2409 2409 2413 2413 2413 2412 2412 2412 2414 2414 2414 2416 2416 2416 2415 2415 2415 2414 2414 2414 2417 2417 2417 2416 2416 2416 2414 2414 2414 2418 2418 2418 2417 2417 2417 2419 2419 2419 2421 2421 2421 2420 2420 2420 2419 2419 2419 2422 2422 2422 2421 2421 2421 2419 2419 2419 2423 2423 2423 2422 2422 2422 2424 2424 2424 2426 2426 2426 2425 2425 2425 2424 2424 2424 2427 2427 2427 2426 2426 2426 2424 2424 2424 2428 2428 2428 2427 2427 2427 2424 2424 2424 2429 2429 2429 2428 2428 2428 2424 2424 2424 2430 2430 2430 2429 2429 2429 2431 2431 2431 2433 2433 2433 2432 2432 2432 2431 2431 2431 2434 2434 2434 2433 2433 2433 2435 2435 2435 2437 2437 2437 2436 2436 2436 2435 2435 2435 2438 2438 2438 2437 2437 2437 2435 2435 2435 2439 2439 2439 2438 2438 2438 2435 2435 2435 2440 2440 2440 2439 2439 2439 2441 2441 2441 2443 2443 2443 2442 2442 2442 2441 2441 2441 2444 2444 2444 2443 2443 2443 2441 2441 2441 2445 2445 2445 2444 2444 2444 2446 2446 2446 2448 2448 2448 2447 2447 2447 2446 2446 2446 2449 2449 2449 2448 2448 2448 2450 2450 2450 2452 2452 2452 2451 2451 2451 2450 2450 2450 2453 2453 2453 2452 2452 2452 2450 2450 2450 2454 2454 2454 2453 2453 2453 2455 2455 2455 2457 2457 2457 2456 2456 2456 2455 2455 2455 2458 2458 2458 2457 2457 2457 2455 2455 2455 2459 2459 2459 2458 2458 2458 2455 2455 2455 2460 2460 2460 2459 2459 2459 2455 2455 2455 2461 2461 2461 2460 2460 2460 2462 2462 2462 2464 2464 2464 2463 2463 2463 2462 2462 2462 2465 2465 2465 2464 2464 2464 2466 2466 2466 2468 2468 2468 2467 2467 2467 2466 2466 2466 2469 2469 2469 2468 2468 2468 2466 2466 2466 2470 2470 2470 2469 2469 2469 2466 2466 2466 2471 2471 2471 2470 2470 2470 2472 2472 2472 2474 2474 2474 2473 2473 2473 2472 2472 2472 2475 2475 2475 2474 2474 2474 2472 2472 2472 2476 2476 2476 2475 2475 2475 2472 2472 2472 2477 2477 2477 2476 2476 2476 2478 2478 2478 2480 2480 2480 2479 2479 2479 2478 2478 2478 2481 2481 2481 2480 2480 2480 2478 2478 2478 2482 2482 2482 2481 2481 2481 2478 2478 2478 2483 2483 2483 2482 2482 2482 2484 2484 2484 2486 2486 2486 2485 2485 2485 2484 2484 2484 2487 2487 2487 2486 2486 2486 2488 2488 2488 2490 2490 2490 2489 2489 2489 2488 2488 2488 2491 2491 2491 2490 2490 2490 2492 2492 2492 2494 2494 2494 2493 2493 2493 2492 2492 2492 2495 2495 2495 2494 2494 2494 2492 2492 2492 2496 2496 2496 2495 2495 2495 2497 2497 2497 2499 2499 2499 2498 2498 2498 2497 2497 2497 2500 2500 2500 2499 2499 2499 2497 2497 2497 2501 2501 2501 2500 2500 2500 2502 2502 2502 2504 2504 2504 2503 2503 2503 2502 2502 2502 2505 2505 2505 2504 2504 2504 2502 2502 2502 2506 2506 2506 2505 2505 2505 2502 2502 2502 2507 2507 2507 2506 2506 2506 2502 2502 2502 2508 2508 2508 2507 2507 2507 2502 2502 2502 2509 2509 2509 2508 2508 2508 2510 2510 2510 2512 2512 2512 2511 2511 2511 2510 2510 2510 2513 2513 2513 2512 2512 2512 2510 2510 2510 2514 2514 2514 2513 2513 2513 2510 2510 2510 2515 2515 2515 2514 2514 2514 2510 2510 2510 2516 2516 2516 2515 2515 2515 2517 2517 2517 2519 2519 2519 2518 2518 2518 2517 2517 2517 2520 2520 2520 2519 2519 2519 2517 2517 2517 2521 2521 2521 2520 2520 2520 2522 2522 2522 2524 2524 2524 2523 2523 2523 2522 2522 2522 2525 2525 2525 2524 2524 2524 2522 2522 2522 2526 2526 2526 2525 2525 2525 2527 2527 2527 2529 2529 2529 2528 2528 2528 2527 2527 2527 2530 2530 2530 2529 2529 2529 2527 2527 2527 2531 2531 2531 2530 2530 2530 2527 2527 2527 2532 2532 2532 2531 2531 2531 2527 2527 2527 2533 2533 2533 2532 2532 2532 2527 2527 2527 2534 2534 2534 2533 2533 2533 2527 2527 2527 2535 2535 2535 2534 2534 2534 2536 2536 2536 2538 2538 2538 2537 2537 2537 2536 2536 2536 2539 2539 2539 2538 2538 2538 2540 2540 2540 2542 2542 2542 2541 2541 2541 2540 2540 2540 2543 2543 2543 2542 2542 2542 2540 2540 2540 2544 2544 2544 2543 2543 2543 2545 2545 2545 2547 2547 2547 2546 2546 2546 2545 2545 2545 2548 2548 2548 2547 2547 2547 2549 2549 2549 2551 2551 2551 2550 2550 2550 2549 2549 2549 2552 2552 2552 2551 2551 2551 2549 2549 2549 2553 2553 2553 2552 2552 2552 2554 2554 2554 2556 2556 2556 2555 2555 2555 2554 2554 2554 2557 2557 2557 2556 2556 2556 2554 2554 2554 2558 2558 2558 2557 2557 2557 2554 2554 2554 2559 2559 2559 2558 2558 2558 2554 2554 2554 2560 2560 2560 2559 2559 2559 2554 2554 2554 2561 2561 2561 2560 2560 2560 2562 2562 2562 2564 2564 2564 2563 2563 2563 2562 2562 2562 2565 2565 2565 2564 2564 2564 2562 2562 2562 2566 2566 2566 2565 2565 2565 2562 2562 2562 2567 2567 2567 2566 2566 2566 2568 2568 2568 2570 2570 2570 2569 2569 2569 2568 2568 2568 2571 2571 2571 2570 2570 2570 2572 2572 2572 2574 2574 2574 2573 2573 2573 2572 2572 2572 2575 2575 2575 2574 2574 2574 2576 2576 2576 2578 2578 2578 2577 2577 2577 2576 2576 2576 2579 2579 2579 2578 2578 2578 2576 2576 2576 2580 2580 2580 2579 2579 2579 2576 2576 2576 2581 2581 2581 2580 2580 2580 2582 2582 2582 2584 2584 2584 2583 2583 2583 2582 2582 2582 2585 2585 2585 2584 2584 2584 2586 2586 2586 2588 2588 2588 2587 2587 2587 2586 2586 2586 2589 2589 2589 2588 2588 2588 2590 2590 2590 2592 2592 2592 2591 2591 2591 2590 2590 2590 2593 2593 2593 2592 2592 2592 2590 2590 2590 2594 2594 2594 2593 2593 2593 2590 2590 2590 2595 2595 2595 2594 2594 2594 2590 2590 2590 2596 2596 2596 2595 2595 2595 2590 2590 2590 2597 2597 2597 2596 2596 2596 2598 2598 2598 2600 2600 2600 2599 2599 2599 2598 2598 2598 2601 2601 2601 2600 2600 2600 2598 2598 2598 2602 2602 2602 2601 2601 2601 2603 2603 2603 2605 2605 2605 2604 2604 2604 2603 2603 2603 2606 2606 2606 2605 2605 2605 2603 2603 2603 2607 2607 2607 2606 2606 2606 2603 2603 2603 2608 2608 2608 2607 2607 2607 2609 2609 2609 2611 2611 2611 2610 2610 2610 2609 2609 2609 2612 2612 2612 2611 2611 2611 2609 2609 2609 2613 2613 2613 2612 2612 2612 2614 2614 2614 2616 2616 2616 2615 2615 2615 2614 2614 2614 2617 2617 2617 2616 2616 2616 2614 2614 2614 2618 2618 2618 2617 2617 2617 2614 2614 2614 2619 2619 2619 2618 2618 2618 2614 2614 2614 2620 2620 2620 2619 2619 2619 2621 2621 2621 2623 2623 2623 2622 2622 2622 2621 2621 2621 2624 2624 2624 2623 2623 2623 2621 2621 2621 2625 2625 2625 2624 2624 2624 2621 2621 2621 2626 2626 2626 2625 2625 2625 2627 2627 2627 2629 2629 2629 2628 2628 2628 2627 2627 2627 2630 2630 2630 2629 2629 2629 2627 2627 2627 2631 2631 2631 2630 2630 2630 2632 2632 2632 2634 2634 2634 2633 2633 2633 2635 2635 2635 2637 2637 2637 2636 2636 2636 2638 2638 2638 2640 2640 2640 2639 2639 2639 2641 2641 2641 2643 2643 2643 2642 2642 2642 2644 2644 2644 2646 2646 2646 2645 2645 2645 2644 2644 2644 2647 2647 2647 2646 2646 2646 2644 2644 2644 2648 2648 2648 2647 2647 2647 2644 2644 2644 2649 2649 2649 2648 2648 2648 2644 2644 2644 2650 2650 2650 2649 2649 2649 2651 2651 2651 2653 2653 2653 2652 2652 2652 2651 2651 2651 2654 2654 2654 2653 2653 2653 2651 2651 2651 2655 2655 2655 2654 2654 2654 2656 2656 2656 2658 2658 2658 2657 2657 2657 2656 2656 2656 2659 2659 2659 2658 2658 2658 2660 2660 2660 2662 2662 2662 2661 2661 2661 2660 2660 2660 2663 2663 2663 2662 2662 2662 2664 2664 2664 2666 2666 2666 2665 2665 2665 2664 2664 2664 2667 2667 2667 2666 2666 2666 2668 2668 2668 2670 2670 2670 2669 2669 2669 2668 2668 2668 2671 2671 2671 2670 2670 2670 2672 2672 2672 2674 2674 2674 2673 2673 2673 2672 2672 2672 2675 2675 2675 2674 2674 2674 2676 2676 2676 2678 2678 2678 2677 2677 2677 2676 2676 2676 2679 2679 2679 2678 2678 2678 2680 2680 2680 2682 2682 2682 2681 2681 2681 2680 2680 2680 2683 2683 2683 2682 2682 2682 2684 2684 2684 2686 2686 2686 2685 2685 2685 2684 2684 2684 2687 2687 2687 2686 2686 2686 2688 2688 2688 2690 2690 2690 2689 2689 2689 2688 2688 2688 2691 2691 2691 2690 2690 2690 2692 2692 2692 2694 2694 2694 2693 2693 2693 2692 2692 2692 2695 2695 2695 2694 2694 2694 2696 2696 2696 2698 2698 2698 2697 2697 2697 2696 2696 2696 2699 2699 2699 2698 2698 2698 2700 2700 2700 2702 2702 2702 2701 2701 2701 2700 2700 2700 2703 2703 2703 2702 2702 2702 2704 2704 2704 2706 2706 2706 2705 2705 2705 2704 2704 2704 2707 2707 2707 2706 2706 2706 2708 2708 2708 2710 2710 2710 2709 2709 2709 2708 2708 2708 2711 2711 2711 2710 2710 2710 2712 2712 2712 2714 2714 2714 2713 2713 2713 2712 2712 2712 2715 2715 2715 2714 2714 2714 2716 2716 2716 2718 2718 2718 2717 2717 2717 2716 2716 2716 2719 2719 2719 2718 2718 2718 2720 2720 2720 2722 2722 2722 2721 2721 2721 2720 2720 2720 2723 2723 2723 2722 2722 2722 2724 2724 2724 2726 2726 2726 2725 2725 2725 2724 2724 2724 2727 2727 2727 2726 2726 2726 2728 2728 2728 2730 2730 2730 2729 2729 2729 2728 2728 2728 2731 2731 2731 2730 2730 2730 2732 2732 2732 2734 2734 2734 2733 2733 2733 2732 2732 2732 2735 2735 2735 2734 2734 2734 2736 2736 2736 2738 2738 2738 2737 2737 2737 2736 2736 2736 2739 2739 2739 2738 2738 2738 2740 2740 2740 2742 2742 2742 2741 2741 2741 2740 2740 2740 2743 2743 2743 2742 2742 2742 2740 2740 2740 2744 2744 2744 2743 2743 2743 2740 2740 2740 2745 2745 2745 2744 2744 2744 2746 2746 2746 2748 2748 2748 2747 2747 2747 2746 2746 2746 2749 2749 2749 2748 2748 2748 2750 2750 2750 2752 2752 2752 2751 2751 2751 2750 2750 2750 2753 2753 2753 2752 2752 2752 2750 2750 2750 2754 2754 2754 2753 2753 2753 2750 2750 2750 2755 2755 2755 2754 2754 2754 2750 2750 2750 2756 2756 2756 2755 2755 2755 2757 2757 2757 2759 2759 2759 2758 2758 2758 2757 2757 2757 2760 2760 2760 2759 2759 2759 2757 2757 2757 2761 2761 2761 2760 2760 2760 2757 2757 2757 2762 2762 2762 2761 2761 2761 2763 2763 2763 2765 2765 2765 2764 2764 2764 2763 2763 2763 2766 2766 2766 2765 2765 2765 2767 2767 2767 2769 2769 2769 2768 2768 2768 2767 2767 2767 2770 2770 2770 2769 2769 2769 2767 2767 2767 2771 2771 2771 2770 2770 2770 2767 2767 2767 2772 2772 2772 2771 2771 2771 2767 2767 2767 2773 2773 2773 2772 2772 2772 2774 2774 2774 2776 2776 2776 2775 2775 2775 2774 2774 2774 2777 2777 2777 2776 2776 2776 2774 2774 2774 2778 2778 2778 2777 2777 2777 2774 2774 2774 2779 2779 2779 2778 2778 2778 2774 2774 2774 2780 2780 2780 2779 2779 2779 2774 2774 2774 2781 2781 2781 2780 2780 2780 2782 2782 2782 2784 2784 2784 2783 2783 2783 2782 2782 2782 2785 2785 2785 2784 2784 2784 2786 2786 2786 2788 2788 2788 2787 2787 2787 2786 2786 2786 2789 2789 2789 2788 2788 2788 2786 2786 2786 2790 2790 2790 2789 2789 2789 2786 2786 2786 2791 2791 2791 2790 2790 2790 2786 2786 2786 2792 2792 2792 2791 2791 2791 2793 2793 2793 2795 2795 2795 2794 2794 2794 2793 2793 2793 2796 2796 2796 2795 2795 2795 2797 2797 2797 2799 2799 2799 2798 2798 2798 2797 2797 2797 2800 2800 2800 2799 2799 2799 2797 2797 2797 2801 2801 2801 2800 2800 2800 2802 2802 2802 2804 2804 2804 2803 2803 2803 2802 2802 2802 2805 2805 2805 2804 2804 2804 2806 2806 2806 2808 2808 2808 2807 2807 2807 2806 2806 2806 2809 2809 2809 2808 2808 2808 2810 2810 2810 2812 2812 2812 2811 2811 2811 2810 2810 2810 2813 2813 2813 2812 2812 2812 2810 2810 2810 2814 2814 2814 2813 2813 2813 2810 2810 2810 2815 2815 2815 2814 2814 2814 2810 2810 2810 2816 2816 2816 2815 2815 2815 2810 2810 2810 2817 2817 2817 2816 2816 2816 2810 2810 2810 2818 2818 2818 2817 2817 2817 2819 2819 2819 2821 2821 2821 2820 2820 2820 2819 2819 2819 2822 2822 2822 2821 2821 2821 2819 2819 2819 2823 2823 2823 2822 2822 2822 2819 2819 2819 2824 2824 2824 2823 2823 2823 2819 2819 2819 2825 2825 2825 2824 2824 2824 2826 2826 2826 2828 2828 2828 2827 2827 2827 2826 2826 2826 2829 2829 2829 2828 2828 2828 2826 2826 2826 2830 2830 2830 2829 2829 2829 2826 2826 2826 2831 2831 2831 2830 2830 2830 2832 2832 2832 2834 2834 2834 2833 2833 2833 2832 2832 2832 2835 2835 2835 2834 2834 2834 2832 2832 2832 2836 2836 2836 2835 2835 2835 2837 2837 2837 2839 2839 2839 2838 2838 2838 2837 2837 2837 2840 2840 2840 2839 2839 2839 2837 2837 2837 2841 2841 2841 2840 2840 2840 2837 2837 2837 2842 2842 2842 2841 2841 2841 2843 2843 2843 2845 2845 2845 2844 2844 2844 2843 2843 2843 2846 2846 2846 2845 2845 2845 2843 2843 2843 2847 2847 2847 2846 2846 2846 2848 2848 2848 2850 2850 2850 2849 2849 2849 2848 2848 2848 2851 2851 2851 2850 2850 2850 2848 2848 2848 2852 2852 2852 2851 2851 2851 2848 2848 2848 2853 2853 2853 2852 2852 2852 2854 2854 2854 2856 2856 2856 2855 2855 2855 2854 2854 2854 2857 2857 2857 2856 2856 2856 2858 2858 2858 2860 2860 2860 2859 2859 2859 2858 2858 2858 2861 2861 2861 2860 2860 2860 2862 2862 2862 2864 2864 2864 2863 2863 2863 2862 2862 2862 2865 2865 2865 2864 2864 2864 2866 2866 2866 2868 2868 2868 2867 2867 2867 2866 2866 2866 2869 2869 2869 2868 2868 2868 2870 2870 2870 2872 2872 2872 2871 2871 2871 2870 2870 2870 2873 2873 2873 2872 2872 2872 2874 2874 2874 2876 2876 2876 2875 2875 2875 2874 2874 2874 2877 2877 2877 2876 2876 2876 2874 2874 2874 2878 2878 2878 2877 2877 2877 2874 2874 2874 2879 2879 2879 2878 2878 2878 2874 2874 2874 2880 2880 2880 2879 2879 2879 2874 2874 2874 2881 2881 2881 2880 2880 2880 2882 2882 2882 2884 2884 2884 2883 2883 2883 2882 2882 2882 2885 2885 2885 2884 2884 2884 2882 2882 2882 2886 2886 2886 2885 2885 2885 2887 2887 2887 2889 2889 2889 2888 2888 2888 2887 2887 2887 2890 2890 2890 2889 2889 2889 2891 2891 2891 2893 2893 2893 2892 2892 2892 2891 2891 2891 2894 2894 2894 2893 2893 2893 2891 2891 2891 2895 2895 2895 2894 2894 2894 2891 2891 2891 2896 2896 2896 2895 2895 2895 2891 2891 2891 2897 2897 2897 2896 2896 2896 2898 2898 2898 2900 2900 2900 2899 2899 2899 2898 2898 2898 2901 2901 2901 2900 2900 2900 2898 2898 2898 2902 2902 2902 2901 2901 2901 2898 2898 2898 2903 2903 2903 2902 2902 2902 2904 2904 2904 2906 2906 2906 2905 2905 2905 2904 2904 2904 2907 2907 2907 2906 2906 2906 2904 2904 2904 2908 2908 2908 2907 2907 2907 2909 2909 2909 2911 2911 2911 2910 2910 2910 2909 2909 2909 2912 2912 2912 2911 2911 2911 2913 2913 2913 2915 2915 2915 2914 2914 2914 2913 2913 2913 2916 2916 2916 2915 2915 2915 2913 2913 2913 2917 2917 2917 2916 2916 2916 2913 2913 2913 2918 2918 2918 2917 2917 2917 2913 2913 2913 2919 2919 2919 2918 2918 2918 2913 2913 2913 2920 2920 2920 2919 2919 2919 2921 2921 2921 2923 2923 2923 2922 2922 2922 2921 2921 2921 2924 2924 2924 2923 2923 2923 2925 2925 2925 2927 2927 2927 2926 2926 2926 2925 2925 2925 2928 2928 2928 2927 2927 2927 2929 2929 2929 2931 2931 2931 2930 2930 2930 2929 2929 2929 2932 2932 2932 2931 2931 2931 2929 2929 2929 2933 2933 2933 2932 2932 2932 2929 2929 2929 2934 2934 2934 2933 2933 2933 2935 2935 2935 2937 2937 2937 2936 2936 2936 2935 2935 2935 2938 2938 2938 2937 2937 2937 2939 2939 2939 2941 2941 2941 2940 2940 2940 2939 2939 2939 2942 2942 2942 2941 2941 2941 2943 2943 2943 2945 2945 2945 2944 2944 2944 2943 2943 2943 2946 2946 2946 2945 2945 2945 2943 2943 2943 2947 2947 2947 2946 2946 2946 2943 2943 2943 2948 2948 2948 2947 2947 2947 2943 2943 2943 2949 2949 2949 2948 2948 2948 2950 2950 2950 2952 2952 2952 2951 2951 2951 2950 2950 2950 2953 2953 2953 2952 2952 2952 2950 2950 2950 2954 2954 2954 2953 2953 2953 2955 2955 2955 2957 2957 2957 2956 2956 2956 2955 2955 2955 2958 2958 2958 2957 2957 2957 2955 2955 2955 2959 2959 2959 2958 2958 2958 2960 2960 2960 2962 2962 2962 2961 2961 2961 2960 2960 2960 2963 2963 2963 2962 2962 2962 2960 2960 2960 2964 2964 2964 2963 2963 2963 2965 2965 2965 2967 2967 2967 2966 2966 2966 2965 2965 2965 2968 2968 2968 2967 2967 2967 2965 2965 2965 2969 2969 2969 2968 2968 2968 2965 2965 2965 2970 2970 2970 2969 2969 2969 2965 2965 2965 2971 2971 2971 2970 2970 2970 2972 2972 2972 2974 2974 2974 2973 2973 2973 2972 2972 2972 2975 2975 2975 2974 2974 2974 2972 2972 2972 2976 2976 2976 2975 2975 2975 2972 2972 2972 2977 2977 2977 2976 2976 2976 2972 2972 2972 2978 2978 2978 2977 2977 2977 2979 2979 2979 2981 2981 2981 2980 2980 2980 2979 2979 2979 2982 2982 2982 2981 2981 2981 2979 2979 2979 2983 2983 2983 2982 2982 2982 2979 2979 2979 2984 2984 2984 2983 2983 2983 2985 2985 2985 2987 2987 2987 2986 2986 2986 2985 2985 2985 2988 2988 2988 2987 2987 2987 2985 2985 2985 2989 2989 2989 2988 2988 2988 2990 2990 2990 2992 2992 2992 2991 2991 2991 2990 2990 2990 2993 2993 2993 2992 2992 2992 2990 2990 2990 2994 2994 2994 2993 2993 2993 2995 2995 2995 2997 2997 2997 2996 2996 2996 2995 2995 2995 2998 2998 2998 2997 2997 2997 2999 2999 2999 3001 3001 3001 3000 3000 3000 2999 2999 2999 3002 3002 3002 3001 3001 3001 2999 2999 2999 3003 3003 3003 3002 3002 3002 2999 2999 2999 3004 3004 3004 3003 3003 3003 2999 2999 2999 3005 3005 3005 3004 3004 3004 3006 3006 3006 3008 3008 3008 3007 3007 3007 3006 3006 3006 3009 3009 3009 3008 3008 3008 3006 3006 3006 3010 3010 3010 3009 3009 3009 3011 3011 3011 3013 3013 3013 3012 3012 3012 3011 3011 3011 3014 3014 3014 3013 3013 3013 3015 3015 3015 3017 3017 3017 3016 3016 3016 3015 3015 3015 3018 3018 3018 3017 3017 3017 3015 3015 3015 3019 3019 3019 3018 3018 3018 3020 3020 3020 3022 3022 3022 3021 3021 3021 3020 3020 3020 3023 3023 3023 3022 3022 3022 3020 3020 3020 3024 3024 3024 3023 3023 3023 3020 3020 3020 3025 3025 3025 3024 3024 3024 3026 3026 3026 3028 3028 3028 3027 3027 3027 3026 3026 3026 3029 3029 3029 3028 3028 3028 3026 3026 3026 3030 3030 3030 3029 3029 3029 3031 3031 3031 3033 3033 3033 3032 3032 3032 3031 3031 3031 3034 3034 3034 3033 3033 3033 3035 3035 3035 3037 3037 3037 3036 3036 3036 3035 3035 3035 3038 3038 3038 3037 3037 3037 3035 3035 3035 3039 3039 3039 3038 3038 3038 3040 3040 3040 3042 3042 3042 3041 3041 3041 3040 3040 3040 3043 3043 3043 3042 3042 3042 3044 3044 3044 3046 3046 3046 3045 3045 3045 3044 3044 3044 3047 3047 3047 3046 3046 3046 3044 3044 3044 3048 3048 3048 3047 3047 3047 3049 3049 3049 3051 3051 3051 3050 3050 3050 3049 3049 3049 3052 3052 3052 3051 3051 3051 3053 3053 3053 3055 3055 3055 3054 3054 3054 3053 3053 3053 3056 3056 3056 3055 3055 3055 3053 3053 3053 3057 3057 3057 3056 3056 3056 3053 3053 3053 3058 3058 3058 3057 3057 3057 3053 3053 3053 3059 3059 3059 3058 3058 3058 3060 3060 3060 3062 3062 3062 3061 3061 3061 3060 3060 3060 3063 3063 3063 3062 3062 3062 3060 3060 3060 3064 3064 3064 3063 3063 3063 3060 3060 3060 3065 3065 3065 3064 3064 3064 3060 3060 3060 3066 3066 3066 3065 3065 3065 3060 3060 3060 3067 3067 3067 3066 3066 3066 3068 3068 3068 3070 3070 3070 3069 3069 3069 3068 3068 3068 3071 3071 3071 3070 3070 3070 3072 3072 3072 3074 3074 3074 3073 3073 3073 3072 3072 3072 3075 3075 3075 3074 3074 3074 3072 3072 3072 3076 3076 3076 3075 3075 3075 3072 3072 3072 3077 3077 3077 3076 3076 3076 3072 3072 3072 3078 3078 3078 3077 3077 3077 3079 3079 3079 3081 3081 3081 3080 3080 3080 3079 3079 3079 3082 3082 3082 3081 3081 3081 3079 3079 3079 3083 3083 3083 3082 3082 3082 3084 3084 3084 3086 3086 3086 3085 3085 3085 3084 3084 3084 3087 3087 3087 3086 3086 3086 3084 3084 3084 3088 3088 3088 3087 3087 3087 3084 3084 3084 3089 3089 3089 3088 3088 3088 3090 3090 3090 3092 3092 3092 3091 3091 3091 3090 3090 3090 3093 3093 3093 3092 3092 3092 3090 3090 3090 3094 3094 3094 3093 3093 3093 3090 3090 3090 3095 3095 3095 3094 3094 3094 3096 3096 3096 3098 3098 3098 3097 3097 3097 3096 3096 3096 3099 3099 3099 3098 3098 3098 3096 3096 3096 3100 3100 3100 3099 3099 3099 3101 3101 3101 3103 3103 3103 3102 3102 3102 3101 3101 3101 3104 3104 3104 3103 3103 3103 3101 3101 3101 3105 3105 3105 3104 3104 3104 3101 3101 3101 3106 3106 3106 3105 3105 3105 3107 3107 3107 3109 3109 3109 3108 3108 3108 3107 3107 3107 3110 3110 3110 3109 3109 3109 3107 3107 3107 3111 3111 3111 3110 3110 3110 3107 3107 3107 3112 3112 3112 3111 3111 3111 3107 3107 3107 3113 3113 3113 3112 3112 3112 3114 3114 3114 3116 3116 3116 3115 3115 3115 3114 3114 3114 3117 3117 3117 3116 3116 3116 3114 3114 3114 3118 3118 3118 3117 3117 3117 3114 3114 3114 3119 3119 3119 3118 3118 3118 3120 3120 3120 3122 3122 3122 3121 3121 3121 3120 3120 3120 3123 3123 3123 3122 3122 3122 3120 3120 3120 3124 3124 3124 3123 3123 3123 3120 3120 3120 3125 3125 3125 3124 3124 3124 3126 3126 3126 3128 3128 3128 3127 3127 3127 3126 3126 3126 3129 3129 3129 3128 3128 3128 3130 3130 3130 3132 3132 3132 3131 3131 3131 3130 3130 3130 3133 3133 3133 3132 3132 3132 3130 3130 3130 3134 3134 3134 3133 3133 3133 3135 3135 3135 3137 3137 3137 3136 3136 3136 3135 3135 3135 3138 3138 3138 3137 3137 3137 3139 3139 3139 3141 3141 3141 3140 3140 3140 3139 3139 3139 3142 3142 3142 3141 3141 3141 3139 3139 3139 3143 3143 3143 3142 3142 3142 3144 3144 3144 3146 3146 3146 3145 3145 3145 3144 3144 3144 3147 3147 3147 3146 3146 3146 3144 3144 3144 3148 3148 3148 3147 3147 3147 3144 3144 3144 3149 3149 3149 3148 3148 3148 3144 3144 3144 3150 3150 3150 3149 3149 3149 3151 3151 3151 3153 3153 3153 3152 3152 3152 3151 3151 3151 3154 3154 3154 3153 3153 3153 3151 3151 3151 3155 3155 3155 3154 3154 3154 3156 3156 3156 3158 3158 3158 3157 3157 3157 3156 3156 3156 3159 3159 3159 3158 3158 3158 3156 3156 3156 3160 3160 3160 3159 3159 3159 3156 3156 3156 3161 3161 3161 3160 3160 3160 3156 3156 3156 3162 3162 3162 3161 3161 3161 3163 3163 3163 3165 3165 3165 3164 3164 3164 3163 3163 3163 3166 3166 3166 3165 3165 3165 3167 3167 3167 3169 3169 3169 3168 3168 3168 3167 3167 3167 3170 3170 3170 3169 3169 3169 3167 3167 3167 3171 3171 3171 3170 3170 3170 3172 3172 3172 3174 3174 3174 3173 3173 3173 3172 3172 3172 3175 3175 3175 3174 3174 3174 3176 3176 3176 3178 3178 3178 3177 3177 3177 3176 3176 3176 3179 3179 3179 3178 3178 3178 3180 3180 3180 3182 3182 3182 3181 3181 3181 3183 3183 3183 3185 3185 3185 3184 3184 3184 3186 3186 3186 3188 3188 3188 3187 3187 3187 3186 3186 3186 3189 3189 3189 3188 3188 3188 3186 3186 3186 3190 3190 3190 3189 3189 3189 3191 3191 3191 3193 3193 3193 3192 3192 3192 3191 3191 3191 3194 3194 3194 3193 3193 3193 3191 3191 3191 3195 3195 3195 3194 3194 3194 3191 3191 3191 3196 3196 3196 3195 3195 3195 3197 3197 3197 3199 3199 3199 3198 3198 3198 3197 3197 3197 3200 3200 3200 3199 3199 3199 3197 3197 3197 3201 3201 3201 3200 3200 3200 3197 3197 3197 3202 3202 3202 3201 3201 3201 3197 3197 3197 3203 3203 3203 3202 3202 3202 3204 3204 3204 3206 3206 3206 3205 3205 3205 3204 3204 3204 3207 3207 3207 3206 3206 3206 3208 3208 3208 3210 3210 3210 3209 3209 3209 3208 3208 3208 3211 3211 3211 3210 3210 3210 3212 3212 3212 3214 3214 3214 3213 3213 3213 3212 3212 3212 3215 3215 3215 3214 3214 3214 3212 3212 3212 3216 3216 3216 3215 3215 3215 3212 3212 3212 3217 3217 3217 3216 3216 3216 3218 3218 3218 3220 3220 3220 3219 3219 3219 3218 3218 3218 3221 3221 3221 3220 3220 3220 3218 3218 3218 3222 3222 3222 3221 3221 3221 3223 3223 3223 3225 3225 3225 3224 3224 3224 3223 3223 3223 3226 3226 3226 3225 3225 3225 3223 3223 3223 3227 3227 3227 3226 3226 3226 3223 3223 3223 3228 3228 3228 3227 3227 3227 3223 3223 3223 3229 3229 3229 3228 3228 3228 3230 3230 3230 3232 3232 3232 3231 3231 3231 3230 3230 3230 3233 3233 3233 3232 3232 3232 3230 3230 3230 3234 3234 3234 3233 3233 3233 3230 3230 3230 3235 3235 3235 3234 3234 3234 3236 3236 3236 3238 3238 3238 3237 3237 3237 3236 3236 3236 3239 3239 3239 3238 3238 3238 3236 3236 3236 3240 3240 3240 3239 3239 3239 3236 3236 3236 3241 3241 3241 3240 3240 3240 3236 3236 3236 3242 3242 3242 3241 3241 3241 3243 3243 3243 3245 3245 3245 3244 3244 3244 3243 3243 3243 3246 3246 3246 3245 3245 3245 3243 3243 3243 3247 3247 3247 3246 3246 3246 3248 3248 3248 3250 3250 3250 3249 3249 3249 3248 3248 3248 3251 3251 3251 3250 3250 3250 3248 3248 3248 3252 3252 3252 3251 3251 3251 3248 3248 3248 3253 3253 3253 3252 3252 3252 3248 3248 3248 3254 3254 3254 3253 3253 3253 3248 3248 3248 3255 3255 3255 3254 3254 3254 3256 3256 3256 3258 3258 3258 3257 3257 3257 3256 3256 3256 3259 3259 3259 3258 3258 3258 3256 3256 3256 3260 3260 3260 3259 3259 3259 3256 3256 3256 3261 3261 3261 3260 3260 3260 3256 3256 3256 3262 3262 3262 3261 3261 3261 3256 3256 3256 3263 3263 3263 3262 3262 3262 3256 3256 3256 3264 3264 3264 3263 3263 3263 3256 3256 3256 3265 3265 3265 3264 3264 3264 3266 3266 3266 3268 3268 3268 3267 3267 3267 3266 3266 3266 3269 3269 3269 3268 3268 3268 3270 3270 3270 3272 3272 3272 3271 3271 3271 3270 3270 3270 3273 3273 3273 3272 3272 3272 3274 3274 3274 3276 3276 3276 3275 3275 3275 3274 3274 3274 3277 3277 3277 3276 3276 3276 3274 3274 3274 3278 3278 3278 3277 3277 3277 3279 3279 3279 3281 3281 3281 3280 3280 3280 3279 3279 3279 3282 3282 3282 3281 3281 3281 3283 3283 3283 3285 3285 3285 3284 3284 3284 3283 3283 3283 3286 3286 3286 3285 3285 3285 3283 3283 3283 3287 3287 3287 3286 3286 3286 3288 3288 3288 3290 3290 3290 3289 3289 3289 3288 3288 3288 3291 3291 3291 3290 3290 3290 3288 3288 3288 3292 3292 3292 3291 3291 3291 3288 3288 3288 3293 3293 3293 3292 3292 3292 3288 3288 3288 3294 3294 3294 3293 3293 3293 3295 3295 3295 3297 3297 3297 3296 3296 3296 3295 3295 3295 3298 3298 3298 3297 3297 3297 3295 3295 3295 3299 3299 3299 3298 3298 3298 3300 3300 3300 3302 3302 3302 3301 3301 3301 3300 3300 3300 3303 3303 3303 3302 3302 3302 3304 3304 3304 3306 3306 3306 3305 3305 3305 3304 3304 3304 3307 3307 3307 3306 3306 3306 3304 3304 3304 3308 3308 3308 3307 3307 3307 3304 3304 3304 3309 3309 3309 3308 3308 3308 3304 3304 3304 3310 3310 3310 3309 3309 3309 3304 3304 3304 3311 3311 3311 3310 3310 3310 3312 3312 3312 3314 3314 3314 3313 3313 3313 3312 3312 3312 3315 3315 3315 3314 3314 3314 3316 3316 3316 3318 3318 3318 3317 3317 3317 3316 3316 3316 3319 3319 3319 3318 3318 3318 3316 3316 3316 3320 3320 3320 3319 3319 3319 3321 3321 3321 3323 3323 3323 3322 3322 3322 3321 3321 3321 3324 3324 3324 3323 3323 3323 3325 3325 3325 3327 3327 3327 3326 3326 3326 3325 3325 3325 3328 3328 3328 3327 3327 3327 3325 3325 3325 3329 3329 3329 3328 3328 3328 3325 3325 3325 3330 3330 3330 3329 3329 3329 3325 3325 3325 3331 3331 3331 3330 3330 3330 3325 3325 3325 3332 3332 3332 3331 3331 3331 3325 3325 3325 3333 3333 3333 3332 3332 3332 3334 3334 3334 3336 3336 3336 3335 3335 3335 3334 3334 3334 3337 3337 3337 3336 3336 3336 3338 3338 3338 3340 3340 3340 3339 3339 3339 3338 3338 3338 3341 3341 3341 3340 3340 3340 3338 3338 3338 3342 3342 3342 3341 3341 3341 3338 3338 3338 3343 3343 3343 3342 3342 3342 3344 3344 3344 3346 3346 3346 3345 3345 3345 3344 3344 3344 3347 3347 3347 3346 3346 3346 3344 3344 3344 3348 3348 3348 3347 3347 3347 3344 3344 3344 3349 3349 3349 3348 3348 3348 3344 3344 3344 3350 3350 3350 3349 3349 3349 3344 3344 3344 3351 3351 3351 3350 3350 3350 3352 3352 3352 3354 3354 3354 3353 3353 3353 3352 3352 3352 3355 3355 3355 3354 3354 3354 3352 3352 3352 3356 3356 3356 3355 3355 3355 3352 3352 3352 3357 3357 3357 3356 3356 3356 3352 3352 3352 3358 3358 3358 3357 3357 3357 3359 3359 3359 3361 3361 3361 3360 3360 3360 3359 3359 3359 3362 3362 3362 3361 3361 3361 3359 3359 3359 3363 3363 3363 3362 3362 3362 3364 3364 3364 3366 3366 3366 3365 3365 3365 3364 3364 3364 3367 3367 3367 3366 3366 3366 3364 3364 3364 3368 3368 3368 3367 3367 3367 3364 3364 3364 3369 3369 3369 3368 3368 3368 3370 3370 3370 3372 3372 3372 3371 3371 3371 3370 3370 3370 3373 3373 3373 3372 3372 3372 3374 3374 3374 3376 3376 3376 3375 3375 3375 3374 3374 3374 3377 3377 3377 3376 3376 3376 3374 3374 3374 3378 3378 3378 3377 3377 3377 3379 3379 3379 3381 3381 3381 3380 3380 3380 3379 3379 3379 3382 3382 3382 3381 3381 3381 3379 3379 3379 3383 3383 3383 3382 3382 3382 3384 3384 3384 3386 3386 3386 3385 3385 3385 3384 3384 3384 3387 3387 3387 3386 3386 3386 3384 3384 3384 3388 3388 3388 3387 3387 3387 3389 3389 3389 3391 3391 3391 3390 3390 3390 3389 3389 3389 3392 3392 3392 3391 3391 3391 3393 3393 3393 3395 3395 3395 3394 3394 3394 3393 3393 3393 3396 3396 3396 3395 3395 3395 3397 3397 3397 3399 3399 3399 3398 3398 3398 3397 3397 3397 3400 3400 3400 3399 3399 3399 3401 3401 3401 3403 3403 3403 3402 3402 3402 3401 3401 3401 3404 3404 3404 3403 3403 3403 3405 3405 3405 3407 3407 3407 3406 3406 3406 3405 3405 3405 3408 3408 3408 3407 3407 3407 3405 3405 3405 3409 3409 3409 3408 3408 3408 3405 3405 3405 3410 3410 3410 3409 3409 3409 3411 3411 3411 3413 3413 3413 3412 3412 3412 3411 3411 3411 3414 3414 3414 3413 3413 3413 3411 3411 3411 3415 3415 3415 3414 3414 3414 3411 3411 3411 3416 3416 3416 3415 3415 3415 3411 3411 3411 3417 3417 3417 3416 3416 3416 3418 3418 3418 3420 3420 3420 3419 3419 3419 3418 3418 3418 3421 3421 3421 3420 3420 3420 3418 3418 3418 3422 3422 3422 3421 3421 3421 3418 3418 3418 3423 3423 3423 3422 3422 3422 3424 3424 3424 3426 3426 3426 3425 3425 3425 3424 3424 3424 3427 3427 3427 3426 3426 3426 3428 3428 3428 3430 3430 3430 3429 3429 3429 3428 3428 3428 3431 3431 3431 3430 3430 3430 3428 3428 3428 3432 3432 3432 3431 3431 3431 3428 3428 3428 3433 3433 3433 3432 3432 3432 3434 3434 3434 3436 3436 3436 3435 3435 3435 3434 3434 3434 3437 3437 3437 3436 3436 3436 3438 3438 3438 3440 3440 3440 3439 3439 3439 3438 3438 3438 3441 3441 3441 3440 3440 3440 3438 3438 3438 3442 3442 3442 3441 3441 3441 3438 3438 3438 3443 3443 3443 3442 3442 3442 3444 3444 3444 3446 3446 3446 3445 3445 3445 3447 3447 3447 3449 3449 3449 3448 3448 3448 3450 3450 3450 3452 3452 3452 3451 3451 3451 3450 3450 3450 3453 3453 3453 3452 3452 3452 3450 3450 3450 3454 3454 3454 3453 3453 3453 3450 3450 3450 3455 3455 3455 3454 3454 3454 3456 3456 3456 3458 3458 3458 3457 3457 3457 3456 3456 3456 3459 3459 3459 3458 3458 3458 3460 3460 3460 3462 3462 3462 3461 3461 3461 3460 3460 3460 3463 3463 3463 3462 3462 3462 3464 3464 3464 3466 3466 3466 3465 3465 3465 3464 3464 3464 3467 3467 3467 3466 3466 3466 3464 3464 3464 3468 3468 3468 3467 3467 3467 3464 3464 3464 3469 3469 3469 3468 3468 3468 3470 3470 3470 3472 3472 3472 3471 3471 3471 3470 3470 3470 3473 3473 3473 3472 3472 3472 3474 3474 3474 3476 3476 3476 3475 3475 3475 3474 3474 3474 3477 3477 3477 3476 3476 3476 3474 3474 3474 3478 3478 3478 3477 3477 3477 3479 3479 3479 3481 3481 3481 3480 3480 3480 3479 3479 3479 3482 3482 3482 3481 3481 3481 3479 3479 3479 3483 3483 3483 3482 3482 3482 3479 3479 3479 3484 3484 3484 3483 3483 3483 3485 3485 3485 3487 3487 3487 3486 3486 3486 3485 3485 3485 3488 3488 3488 3487 3487 3487 3485 3485 3485 3489 3489 3489 3488 3488 3488 3490 3490 3490 3492 3492 3492 3491 3491 3491 3490 3490 3490 3493 3493 3493 3492 3492 3492 3490 3490 3490 3494 3494 3494 3493 3493 3493 3490 3490 3490 3495 3495 3495 3494 3494 3494 3490 3490 3490 3496 3496 3496 3495 3495 3495 3497 3497 3497 3499 3499 3499 3498 3498 3498 3497 3497 3497 3500 3500 3500 3499 3499 3499 3497 3497 3497 3501 3501 3501 3500 3500 3500 3502 3502 3502 3504 3504 3504 3503 3503 3503 3502 3502 3502 3505 3505 3505 3504 3504 3504 3502 3502 3502 3506 3506 3506 3505 3505 3505 3502 3502 3502 3507 3507 3507 3506 3506 3506 3508 3508 3508 3510 3510 3510 3509 3509 3509 3508 3508 3508 3511 3511 3511 3510 3510 3510 3512 3512 3512 3514 3514 3514 3513 3513 3513 3512 3512 3512 3515 3515 3515 3514 3514 3514 3512 3512 3512 3516 3516 3516 3515 3515 3515 3517 3517 3517 3519 3519 3519 3518 3518 3518 3517 3517 3517 3520 3520 3520 3519 3519 3519 3517 3517 3517 3521 3521 3521 3520 3520 3520 3522 3522 3522 3524 3524 3524 3523 3523 3523 3522 3522 3522 3525 3525 3525 3524 3524 3524 3522 3522 3522 3526 3526 3526 3525 3525 3525 3522 3522 3522 3527 3527 3527 3526 3526 3526 3528 3528 3528 3530 3530 3530 3529 3529 3529 3528 3528 3528 3531 3531 3531 3530 3530 3530 3528 3528 3528 3532 3532 3532 3531 3531 3531 3533 3533 3533 3535 3535 3535 3534 3534 3534 3533 3533 3533 3536 3536 3536 3535 3535 3535 3537 3537 3537 3539 3539 3539 3538 3538 3538 3537 3537 3537 3540 3540 3540 3539 3539 3539 3537 3537 3537 3541 3541 3541 3540 3540 3540 3537 3537 3537 3542 3542 3542 3541 3541 3541 3543 3543 3543 3545 3545 3545 3544 3544 3544 3543 3543 3543 3546 3546 3546 3545 3545 3545 3543 3543 3543 3547 3547 3547 3546 3546 3546 3548 3548 3548 3550 3550 3550 3549 3549 3549 3548 3548 3548 3551 3551 3551 3550 3550 3550 3548 3548 3548 3552 3552 3552 3551 3551 3551 3553 3553 3553 3555 3555 3555 3554 3554 3554 3553 3553 3553 3556 3556 3556 3555 3555 3555 3553 3553 3553 3557 3557 3557 3556 3556 3556 3558 3558 3558 3560 3560 3560 3559 3559 3559 3558 3558 3558 3561 3561 3561 3560 3560 3560 3562 3562 3562 3564 3564 3564 3563 3563 3563 3562 3562 3562 3565 3565 3565 3564 3564 3564 3566 3566 3566 3568 3568 3568 3567 3567 3567 3566 3566 3566 3569 3569 3569 3568 3568 3568 3566 3566 3566 3570 3570 3570 3569 3569 3569 3566 3566 3566 3571 3571 3571 3570 3570 3570 3572 3572 3572 3574 3574 3574 3573 3573 3573 3572 3572 3572 3575 3575 3575 3574 3574 3574 3576 3576 3576 3578 3578 3578 3577 3577 3577 3576 3576 3576 3579 3579 3579 3578 3578 3578 3576 3576 3576 3580 3580 3580 3579 3579 3579 3581 3581 3581 3583 3583 3583 3582 3582 3582 3581 3581 3581 3584 3584 3584 3583 3583 3583 3581 3581 3581 3585 3585 3585 3584 3584 3584 3581 3581 3581 3586 3586 3586 3585 3585 3585 3587 3587 3587 3589 3589 3589 3588 3588 3588 3587 3587 3587 3590 3590 3590 3589 3589 3589 3587 3587 3587 3591 3591 3591 3590 3590 3590 3592 3592 3592 3594 3594 3594 3593 3593 3593 3592 3592 3592 3595 3595 3595 3594 3594 3594 3596 3596 3596 3598 3598 3598 3597 3597 3597 3596 3596 3596 3599 3599 3599 3598 3598 3598 3596 3596 3596 3600 3600 3600 3599 3599 3599 3596 3596 3596 3601 3601 3601 3600 3600 3600 3596 3596 3596 3602 3602 3602 3601 3601 3601 3603 3603 3603 3605 3605 3605 3604 3604 3604 3603 3603 3603 3606 3606 3606 3605 3605 3605 3603 3603 3603 3607 3607 3607 3606 3606 3606 3608 3608 3608 3610 3610 3610 3609 3609 3609 3608 3608 3608 3611 3611 3611 3610 3610 3610 3608 3608 3608 3612 3612 3612 3611 3611 3611 3613 3613 3613 3615 3615 3615 3614 3614 3614 3613 3613 3613 3616 3616 3616 3615 3615 3615 3613 3613 3613 3617 3617 3617 3616 3616 3616 3618 3618 3618 3620 3620 3620 3619 3619 3619 3618 3618 3618 3621 3621 3621 3620 3620 3620 3618 3618 3618 3622 3622 3622 3621 3621 3621 3623 3623 3623 3625 3625 3625 3624 3624 3624 3623 3623 3623 3626 3626 3626 3625 3625 3625 3627 3627 3627 3629 3629 3629 3628 3628 3628 3627 3627 3627 3630 3630 3630 3629 3629 3629 3627 3627 3627 3631 3631 3631 3630 3630 3630 3632 3632 3632 3634 3634 3634 3633 3633 3633 3632 3632 3632 3635 3635 3635 3634 3634 3634 3636 3636 3636 3638 3638 3638 3637 3637 3637 3636 3636 3636 3639 3639 3639 3638 3638 3638 3640 3640 3640 3642 3642 3642 3641 3641 3641 3640 3640 3640 3643 3643 3643 3642 3642 3642 3640 3640 3640 3644 3644 3644 3643 3643 3643 3640 3640 3640 3645 3645 3645 3644 3644 3644 3646 3646 3646 3648 3648 3648 3647 3647 3647 3646 3646 3646 3649 3649 3649 3648 3648 3648 3650 3650 3650 3652 3652 3652 3651 3651 3651 3650 3650 3650 3653 3653 3653 3652 3652 3652 3654 3654 3654 3656 3656 3656 3655 3655 3655 3654 3654 3654 3657 3657 3657 3656 3656 3656 3658 3658 3658 3660 3660 3660 3659 3659 3659 3658 3658 3658 3661 3661 3661 3660 3660 3660 3658 3658 3658 3662 3662 3662 3661 3661 3661 3658 3658 3658 3663 3663 3663 3662 3662 3662 3664 3664 3664 3666 3666 3666 3665 3665 3665 3664 3664 3664 3667 3667 3667 3666 3666 3666 3664 3664 3664 3668 3668 3668 3667 3667 3667 3664 3664 3664 3669 3669 3669 3668 3668 3668 3664 3664 3664 3670 3670 3670 3669 3669 3669 3671 3671 3671 3673 3673 3673 3672 3672 3672 3671 3671 3671 3674 3674 3674 3673 3673 3673 3675 3675 3675 3677 3677 3677 3676 3676 3676 3675 3675 3675 3678 3678 3678 3677 3677 3677 3675 3675 3675 3679 3679 3679 3678 3678 3678 3675 3675 3675 3680 3680 3680 3679 3679 3679 3675 3675 3675 3681 3681 3681 3680 3680 3680 3682 3682 3682 3684 3684 3684 3683 3683 3683 3682 3682 3682 3685 3685 3685 3684 3684 3684 3682 3682 3682 3686 3686 3686 3685 3685 3685 3687 3687 3687 3689 3689 3689 3688 3688 3688 3687 3687 3687 3690 3690 3690 3689 3689 3689 3687 3687 3687 3691 3691 3691 3690 3690 3690 3692 3692 3692 3694 3694 3694 3693 3693 3693 3692 3692 3692 3695 3695 3695 3694 3694 3694 3692 3692 3692 3696 3696 3696 3695 3695 3695 3692 3692 3692 3697 3697 3697 3696 3696 3696 3698 3698 3698 3700 3700 3700 3699 3699 3699 3698 3698 3698 3701 3701 3701 3700 3700 3700 3698 3698 3698 3702 3702 3702 3701 3701 3701 3698 3698 3698 3703 3703 3703 3702 3702 3702 3704 3704 3704 3706 3706 3706 3705 3705 3705 3704 3704 3704 3707 3707 3707 3706 3706 3706 3708 3708 3708 3710 3710 3710 3709 3709 3709 3708 3708 3708 3711 3711 3711 3710 3710 3710 3708 3708 3708 3712 3712 3712 3711 3711 3711 3708 3708 3708 3713 3713 3713 3712 3712 3712 3708 3708 3708 3714 3714 3714 3713 3713 3713 3708 3708 3708 3715 3715 3715 3714 3714 3714 3716 3716 3716 3718 3718 3718 3717 3717 3717 3716 3716 3716 3719 3719 3719 3718 3718 3718 3720 3720 3720 3722 3722 3722 3721 3721 3721 3720 3720 3720 3723 3723 3723 3722 3722 3722 3720 3720 3720 3724 3724 3724 3723 3723 3723 3725 3725 3725 3727 3727 3727 3726 3726 3726 3725 3725 3725 3728 3728 3728 3727 3727 3727 3725 3725 3725 3729 3729 3729 3728 3728 3728 3730 3730 3730 3732 3732 3732 3731 3731 3731 3730 3730 3730 3733 3733 3733 3732 3732 3732 3734 3734 3734 3736 3736 3736 3735 3735 3735 3734 3734 3734 3737 3737 3737 3736 3736 3736 3734 3734 3734 3738 3738 3738 3737 3737 3737 3734 3734 3734 3739 3739 3739 3738 3738 3738 3740 3740 3740 3742 3742 3742 3741 3741 3741 3740 3740 3740 3743 3743 3743 3742 3742 3742 3744 3744 3744 3746 3746 3746 3745 3745 3745 3744 3744 3744 3747 3747 3747 3746 3746 3746 3748 3748 3748 3750 3750 3750 3749 3749 3749 3748 3748 3748 3751 3751 3751 3750 3750 3750 3748 3748 3748 3752 3752 3752 3751 3751 3751 3753 3753 3753 3755 3755 3755 3754 3754 3754 3753 3753 3753 3756 3756 3756 3755 3755 3755 3753 3753 3753 3757 3757 3757 3756 3756 3756 3753 3753 3753 3758 3758 3758 3757 3757 3757 3753 3753 3753 3759 3759 3759 3758 3758 3758 3753 3753 3753 3760 3760 3760 3759 3759 3759 3761 3761 3761 3763 3763 3763 3762 3762 3762 3761 3761 3761 3764 3764 3764 3763 3763 3763 3761 3761 3761 3765 3765 3765 3764 3764 3764 3761 3761 3761 3766 3766 3766 3765 3765 3765 3761 3761 3761 3767 3767 3767 3766 3766 3766 3768 3768 3768 3770 3770 3770 3769 3769 3769 3768 3768 3768 3771 3771 3771 3770 3770 3770 3772 3772 3772 3774 3774 3774 3773 3773 3773 3772 3772 3772 3775 3775 3775 3774 3774 3774 3772 3772 3772 3776 3776 3776 3775 3775 3775 3772 3772 3772 3777 3777 3777 3776 3776 3776 3772 3772 3772 3778 3778 3778 3777 3777 3777 3772 3772 3772 3779 3779 3779 3778 3778 3778 3772 3772 3772 3780 3780 3780 3779 3779 3779 3781 3781 3781 3783 3783 3783 3782 3782 3782 3781 3781 3781 3784 3784 3784 3783 3783 3783 3785 3785 3785 3787 3787 3787 3786 3786 3786 3785 3785 3785 3788 3788 3788 3787 3787 3787 3789 3789 3789 3791 3791 3791 3790 3790 3790 3789 3789 3789 3792 3792 3792 3791 3791 3791 3789 3789 3789 3793 3793 3793 3792 3792 3792 3794 3794 3794 3796 3796 3796 3795 3795 3795 3794 3794 3794 3797 3797 3797 3796 3796 3796 3798 3798 3798 3800 3800 3800 3799 3799 3799 3798 3798 3798 3801 3801 3801 3800 3800 3800 3798 3798 3798 3802 3802 3802 3801 3801 3801 3803 3803 3803 3805 3805 3805 3804 3804 3804 3803 3803 3803 3806 3806 3806 3805 3805 3805 3803 3803 3803 3807 3807 3807 3806 3806 3806 3808 3808 3808 3810 3810 3810 3809 3809 3809 3808 3808 3808 3811 3811 3811 3810 3810 3810 3812 3812 3812 3814 3814 3814 3813 3813 3813 3812 3812 3812 3815 3815 3815 3814 3814 3814 3816 3816 3816 3818 3818 3818 3817 3817 3817 3816 3816 3816 3819 3819 3819 3818 3818 3818 3820 3820 3820 3822 3822 3822 3821 3821 3821 3820 3820 3820 3823 3823 3823 3822 3822 3822 3820 3820 3820 3824 3824 3824 3823 3823 3823 3820 3820 3820 3825 3825 3825 3824 3824 3824 3820 3820 3820 3826 3826 3826 3825 3825 3825 3820 3820 3820 3827 3827 3827 3826 3826 3826 3828 3828 3828 3830 3830 3830 3829 3829 3829 3828 3828 3828 3831 3831 3831 3830 3830 3830 3832 3832 3832 3834 3834 3834 3833 3833 3833 3832 3832 3832 3835 3835 3835 3834 3834 3834 3832 3832 3832 3836 3836 3836 3835 3835 3835 3837 3837 3837 3839 3839 3839 3838 3838 3838 3837 3837 3837 3840 3840 3840 3839 3839 3839 3837 3837 3837 3841 3841 3841 3840 3840 3840 3837 3837 3837 3842 3842 3842 3841 3841 3841 3837 3837 3837 3843 3843 3843 3842 3842 3842 3844 3844 3844 3846 3846 3846 3845 3845 3845 3844 3844 3844 3847 3847 3847 3846 3846 3846 3844 3844 3844 3848 3848 3848 3847 3847 3847 3844 3844 3844 3849 3849 3849 3848 3848 3848 3850 3850 3850 3852 3852 3852 3851 3851 3851 3850 3850 3850 3853 3853 3853 3852 3852 3852 3850 3850 3850 3854 3854 3854 3853 3853 3853 3850 3850 3850 3855 3855 3855 3854 3854 3854 3850 3850 3850 3856 3856 3856 3855 3855 3855 3857 3857 3857 3859 3859 3859 3858 3858 3858 3857 3857 3857 3860 3860 3860 3859 3859 3859 3861 3861 3861 3863 3863 3863 3862 3862 3862 3861 3861 3861 3864 3864 3864 3863 3863 3863 3865 3865 3865 3867 3867 3867 3866 3866 3866 3865 3865 3865 3868 3868 3868 3867 3867 3867 3869 3869 3869 3871 3871 3871 3870 3870 3870 3869 3869 3869 3872 3872 3872 3871 3871 3871 3869 3869 3869 3873 3873 3873 3872 3872 3872 3869 3869 3869 3874 3874 3874 3873 3873 3873 3869 3869 3869 3875 3875 3875 3874 3874 3874 3869 3869 3869 3876 3876 3876 3875 3875 3875 3869 3869 3869 3877 3877 3877 3876 3876 3876 3878 3878 3878 3880 3880 3880 3879 3879 3879 3878 3878 3878 3881 3881 3881 3880 3880 3880 3878 3878 3878 3882 3882 3882 3881 3881 3881 3878 3878 3878 3883 3883 3883 3882 3882 3882 3878 3878 3878 3884 3884 3884 3883 3883 3883 3885 3885 3885 3887 3887 3887 3886 3886 3886 3888 3888 3888 3890 3890 3890 3889 3889 3889 3888 3888 3888 3891 3891 3891 3890 3890 3890 3892 3892 3892 3894 3894 3894 3893 3893 3893 3895 3895 3895 3897 3897 3897 3896 3896 3896 3895 3895 3895 3898 3898 3898 3897 3897 3897 3895 3895 3895 3899 3899 3899 3898 3898 3898 3895 3895 3895 3900 3900 3900 3899 3899 3899 3901 3901 3901 3903 3903 3903 3902 3902 3902 3904 3904 3904 3906 3906 3906 3905 3905 3905 3907 3907 3907 3909 3909 3909 3908 3908 3908 3907 3907 3907 3910 3910 3910 3909 3909 3909 3907 3907 3907 3911 3911 3911 3910 3910 3910 3907 3907 3907 3912 3912 3912 3911 3911 3911 3913 3913 3913 3915 3915 3915 3914 3914 3914 3913 3913 3913 3916 3916 3916 3915 3915 3915 3917 3917 3917 3919 3919 3919 3918 3918 3918 3917 3917 3917 3920 3920 3920 3919 3919 3919 3921 3921 3921 3923 3923 3923 3922 3922 3922 3921 3921 3921 3924 3924 3924 3923 3923 3923 3921 3921 3921 3925 3925 3925 3924 3924 3924 3921 3921 3921 3926 3926 3926 3925 3925 3925 3921 3921 3921 3927 3927 3927 3926 3926 3926 3928 3928 3928 3930 3930 3930 3929 3929 3929 3928 3928 3928 3931 3931 3931 3930 3930 3930 3928 3928 3928 3932 3932 3932 3931 3931 3931 3933 3933 3933 3935 3935 3935 3934 3934 3934 3933 3933 3933 3936 3936 3936 3935 3935 3935 3933 3933 3933 3937 3937 3937 3936 3936 3936 3933 3933 3933 3938 3938 3938 3937 3937 3937 3933 3933 3933 3939 3939 3939 3938 3938 3938 3940 3940 3940 3942 3942 3942 3941 3941 3941 3940 3940 3940 3943 3943 3943 3942 3942 3942 3940 3940 3940 3944 3944 3944 3943 3943 3943 3945 3945 3945 3947 3947 3947 3946 3946 3946 3945 3945 3945 3948 3948 3948 3947 3947 3947 3945 3945 3945 3949 3949 3949 3948 3948 3948 3950 3950 3950 3952 3952 3952 3951 3951 3951 3950 3950 3950 3953 3953 3953 3952 3952 3952 3954 3954 3954 3956 3956 3956 3955 3955 3955 3954 3954 3954 3957 3957 3957 3956 3956 3956 3954 3954 3954 3958 3958 3958 3957 3957 3957 3954 3954 3954 3959 3959 3959 3958 3958 3958 3960 3960 3960 3962 3962 3962 3961 3961 3961 3960 3960 3960 3963 3963 3963 3962 3962 3962 3964 3964 3964 3966 3966 3966 3965 3965 3965 3964 3964 3964 3967 3967 3967 3966 3966 3966 3964 3964 3964 3968 3968 3968 3967 3967 3967 3964 3964 3964 3969 3969 3969 3968 3968 3968 3964 3964 3964 3970 3970 3970 3969 3969 3969 3964 3964 3964 3971 3971 3971 3970 3970 3970 3972 3972 3972 3974 3974 3974 3973 3973 3973 3972 3972 3972 3975 3975 3975 3974 3974 3974 3972 3972 3972 3976 3976 3976 3975 3975 3975 3972 3972 3972 3977 3977 3977 3976 3976 3976 3978 3978 3978 3980 3980 3980 3979 3979 3979 3978 3978 3978 3981 3981 3981 3980 3980 3980 3982 3982 3982 3984 3984 3984 3983 3983 3983 3982 3982 3982 3985 3985 3985 3984 3984 3984 3982 3982 3982 3986 3986 3986 3985 3985 3985 3987 3987 3987 3989 3989 3989 3988 3988 3988 3987 3987 3987 3990 3990 3990 3989 3989 3989 3987 3987 3987 3991 3991 3991 3990 3990 3990 3987 3987 3987 3992 3992 3992 3991 3991 3991 3993 3993 3993 3995 3995 3995 3994 3994 3994 3993 3993 3993 3996 3996 3996 3995 3995 3995 3993 3993 3993 3997 3997 3997 3996 3996 3996 3993 3993 3993 3998 3998 3998 3997 3997 3997 3993 3993 3993 3999 3999 3999 3998 3998 3998 3993 3993 3993 4000 4000 4000 3999 3999 3999 4001 4001 4001 4003 4003 4003 4002 4002 4002 4001 4001 4001 4004 4004 4004 4003 4003 4003 4001 4001 4001 4005 4005 4005 4004 4004 4004 4001 4001 4001 4006 4006 4006 4005 4005 4005 4007 4007 4007 4009 4009 4009 4008 4008 4008 4007 4007 4007 4010 4010 4010 4009 4009 4009 4011 4011 4011 4013 4013 4013 4012 4012 4012 4011 4011 4011 4014 4014 4014 4013 4013 4013 4011 4011 4011 4015 4015 4015 4014 4014 4014 4016 4016 4016 4018 4018 4018 4017 4017 4017 4016 4016 4016 4019 4019 4019 4018 4018 4018 4016 4016 4016 4020 4020 4020 4019 4019 4019 4016 4016 4016 4021 4021 4021 4020 4020 4020 4016 4016 4016 4022 4022 4022 4021 4021 4021 4023 4023 4023 4025 4025 4025 4024 4024 4024 4023 4023 4023 4026 4026 4026 4025 4025 4025 4023 4023 4023 4027 4027 4027 4026 4026 4026 4028 4028 4028 4030 4030 4030 4029 4029 4029 4028 4028 4028 4031 4031 4031 4030 4030 4030 4032 4032 4032 4034 4034 4034 4033 4033 4033 4032 4032 4032 4035 4035 4035 4034 4034 4034 4036 4036 4036 4038 4038 4038 4037 4037 4037 4036 4036 4036 4039 4039 4039 4038 4038 4038 4036 4036 4036 4040 4040 4040 4039 4039 4039 4041 4041 4041 4043 4043 4043 4042 4042 4042 4041 4041 4041 4044 4044 4044 4043 4043 4043 4041 4041 4041 4045 4045 4045 4044 4044 4044 4046 4046 4046 4048 4048 4048 4047 4047 4047 4046 4046 4046 4049 4049 4049 4048 4048 4048 4046 4046 4046 4050 4050 4050 4049 4049 4049 4051 4051 4051 4053 4053 4053 4052 4052 4052 4051 4051 4051 4054 4054 4054 4053 4053 4053 4051 4051 4051 4055 4055 4055 4054 4054 4054 4056 4056 4056 4058 4058 4058 4057 4057 4057 4056 4056 4056 4059 4059 4059 4058 4058 4058 4056 4056 4056 4060 4060 4060 4059 4059 4059 4061 4061 4061 4063 4063 4063 4062 4062 4062 4061 4061 4061 4064 4064 4064 4063 4063 4063 4061 4061 4061 4065 4065 4065 4064 4064 4064 4066 4066 4066 4068 4068 4068 4067 4067 4067 4066 4066 4066 4069 4069 4069 4068 4068 4068 4070 4070 4070 4072 4072 4072 4071 4071 4071 4070 4070 4070 4073 4073 4073 4072 4072 4072 4070 4070 4070 4074 4074 4074 4073 4073 4073 4070 4070 4070 4075 4075 4075 4074 4074 4074 4076 4076 4076 4078 4078 4078 4077 4077 4077 4076 4076 4076 4079 4079 4079 4078 4078 4078 4076 4076 4076 4080 4080 4080 4079 4079 4079 4076 4076 4076 4081 4081 4081 4080 4080 4080 4076 4076 4076 4082 4082 4082 4081 4081 4081 4076 4076 4076 4083 4083 4083 4082 4082 4082 4076 4076 4076 4084 4084 4084 4083 4083 4083 4085 4085 4085 4087 4087 4087 4086 4086 4086 4085 4085 4085 4088 4088 4088 4087 4087 4087 4085 4085 4085 4089 4089 4089 4088 4088 4088 4085 4085 4085 4090 4090 4090 4089 4089 4089 4085 4085 4085 4091 4091 4091 4090 4090 4090 4085 4085 4085 4092 4092 4092 4091 4091 4091 4093 4093 4093 4095 4095 4095 4094 4094 4094 4093 4093 4093 4096 4096 4096 4095 4095 4095 4097 4097 4097 4099 4099 4099 4098 4098 4098 4097 4097 4097 4100 4100 4100 4099 4099 4099 4097 4097 4097 4101 4101 4101 4100 4100 4100 4097 4097 4097 4102 4102 4102 4101 4101 4101 4103 4103 4103 4105 4105 4105 4104 4104 4104 4103 4103 4103 4106 4106 4106 4105 4105 4105 4103 4103 4103 4107 4107 4107 4106 4106 4106 4108 4108 4108 4110 4110 4110 4109 4109 4109 4108 4108 4108 4111 4111 4111 4110 4110 4110 4108 4108 4108 4112 4112 4112 4111 4111 4111 4108 4108 4108 4113 4113 4113 4112 4112 4112 4114 4114 4114 4116 4116 4116 4115 4115 4115 4114 4114 4114 4117 4117 4117 4116 4116 4116 4118 4118 4118 4120 4120 4120 4119 4119 4119 4118 4118 4118 4121 4121 4121 4120 4120 4120 4118 4118 4118 4122 4122 4122 4121 4121 4121 4118 4118 4118 4123 4123 4123 4122 4122 4122 4124 4124 4124 4126 4126 4126 4125 4125 4125 4124 4124 4124 4127 4127 4127 4126 4126 4126 4124 4124 4124 4128 4128 4128 4127 4127 4127 4124 4124 4124 4129 4129 4129 4128 4128 4128 4124 4124 4124 4130 4130 4130 4129 4129 4129 4124 4124 4124 4131 4131 4131 4130 4130 4130 4132 4132 4132 4134 4134 4134 4133 4133 4133 4132 4132 4132 4135 4135 4135 4134 4134 4134 4132 4132 4132 4136 4136 4136 4135 4135 4135 4132 4132 4132 4137 4137 4137 4136 4136 4136 4138 4138 4138 4140 4140 4140 4139 4139 4139 4138 4138 4138 4141 4141 4141 4140 4140 4140 4142 4142 4142 4144 4144 4144 4143 4143 4143 4142 4142 4142 4145 4145 4145 4144 4144 4144 4142 4142 4142 4146 4146 4146 4145 4145 4145 4142 4142 4142 4147 4147 4147 4146 4146 4146 4148 4148 4148 4150 4150 4150 4149 4149 4149 4148 4148 4148 4151 4151 4151 4150 4150 4150 4148 4148 4148 4152 4152 4152 4151 4151 4151 4148 4148 4148 4153 4153 4153 4152 4152 4152 4154 4154 4154 4156 4156 4156 4155 4155 4155 4154 4154 4154 4157 4157 4157 4156 4156 4156 4158 4158 4158 4160 4160 4160 4159 4159 4159 4158 4158 4158 4161 4161 4161 4160 4160 4160 4158 4158 4158 4162 4162 4162 4161 4161 4161 4158 4158 4158 4163 4163 4163 4162 4162 4162 4164 4164 4164 4166 4166 4166 4165 4165 4165 4164 4164 4164 4167 4167 4167 4166 4166 4166 4164 4164 4164 4168 4168 4168 4167 4167 4167 4164 4164 4164 4169 4169 4169 4168 4168 4168 4170 4170 4170 4172 4172 4172 4171 4171 4171 4170 4170 4170 4173 4173 4173 4172 4172 4172 4170 4170 4170 4174 4174 4174 4173 4173 4173 4170 4170 4170 4175 4175 4175 4174 4174 4174 4176 4176 4176 4178 4178 4178 4177 4177 4177 4176 4176 4176 4179 4179 4179 4178 4178 4178 4180 4180 4180 4182 4182 4182 4181 4181 4181 4180 4180 4180 4183 4183 4183 4182 4182 4182 4184 4184 4184 4186 4186 4186 4185 4185 4185 4184 4184 4184 4187 4187 4187 4186 4186 4186 4184 4184 4184 4188 4188 4188 4187 4187 4187 4184 4184 4184 4189 4189 4189 4188 4188 4188 4190 4190 4190 4192 4192 4192 4191 4191 4191 4190 4190 4190 4193 4193 4193 4192 4192 4192 4190 4190 4190 4194 4194 4194 4193 4193 4193 4195 4195 4195 4197 4197 4197 4196 4196 4196 4195 4195 4195 4198 4198 4198 4197 4197 4197 4195 4195 4195 4199 4199 4199 4198 4198 4198 4200 4200 4200 4202 4202 4202 4201 4201 4201 4200 4200 4200 4203 4203 4203 4202 4202 4202 4204 4204 4204 4206 4206 4206 4205 4205 4205 4204 4204 4204 4207 4207 4207 4206 4206 4206 4204 4204 4204 4208 4208 4208 4207 4207 4207 4209 4209 4209 4211 4211 4211 4210 4210 4210 4209 4209 4209 4212 4212 4212 4211 4211 4211 4209 4209 4209 4213 4213 4213 4212 4212 4212 4214 4214 4214 4216 4216 4216 4215 4215 4215 4214 4214 4214 4217 4217 4217 4216 4216 4216 4214 4214 4214 4218 4218 4218 4217 4217 4217 4214 4214 4214 4219 4219 4219 4218 4218 4218 4214 4214 4214 4220 4220 4220 4219 4219 4219 4214 4214 4214 4221 4221 4221 4220 4220 4220 4214 4214 4214 4222 4222 4222 4221 4221 4221 4214 4214 4214 4223 4223 4223 4222 4222 4222 4224 4224 4224 4226 4226 4226 4225 4225 4225 4224 4224 4224 4227 4227 4227 4226 4226 4226 4224 4224 4224 4228 4228 4228 4227 4227 4227 4224 4224 4224 4229 4229 4229 4228 4228 4228 4224 4224 4224 4230 4230 4230 4229 4229 4229 4231 4231 4231 4233 4233 4233 4232 4232 4232 4231 4231 4231 4234 4234 4234 4233 4233 4233 4231 4231 4231 4235 4235 4235 4234 4234 4234 4231 4231 4231 4236 4236 4236 4235 4235 4235 4231 4231 4231 4237 4237 4237 4236 4236 4236 4238 4238 4238 4240 4240 4240 4239 4239 4239 4238 4238 4238 4241 4241 4241 4240 4240 4240 4242 4242 4242 4244 4244 4244 4243 4243 4243 4242 4242 4242 4245 4245 4245 4244 4244 4244 4242 4242 4242 4246 4246 4246 4245 4245 4245 4247 4247 4247 4249 4249 4249 4248 4248 4248 4247 4247 4247 4250 4250 4250 4249 4249 4249 4251 4251 4251 4253 4253 4253 4252 4252 4252 4251 4251 4251 4254 4254 4254 4253 4253 4253 4251 4251 4251 4255 4255 4255 4254 4254 4254 4251 4251 4251 4256 4256 4256 4255 4255 4255 4251 4251 4251 4257 4257 4257 4256 4256 4256 4251 4251 4251 4258 4258 4258 4257 4257 4257 4259 4259 4259 4261 4261 4261 4260 4260 4260 4259 4259 4259 4262 4262 4262 4261 4261 4261 4259 4259 4259 4263 4263 4263 4262 4262 4262 4264 4264 4264 4266 4266 4266 4265 4265 4265 4264 4264 4264 4267 4267 4267 4266 4266 4266 4268 4268 4268 4270 4270 4270 4269 4269 4269 4268 4268 4268 4271 4271 4271 4270 4270 4270 4268 4268 4268 4272 4272 4272 4271 4271 4271 4273 4273 4273 4275 4275 4275 4274 4274 4274 4273 4273 4273 4276 4276 4276 4275 4275 4275 4273 4273 4273 4277 4277 4277 4276 4276 4276 4273 4273 4273 4278 4278 4278 4277 4277 4277 4273 4273 4273 4279 4279 4279 4278 4278 4278 4273 4273 4273 4280 4280 4280 4279 4279 4279 4281 4281 4281 4283 4283 4283 4282 4282 4282 4281 4281 4281 4284 4284 4284 4283 4283 4283 4281 4281 4281 4285 4285 4285 4284 4284 4284 4286 4286 4286 4288 4288 4288 4287 4287 4287 4286 4286 4286 4289 4289 4289 4288 4288 4288 4286 4286 4286 4290 4290 4290 4289 4289 4289 4286 4286 4286 4291 4291 4291 4290 4290 4290 4292 4292 4292 4294 4294 4294 4293 4293 4293 4292 4292 4292 4295 4295 4295 4294 4294 4294 4292 4292 4292 4296 4296 4296 4295 4295 4295 4292 4292 4292 4297 4297 4297 4296 4296 4296 4298 4298 4298 4300 4300 4300 4299 4299 4299 4298 4298 4298 4301 4301 4301 4300 4300 4300 4298 4298 4298 4302 4302 4302 4301 4301 4301 4303 4303 4303 4305 4305 4305 4304 4304 4304 4303 4303 4303 4306 4306 4306 4305 4305 4305 4307 4307 4307 4309 4309 4309 4308 4308 4308 4307 4307 4307 4310 4310 4310 4309 4309 4309 4311 4311 4311 4313 4313 4313 4312 4312 4312 4311 4311 4311 4314 4314 4314 4313 4313 4313 4315 4315 4315 4317 4317 4317 4316 4316 4316 4315 4315 4315 4318 4318 4318 4317 4317 4317 4319 4319 4319 4321 4321 4321 4320 4320 4320 4319 4319 4319 4322 4322 4322 4321 4321 4321 4323 4323 4323 4325 4325 4325 4324 4324 4324 4323 4323 4323 4326 4326 4326 4325 4325 4325 4327 4327 4327 4329 4329 4329 4328 4328 4328 4327 4327 4327 4330 4330 4330 4329 4329 4329 4327 4327 4327 4331 4331 4331 4330 4330 4330 4327 4327 4327 4332 4332 4332 4331 4331 4331 4333 4333 4333 4335 4335 4335 4334 4334 4334 4333 4333 4333 4336 4336 4336 4335 4335 4335 4337 4337 4337 4339 4339 4339 4338 4338 4338 4337 4337 4337 4340 4340 4340 4339 4339 4339 4341 4341 4341 4343 4343 4343 4342 4342 4342 4341 4341 4341 4344 4344 4344 4343 4343 4343 4341 4341 4341 4345 4345 4345 4344 4344 4344 4346 4346 4346 4348 4348 4348 4347 4347 4347 4346 4346 4346 4349 4349 4349 4348 4348 4348 4350 4350 4350 4352 4352 4352 4351 4351 4351 4350 4350 4350 4353 4353 4353 4352 4352 4352 4350 4350 4350 4354 4354 4354 4353 4353 4353 4350 4350 4350 4355 4355 4355 4354 4354 4354 4350 4350 4350 4356 4356 4356 4355 4355 4355 4350 4350 4350 4357 4357 4357 4356 4356 4356 4350 4350 4350 4358 4358 4358 4357 4357 4357 4350 4350 4350 4359 4359 4359 4358 4358 4358 4350 4350 4350 4360 4360 4360 4359 4359 4359 4361 4361 4361 4363 4363 4363 4362 4362 4362 4361 4361 4361 4364 4364 4364 4363 4363 4363 4365 4365 4365 4367 4367 4367 4366 4366 4366 4365 4365 4365 4368 4368 4368 4367 4367 4367 4369 4369 4369 4371 4371 4371 4370 4370 4370 4369 4369 4369 4372 4372 4372 4371 4371 4371 4369 4369 4369 4373 4373 4373 4372 4372 4372 4374 4374 4374 4376 4376 4376 4375 4375 4375 4374 4374 4374 4377 4377 4377 4376 4376 4376 4374 4374 4374 4378 4378 4378 4377 4377 4377 4374 4374 4374 4379 4379 4379 4378 4378 4378 4374 4374 4374 4380 4380 4380 4379 4379 4379 4374 4374 4374 4381 4381 4381 4380 4380 4380 4382 4382 4382 4384 4384 4384 4383 4383 4383 4382 4382 4382 4385 4385 4385 4384 4384 4384 4386 4386 4386 4388 4388 4388 4387 4387 4387 4386 4386 4386 4389 4389 4389 4388 4388 4388 4386 4386 4386 4390 4390 4390 4389 4389 4389 4391 4391 4391 4393 4393 4393 4392 4392 4392 4391 4391 4391 4394 4394 4394 4393 4393 4393 4391 4391 4391 4395 4395 4395 4394 4394 4394 4391 4391 4391 4396 4396 4396 4395 4395 4395 4397 4397 4397 4399 4399 4399 4398 4398 4398 4397 4397 4397 4400 4400 4400 4399 4399 4399 4401 4401 4401 4403 4403 4403 4402 4402 4402 4404 4404 4404 4406 4406 4406 4405 4405 4405 4404 4404 4404 4407 4407 4407 4406 4406 4406 4408 4408 4408 4410 4410 4410 4409 4409 4409 4408 4408 4408 4411 4411 4411 4410 4410 4410 4408 4408 4408 4412 4412 4412 4411 4411 4411 4408 4408 4408 4413 4413 4413 4412 4412 4412 4414 4414 4414 4416 4416 4416 4415 4415 4415 4414 4414 4414 4417 4417 4417 4416 4416 4416 4414 4414 4414 4418 4418 4418 4417 4417 4417 4414 4414 4414 4419 4419 4419 4418 4418 4418 4420 4420 4420 4422 4422 4422 4421 4421 4421 4420 4420 4420 4423 4423 4423 4422 4422 4422 4424 4424 4424 4426 4426 4426 4425 4425 4425 4427 4427 4427 4429 4429 4429 4428 4428 4428 4427 4427 4427 4430 4430 4430 4429 4429 4429 4427 4427 4427 4431 4431 4431 4430 4430 4430 4432 4432 4432 4434 4434 4434 4433 4433 4433 4432 4432 4432 4435 4435 4435 4434 4434 4434 4436 4436 4436 4438 4438 4438 4437 4437 4437 4436 4436 4436 4439 4439 4439 4438 4438 4438 4440 4440 4440 4442 4442 4442 4441 4441 4441 4440 4440 4440 4443 4443 4443 4442 4442 4442 4440 4440 4440 4444 4444 4444 4443 4443 4443 4445 4445 4445 4447 4447 4447 4446 4446 4446 4445 4445 4445 4448 4448 4448 4447 4447 4447 4445 4445 4445 4449 4449 4449 4448 4448 4448 4450 4450 4450 4452 4452 4452 4451 4451 4451 4450 4450 4450 4453 4453 4453 4452 4452 4452 4454 4454 4454 4456 4456 4456 4455 4455 4455 4454 4454 4454 4457 4457 4457 4456 4456 4456 4454 4454 4454 4458 4458 4458 4457 4457 4457 4459 4459 4459 4461 4461 4461 4460 4460 4460 4459 4459 4459 4462 4462 4462 4461 4461 4461 4459 4459 4459 4463 4463 4463 4462 4462 4462 4464 4464 4464 4466 4466 4466 4465 4465 4465 4464 4464 4464 4467 4467 4467 4466 4466 4466 4464 4464 4464 4468 4468 4468 4467 4467 4467 4464 4464 4464 4469 4469 4469 4468 4468 4468 4464 4464 4464 4470 4470 4470 4469 4469 4469 4471 4471 4471 4473 4473 4473 4472 4472 4472 4471 4471 4471 4474 4474 4474 4473 4473 4473 4471 4471 4471 4475 4475 4475 4474 4474 4474 4471 4471 4471 4476 4476 4476 4475 4475 4475 4477 4477 4477 4479 4479 4479 4478 4478 4478 4477 4477 4477 4480 4480 4480 4479 4479 4479 4477 4477 4477 4481 4481 4481 4480 4480 4480 4477 4477 4477 4482 4482 4482 4481 4481 4481 4477 4477 4477 4483 4483 4483 4482 4482 4482 4484 4484 4484 4486 4486 4486 4485 4485 4485 4484 4484 4484 4487 4487 4487 4486 4486 4486 4484 4484 4484 4488 4488 4488 4487 4487 4487 4489 4489 4489 4491 4491 4491 4490 4490 4490 4489 4489 4489 4492 4492 4492 4491 4491 4491 4489 4489 4489 4493 4493 4493 4492 4492 4492 4494 4494 4494 4496 4496 4496 4495 4495 4495 4494 4494 4494 4497 4497 4497 4496 4496 4496 4494 4494 4494 4498 4498 4498 4497 4497 4497 4499 4499 4499 4501 4501 4501 4500 4500 4500 4499 4499 4499 4502 4502 4502 4501 4501 4501 4503 4503 4503 4505 4505 4505 4504 4504 4504 4506 4506 4506 4508 4508 4508 4507 4507 4507 4506 4506 4506 4509 4509 4509 4508 4508 4508 4510 4510 4510 4512 4512 4512 4511 4511 4511 4513 4513 4513 4515 4515 4515 4514 4514 4514 4513 4513 4513 4516 4516 4516 4515 4515 4515 4513 4513 4513 4517 4517 4517 4516 4516 4516 4518 4518 4518 4520 4520 4520 4519 4519 4519 4518 4518 4518 4521 4521 4521 4520 4520 4520 4518 4518 4518 4522 4522 4522 4521 4521 4521 4518 4518 4518 4523 4523 4523 4522 4522 4522 4524 4524 4524 4526 4526 4526 4525 4525 4525 4524 4524 4524 4527 4527 4527 4526 4526 4526 4528 4528 4528 4530 4530 4530 4529 4529 4529 4528 4528 4528 4531 4531 4531 4530 4530 4530 4532 4532 4532 4534 4534 4534 4533 4533 4533 4532 4532 4532 4535 4535 4535 4534 4534 4534 4532 4532 4532 4536 4536 4536 4535 4535 4535 4532 4532 4532 4537 4537 4537 4536 4536 4536 4538 4538 4538 4540 4540 4540 4539 4539 4539 4538 4538 4538 4541 4541 4541 4540 4540 4540 4538 4538 4538 4542 4542 4542 4541 4541 4541 4543 4543 4543 4545 4545 4545 4544 4544 4544 4543 4543 4543 4546 4546 4546 4545 4545 4545 4547 4547 4547 4549 4549 4549 4548 4548 4548 4547 4547 4547 4550 4550 4550 4549 4549 4549 4547 4547 4547 4551 4551 4551 4550 4550 4550 4547 4547 4547 4552 4552 4552 4551 4551 4551 4547 4547 4547 4553 4553 4553 4552 4552 4552 4554 4554 4554 4556 4556 4556 4555 4555 4555 4554 4554 4554 4557 4557 4557 4556 4556 4556 4554 4554 4554 4558 4558 4558 4557 4557 4557 4554 4554 4554 4559 4559 4559 4558 4558 4558 4554 4554 4554 4560 4560 4560 4559 4559 4559 4561 4561 4561 4563 4563 4563 4562 4562 4562 4561 4561 4561 4564 4564 4564 4563 4563 4563 4565 4565 4565 4567 4567 4567 4566 4566 4566 4565 4565 4565 4568 4568 4568 4567 4567 4567</p>
        </triangles>
        <triangles material="mat-7" count="182">
          <input semantic="VERTEX" offset="0" source="#Detail0-mesh-vertices"/>
          <input semantic="NORMAL" offset="1" source="#Detail0-mesh-normals"/>
          <input semantic="TEXCOORD" offset="2" source="#Detail0-mesh-map0" set="0"/>
          <p>4569 4569 4569 4571 4571 4571 4570 4570 4570 4569 4569 4569 4572 4572 4572 4571 4571 4571 4573 4573 4573 4575 4575 4575 4574 4574 4574 4573 4573 4573 4576 4576 4576 4575 4575 4575 4577 4577 4577 4579 4579 4579 4578 4578 4578 4577 4577 4577 4580 4580 4580 4579 4579 4579 4577 4577 4577 4581 4581 4581 4580 4580 4580 4577 4577 4577 4582 4582 4582 4581 4581 4581 4577 4577 4577 4583 4583 4583 4582 4582 4582 4577 4577 4577 4584 4584 4584 4583 4583 4583 4577 4577 4577 4585 4585 4585 4584 4584 4584 4577 4577 4577 4586 4586 4586 4585 4585 4585 4587 4587 4587 4589 4589 4589 4588 4588 4588 4587 4587 4587 4590 4590 4590 4589 4589 4589 4591 4591 4591 4593 4593 4593 4592 4592 4592 4591 4591 4591 4594 4594 4594 4593 4593 4593 4595 4595 4595 4597 4597 4597 4596 4596 4596 4595 4595 4595 4598 4598 4598 4597 4597 4597 4599 4599 4599 4601 4601 4601 4600 4600 4600 4599 4599 4599 4602 4602 4602 4601 4601 4601 4603 4603 4603 4605 4605 4605 4604 4604 4604 4603 4603 4603 4606 4606 4606 4605 4605 4605 4607 4607 4607 4609 4609 4609 4608 4608 4608 4607 4607 4607 4610 4610 4610 4609 4609 4609 4611 4611 4611 4613 4613 4613 4612 4612 4612 4611 4611 4611 4614 4614 4614 4613 4613 4613 4615 4615 4615 4617 4617 4617 4616 4616 4616 4615 4615 4615 4618 4618 4618 4617 4617 4617 4619 4619 4619 4621 4621 4621 4620 4620 4620 4619 4619 4619 4622 4622 4622 4621 4621 4621 4619 4619 4619 4623 4623 4623 4622 4622 4622 4619 4619 4619 4624 4624 4624 4623 4623 4623 4619 4619 4619 4625 4625 4625 4624 4624 4624 4619 4619 4619 4626 4626 4626 4625 4625 4625 4627 4627 4627 4629 4629 4629 4628 4628 4628 4627 4627 4627 4630 4630 4630 4629 4629 4629 4627 4627 4627 4631 4631 4631 4630 4630 4630 4632 4632 4632 4634 4634 4634 4633 4633 4633 4632 4632 4632 4635 4635 4635 4634 4634 4634 4632 4632 4632 4636 4636 4636 4635 4635 4635 4637 4637 4637 4639 4639 4639 4638 4638 4638 4637 4637 4637 4640 4640 4640 4639 4639 4639 4637 4637 4637 4641 4641 4641 4640 4640 4640 4642 4642 4642 4644 4644 4644 4643 4643 4643 4642 4642 4642 4645 4645 4645 4644 4644 4644 4646 4646 4646 4648 4648 4648 4647 4647 4647 4646 4646 4646 4649 4649 4649 4648 4648 4648 4646 4646 4646 4650 4650 4650 4649 4649 4649 4646 4646 4646 4651 4651 4651 4650 4650 4650 4652 4652 4652 4654 4654 4654 4653 4653 4653 4652 4652 4652 4655 4655 4655 4654 4654 4654 4656 4656 4656 4658 4658 4658 4657 4657 4657 4656 4656 4656 4659 4659 4659 4658 4658 4658 4660 4660 4660 4662 4662 4662 4661 4661 4661 4660 4660 4660 4663 4663 4663 4662 4662 4662 4664 4664 4664 4666 4666 4666 4665 4665 4665 4664 4664 4664 4667 4667 4667 4666 4666 4666 4668 4668 4668 4670 4670 4670 4669 4669 4669 4668 4668 4668 4671 4671 4671 4670 4670 4670 4672 4672 4672 4674 4674 4674 4673 4673 4673 4672 4672 4672 4675 4675 4675 4674 4674 4674 4676 4676 4676 4678 4678 4678 4677 4677 4677 4676 4676 4676 4679 4679 4679 4678 4678 4678 4680 4680 4680 4682 4682 4682 4681 4681 4681 4680 4680 4680 4683 4683 4683 4682 4682 4682 4680 4680 4680 4684 4684 4684 4683 4683 4683 4680 4680 4680 4685 4685 4685 4684 4684 4684 4686 4686 4686 4688 4688 4688 4687 4687 4687 4686 4686 4686 4689 4689 4689 4688 4688 4688 4690 4690 4690 4692 4692 4692 4691 4691 4691 4693 4693 4693 4695 4695 4695 4694 4694 4694 4693 4693 4693 4696 4696 4696 4695 4695 4695 4697 4697 4697 4699 4699 4699 4698 4698 4698 4697 4697 4697 4700 4700 4700 4699 4699 4699 4701 4701 4701 4703 4703 4703 4702 4702 4702 4704 4704 4704 4706 4706 4706 4705 4705 4705 4704 4704 4704 4707 4707 4707 4706 4706 4706 4708 4708 4708 4710 4710 4710 4709 4709 4709 4708 4708 4708 4711 4711 4711 4710 4710 4710 4712 4712 4712 4714 4714 4714 4713 4713 4713 4712 4712 4712 4715 4715 4715 4714 4714 4714 4716 4716 4716 4718 4718 4718 4717 4717 4717 4716 4716 4716 4719 4719 4719 4718 4718 4718 4720 4720 4720 4722 4722 4722 4721 4721 4721 4720 4720 4720 4723 4723 4723 4722 4722 4722 4720 4720 4720 4724 4724 4724 4723 4723 4723 4725 4725 4725 4727 4727 4727 4726 4726 4726 4725 4725 4725 4728 4728 4728 4727 4727 4727 4725 4725 4725 4729 4729 4729 4728 4728 4728 4725 4725 4725 4730 4730 4730 4729 4729 4729 4725 4725 4725 4731 4731 4731 4730 4730 4730 4725 4725 4725 4732 4732 4732 4731 4731 4731 4725 4725 4725 4733 4733 4733 4732 4732 4732 4725 4725 4725 4734 4734 4734 4733 4733 4733 4725 4725 4725 4735 4735 4735 4734 4734 4734 4725 4725 4725 4736 4736 4736 4735 4735 4735 4737 4737 4737 4739 4739 4739 4738 4738 4738 4737 4737 4737 4740 4740 4740 4739 4739 4739 4737 4737 4737 4741 4741 4741 4740 4740 4740 4742 4742 4742 4744 4744 4744 4743 4743 4743 4742 4742 4742 4745 4745 4745 4744 4744 4744 4746 4746 4746 4748 4748 4748 4747 4747 4747 4746 4746 4746 4749 4749 4749 4748 4748 4748 4750 4750 4750 4752 4752 4752 4751 4751 4751 4750 4750 4750 4753 4753 4753 4752 4752 4752 4750 4750 4750 4754 4754 4754 4753 4753 4753 4750 4750 4750 4755 4755 4755 4754 4754 4754 4750 4750 4750 4756 4756 4756 4755 4755 4755 4757 4757 4757 4759 4759 4759 4758 4758 4758 4757 4757 4757 4760 4760 4760 4759 4759 4759 4757 4757 4757 4761 4761 4761 4760 4760 4760 4762 4762 4762 4764 4764 4764 4763 4763 4763 4762 4762 4762 4765 4765 4765 4764 4764 4764 4762 4762 4762 4766 4766 4766 4765 4765 4765 4762 4762 4762 4767 4767 4767 4766 4766 4766 4762 4762 4762 4768 4768 4768 4767 4767 4767 4762 4762 4762 4769 4769 4769 4768 4768 4768 4762 4762 4762 4770 4770 4770 4769 4769 4769 4762 4762 4762 4771 4771 4771 4770 4770 4770 4762 4762 4762 4772 4772 4772 4771 4771 4771 4762 4762 4762 4773 4773 4773 4772 4772 4772 4762 4762 4762 4774 4774 4774 4773 4773 4773 4762 4762 4762 4775 4775 4775 4774 4774 4774 4762 4762 4762 4776 4776 4776 4775 4775 4775 4762 4762 4762 4777 4777 4777 4776 4776 4776 4778 4778 4778 4780 4780 4780 4779 4779 4779 4778 4778 4778 4781 4781 4781 4780 4780 4780 4778 4778 4778 4782 4782 4782 4781 4781 4781 4783 4783 4783 4785 4785 4785 4784 4784 4784 4783 4783 4783 4786 4786 4786 4785 4785 4785 4787 4787 4787 4789 4789 4789 4788 4788 4788 4787 4787 4787 4790 4790 4790 4789 4789 4789 4787 4787 4787 4791 4791 4791 4790 4790 4790 4787 4787 4787 4792 4792 4792 4791 4791 4791 4793 4793 4793 4795 4795 4795 4794 4794 4794 4793 4793 4793 4796 4796 4796 4795 4795 4795 4797 4797 4797 4799 4799 4799 4798 4798 4798 4797 4797 4797 4800 4800 4800 4799 4799 4799 4801 4801 4801 4803 4803 4803 4802 4802 4802 4801 4801 4801 4804 4804 4804 4803 4803 4803 4805 4805 4805 4807 4807 4807 4806 4806 4806 4805 4805 4805 4808 4808 4808 4807 4807 4807 4805 4805 4805 4809 4809 4809 4808 4808 4808 4805 4805 4805 4810 4810 4810 4809 4809 4809 4805 4805 4805 4811 4811 4811 4810 4810 4810 4812 4812 4812 4814 4814 4814 4813 4813 4813 4812 4812 4812 4815 4815 4815 4814 4814 4814 4812 4812 4812 4816 4816 4816 4815 4815 4815 4812 4812 4812 4817 4817 4817 4816 4816 4816 4812 4812 4812 4818 4818 4818 4817 4817 4817 4812 4812 4812 4819 4819 4819 4818 4818 4818 4812 4812 4812 4820 4820 4820 4819 4819 4819 4821 4821 4821 4823 4823 4823 4822 4822 4822 4821 4821 4821 4824 4824 4824 4823 4823 4823 4825 4825 4825 4827 4827 4827 4826 4826 4826 4825 4825 4825 4828 4828 4828 4827 4827 4827 4825 4825 4825 4829 4829 4829 4828 4828 4828 4830 4830 4830 4832 4832 4832 4831 4831 4831 4830 4830 4830 4833 4833 4833 4832 4832 4832 4834 4834 4834 4836 4836 4836 4835 4835 4835 4837 4837 4837 4839 4839 4839 4838 4838 4838 4837 4837 4837 4840 4840 4840 4839 4839 4839 4837 4837 4837 4841 4841 4841 4840 4840 4840 4837 4837 4837 4842 4842 4842 4841 4841 4841 4843 4843 4843 4845 4845 4845 4844 4844 4844 4843 4843 4843 4846 4846 4846 4845 4845 4845 4843 4843 4843 4847 4847 4847 4846 4846 4846 4843 4843 4843 4848 4848 4848 4847 4847 4847 4849 4849 4849 4851 4851 4851 4850 4850 4850 4849 4849 4849 4852 4852 4852 4851 4851 4851 4853 4853 4853 4855 4855 4855 4854 4854 4854 4856 4856 4856 4858 4858 4858 4857 4857 4857 4856 4856 4856 4859 4859 4859 4858 4858 4858 4856 4856 4856 4860 4860 4860 4859 4859 4859 4861 4861 4861 4863 4863 4863 4862 4862 4862 4861 4861 4861 4864 4864 4864 4863 4863 4863 4865 4865 4865 4867 4867 4867 4866 4866 4866 4865 4865 4865 4868 4868 4868 4867 4867 4867 4865 4865 4865 4869 4869 4869 4868 4868 4868 4865 4865 4865 4870 4870 4870 4869 4869 4869 4871 4871 4871 4873 4873 4873 4872 4872 4872 4871 4871 4871 4874 4874 4874 4873 4873 4873</p>
        </triangles>
        <triangles material="mat-8" count="129">
          <input semantic="VERTEX" offset="0" source="#Detail0-mesh-vertices"/>
          <input semantic="NORMAL" offset="1" source="#Detail0-mesh-normals"/>
          <input semantic="TEXCOORD" offset="2" source="#Detail0-mesh-map0" set="0"/>
          <p>4875 4875 4875 4877 4877 4877 4876 4876 4876 4875 4875 4875 4878 4878 4878 4877 4877 4877 4879 4879 4879 4881 4881 4881 4880 4880 4880 4879 4879 4879 4882 4882 4882 4881 4881 4881 4883 4883 4883 4885 4885 4885 4884 4884 4884 4883 4883 4883 4886 4886 4886 4885 4885 4885 4883 4883 4883 4887 4887 4887 4886 4886 4886 4883 4883 4883 4888 4888 4888 4887 4887 4887 4883 4883 4883 4889 4889 4889 4888 4888 4888 4883 4883 4883 4890 4890 4890 4889 4889 4889 4891 4891 4891 4893 4893 4893 4892 4892 4892 4891 4891 4891 4894 4894 4894 4893 4893 4893 4895 4895 4895 4897 4897 4897 4896 4896 4896 4895 4895 4895 4898 4898 4898 4897 4897 4897 4895 4895 4895 4899 4899 4899 4898 4898 4898 4895 4895 4895 4900 4900 4900 4899 4899 4899 4895 4895 4895 4901 4901 4901 4900 4900 4900 4895 4895 4895 4902 4902 4902 4901 4901 4901 4895 4895 4895 4903 4903 4903 4902 4902 4902 4895 4895 4895 4904 4904 4904 4903 4903 4903 4905 4905 4905 4907 4907 4907 4906 4906 4906 4905 4905 4905 4908 4908 4908 4907 4907 4907 4905 4905 4905 4909 4909 4909 4908 4908 4908 4905 4905 4905 4910 4910 4910 4909 4909 4909 4905 4905 4905 4911 4911 4911 4910 4910 4910 4905 4905 4905 4912 4912 4912 4911 4911 4911 4905 4905 4905 4913 4913 4913 4912 4912 4912 4905 4905 4905 4914 4914 4914 4913 4913 4913 4915 4915 4915 4917 4917 4917 4916 4916 4916 4915 4915 4915 4918 4918 4918 4917 4917 4917 4919 4919 4919 4921 4921 4921 4920 4920 4920 4919 4919 4919 4922 4922 4922 4921 4921 4921 4923 4923 4923 4925 4925 4925 4924 4924 4924 4923 4923 4923 4926 4926 4926 4925 4925 4925 4923 4923 4923 4927 4927 4927 4926 4926 4926 4923 4923 4923 4928 4928 4928 4927 4927 4927 4923 4923 4923 4929 4929 4929 4928 4928 4928 4923 4923 4923 4930 4930 4930 4929 4929 4929 4931 4931 4931 4933 4933 4933 4932 4932 4932 4931 4931 4931 4934 4934 4934 4933 4933 4933 4935 4935 4935 4937 4937 4937 4936 4936 4936 4935 4935 4935 4938 4938 4938 4937 4937 4937 4939 4939 4939 4941 4941 4941 4940 4940 4940 4939 4939 4939 4942 4942 4942 4941 4941 4941 4943 4943 4943 4945 4945 4945 4944 4944 4944 4943 4943 4943 4946 4946 4946 4945 4945 4945 4947 4947 4947 4949 4949 4949 4948 4948 4948 4947 4947 4947 4950 4950 4950 4949 4949 4949 4947 4947 4947 4951 4951 4951 4950 4950 4950 4952 4952 4952 4954 4954 4954 4953 4953 4953 4952 4952 4952 4955 4955 4955 4954 4954 4954 4952 4952 4952 4956 4956 4956 4955 4955 4955 4952 4952 4952 4957 4957 4957 4956 4956 4956 4952 4952 4952 4958 4958 4958 4957 4957 4957 4952 4952 4952 4959 4959 4959 4958 4958 4958 4952 4952 4952 4960 4960 4960 4959 4959 4959 4952 4952 4952 4961 4961 4961 4960 4960 4960 4952 4952 4952 4962 4962 4962 4961 4961 4961 4963 4963 4963 4965 4965 4965 4964 4964 4964 4963 4963 4963 4966 4966 4966 4965 4965 4965 4967 4967 4967 4969 4969 4969 4968 4968 4968 4967 4967 4967 4970 4970 4970 4969 4969 4969 4971 4971 4971 4973 4973 4973 4972 4972 4972 4971 4971 4971 4974 4974 4974 4973 4973 4973 4975 4975 4975 4977 4977 4977 4976 4976 4976 4975 4975 4975 4978 4978 4978 4977 4977 4977 4979 4979 4979 4981 4981 4981 4980 4980 4980 4979 4979 4979 4982 4982 4982 4981 4981 4981 4979 4979 4979 4983 4983 4983 4982 4982 4982 4979 4979 4979 4984 4984 4984 4983 4983 4983 4979 4979 4979 4985 4985 4985 4984 4984 4984 4979 4979 4979 4986 4986 4986 4985 4985 4985 4979 4979 4979 4987 4987 4987 4986 4986 4986 4979 4979 4979 4988 4988 4988 4987 4987 4987 4989 4989 4989 4991 4991 4991 4990 4990 4990 4989 4989 4989 4992 4992 4992 4991 4991 4991 4993 4993 4993 4995 4995 4995 4994 4994 4994 4993 4993 4993 4996 4996 4996 4995 4995 4995 4997 4997 4997 4999 4999 4999 4998 4998 4998 4997 4997 4997 5000 5000 5000 4999 4999 4999 5001 5001 5001 5003 5003 5003 5002 5002 5002 5001 5001 5001 5004 5004 5004 5003 5003 5003 5001 5001 5001 5005 5005 5005 5004 5004 5004 5006 5006 5006 5008 5008 5008 5007 5007 5007 5006 5006 5006 5009 5009 5009 5008 5008 5008 5010 5010 5010 5012 5012 5012 5011 5011 5011 5010 5010 5010 5013 5013 5013 5012 5012 5012 5014 5014 5014 5016 5016 5016 5015 5015 5015 5014 5014 5014 5017 5017 5017 5016 5016 5016 5018 5018 5018 5020 5020 5020 5019 5019 5019 5018 5018 5018 5021 5021 5021 5020 5020 5020 5018 5018 5018 5022 5022 5022 5021 5021 5021 5023 5023 5023 5025 5025 5025 5024 5024 5024 5023 5023 5023 5026 5026 5026 5025 5025 5025 5027 5027 5027 5029 5029 5029 5028 5028 5028 5027 5027 5027 5030 5030 5030 5029 5029 5029 5027 5027 5027 5031 5031 5031 5030 5030 5030 5027 5027 5027 5032 5032 5032 5031 5031 5031 5027 5027 5027 5033 5033 5033 5032 5032 5032 5027 5027 5027 5034 5034 5034 5033 5033 5033 5035 5035 5035 5037 5037 5037 5036 5036 5036 5035 5035 5035 5038 5038 5038 5037 5037 5037 5035 5035 5035 5039 5039 5039 5038 5038 5038 5035 5035 5035 5040 5040 5040 5039 5039 5039 5041 5041 5041 5043 5043 5043 5042 5042 5042 5041 5041 5041 5044 5044 5044 5043 5043 5043 5041 5041 5041 5045 5045 5045 5044 5044 5044 5041 5041 5041 5046 5046 5046 5045 5045 5045 5047 5047 5047 5049 5049 5049 5048 5048 5048 5047 5047 5047 5050 5050 5050 5049 5049 5049 5047 5047 5047 5051 5051 5051 5050 5050 5050 5047 5047 5047 5052 5052 5052 5051 5051 5051 5047 5047 5047 5053 5053 5053 5052 5052 5052 5047 5047 5047 5054 5054 5054 5053 5053 5053 5055 5055 5055 5057 5057 5057 5056 5056 5056 5055 5055 5055 5058 5058 5058 5057 5057 5057 5055 5055 5055 5059 5059 5059 5058 5058 5058 5055 5055 5055 5060 5060 5060 5059 5059 5059 5055 5055 5055 5061 5061 5061 5060 5060 5060 5062 5062 5062 5064 5064 5064 5063 5063 5063 5062 5062 5062 5065 5065 5065 5064 5064 5064 5062 5062 5062 5066 5066 5066 5065 5065 5065 5062 5062 5062 5067 5067 5067 5066 5066 5066 5068 5068 5068 5070 5070 5070 5069 5069 5069 5068 5068 5068 5071 5071 5071 5070 5070 5070 5072 5072 5072 5074 5074 5074 5073 5073 5073 5072 5072 5072 5075 5075 5075 5074 5074 5074 5072 5072 5072 5076 5076 5076 5075 5075 5075 5072 5072 5072 5077 5077 5077 5076 5076 5076</p>
        </triangles>
        <triangles material="mat-9" count="388">
          <input semantic="VERTEX" offset="0" source="#Detail0-mesh-vertices"/>
          <input semantic="NORMAL" offset="1" source="#Detail0-mesh-normals"/>
          <input semantic="TEXCOORD" offset="2" source="#Detail0-mesh-map0" set="0"/>
          <p>5078 5078 5078 5080 5080 5080 5079 5079 5079 5078 5078 5078 5081 5081 5081 5080 5080 5080 5082 5082 5082 5084 5084 5084 5083 5083 5083 5082 5082 5082 5085 5085 5085 5084 5084 5084 5086 5086 5086 5088 5088 5088 5087 5087 5087 5086 5086 5086 5089 5089 5089 5088 5088 5088 5090 5090 5090 5092 5092 5092 5091 5091 5091 5090 5090 5090 5093 5093 5093 5092 5092 5092 5094 5094 5094 5096 5096 5096 5095 5095 5095 5094 5094 5094 5097 5097 5097 5096 5096 5096 5098 5098 5098 5100 5100 5100 5099 5099 5099 5098 5098 5098 5101 5101 5101 5100 5100 5100 5102 5102 5102 5104 5104 5104 5103 5103 5103 5102 5102 5102 5105 5105 5105 5104 5104 5104 5106 5106 5106 5108 5108 5108 5107 5107 5107 5106 5106 5106 5109 5109 5109 5108 5108 5108 5110 5110 5110 5112 5112 5112 5111 5111 5111 5110 5110 5110 5113 5113 5113 5112 5112 5112 5114 5114 5114 5116 5116 5116 5115 5115 5115 5114 5114 5114 5117 5117 5117 5116 5116 5116 5118 5118 5118 5120 5120 5120 5119 5119 5119 5118 5118 5118 5121 5121 5121 5120 5120 5120 5122 5122 5122 5124 5124 5124 5123 5123 5123 5122 5122 5122 5125 5125 5125 5124 5124 5124 5126 5126 5126 5128 5128 5128 5127 5127 5127 5126 5126 5126 5129 5129 5129 5128 5128 5128 5130 5130 5130 5132 5132 5132 5131 5131 5131 5130 5130 5130 5133 5133 5133 5132 5132 5132 5130 5130 5130 5134 5134 5134 5133 5133 5133 5130 5130 5130 5135 5135 5135 5134 5134 5134 5130 5130 5130 5136 5136 5136 5135 5135 5135 5130 5130 5130 5137 5137 5137 5136 5136 5136 5138 5138 5138 5140 5140 5140 5139 5139 5139 5138 5138 5138 5141 5141 5141 5140 5140 5140 5138 5138 5138 5142 5142 5142 5141 5141 5141 5138 5138 5138 5143 5143 5143 5142 5142 5142 5138 5138 5138 5144 5144 5144 5143 5143 5143 5138 5138 5138 5145 5145 5145 5144 5144 5144 5146 5146 5146 5148 5148 5148 5147 5147 5147 5146 5146 5146 5149 5149 5149 5148 5148 5148 5150 5150 5150 5152 5152 5152 5151 5151 5151 5150 5150 5150 5153 5153 5153 5152 5152 5152 5154 5154 5154 5156 5156 5156 5155 5155 5155 5154 5154 5154 5157 5157 5157 5156 5156 5156 5154 5154 5154 5158 5158 5158 5157 5157 5157 5154 5154 5154 5159 5159 5159 5158 5158 5158 5154 5154 5154 5160 5160 5160 5159 5159 5159 5154 5154 5154 5161 5161 5161 5160 5160 5160 5162 5162 5162 5164 5164 5164 5163 5163 5163 5162 5162 5162 5165 5165 5165 5164 5164 5164 5166 5166 5166 5168 5168 5168 5167 5167 5167 5166 5166 5166 5169 5169 5169 5168 5168 5168 5170 5170 5170 5172 5172 5172 5171 5171 5171 5170 5170 5170 5173 5173 5173 5172 5172 5172 5174 5174 5174 5176 5176 5176 5175 5175 5175 5174 5174 5174 5177 5177 5177 5176 5176 5176 5178 5178 5178 5180 5180 5180 5179 5179 5179 5178 5178 5178 5181 5181 5181 5180 5180 5180 5182 5182 5182 5184 5184 5184 5183 5183 5183 5182 5182 5182 5185 5185 5185 5184 5184 5184 5186 5186 5186 5188 5188 5188 5187 5187 5187 5186 5186 5186 5189 5189 5189 5188 5188 5188 5190 5190 5190 5192 5192 5192 5191 5191 5191 5190 5190 5190 5193 5193 5193 5192 5192 5192 5190 5190 5190 5194 5194 5194 5193 5193 5193 5190 5190 5190 5195 5195 5195 5194 5194 5194 5190 5190 5190 5196 5196 5196 5195 5195 5195 5190 5190 5190 5197 5197 5197 5196 5196 5196 5198 5198 5198 5200 5200 5200 5199 5199 5199 5198 5198 5198 5201 5201 5201 5200 5200 5200 5202 5202 5202 5204 5204 5204 5203 5203 5203 5202 5202 5202 5205 5205 5205 5204 5204 5204 5202 5202 5202 5206 5206 5206 5205 5205 5205 5202 5202 5202 5207 5207 5207 5206 5206 5206 5202 5202 5202 5208 5208 5208 5207 5207 5207 5202 5202 5202 5209 5209 5209 5208 5208 5208 5210 5210 5210 5212 5212 5212 5211 5211 5211 5210 5210 5210 5213 5213 5213 5212 5212 5212 5214 5214 5214 5216 5216 5216 5215 5215 5215 5214 5214 5214 5217 5217 5217 5216 5216 5216 5214 5214 5214 5218 5218 5218 5217 5217 5217 5214 5214 5214 5219 5219 5219 5218 5218 5218 5214 5214 5214 5220 5220 5220 5219 5219 5219 5214 5214 5214 5221 5221 5221 5220 5220 5220 5222 5222 5222 5224 5224 5224 5223 5223 5223 5222 5222 5222 5225 5225 5225 5224 5224 5224 5226 5226 5226 5228 5228 5228 5227 5227 5227 5226 5226 5226 5229 5229 5229 5228 5228 5228 5230 5230 5230 5232 5232 5232 5231 5231 5231 5230 5230 5230 5233 5233 5233 5232 5232 5232 5234 5234 5234 5236 5236 5236 5235 5235 5235 5234 5234 5234 5237 5237 5237 5236 5236 5236 5238 5238 5238 5240 5240 5240 5239 5239 5239 5238 5238 5238 5241 5241 5241 5240 5240 5240 5242 5242 5242 5244 5244 5244 5243 5243 5243 5242 5242 5242 5245 5245 5245 5244 5244 5244 5246 5246 5246 5248 5248 5248 5247 5247 5247 5246 5246 5246 5249 5249 5249 5248 5248 5248 5250 5250 5250 5252 5252 5252 5251 5251 5251 5250 5250 5250 5253 5253 5253 5252 5252 5252 5254 5254 5254 5256 5256 5256 5255 5255 5255 5254 5254 5254 5257 5257 5257 5256 5256 5256 5258 5258 5258 5260 5260 5260 5259 5259 5259 5258 5258 5258 5261 5261 5261 5260 5260 5260 5262 5262 5262 5264 5264 5264 5263 5263 5263 5262 5262 5262 5265 5265 5265 5264 5264 5264 5266 5266 5266 5268 5268 5268 5267 5267 5267 5266 5266 5266 5269 5269 5269 5268 5268 5268 5270 5270 5270 5272 5272 5272 5271 5271 5271 5270 5270 5270 5273 5273 5273 5272 5272 5272 5274 5274 5274 5276 5276 5276 5275 5275 5275 5274 5274 5274 5277 5277 5277 5276 5276 5276 5278 5278 5278 5280 5280 5280 5279 5279 5279 5278 5278 5278 5281 5281 5281 5280 5280 5280 5278 5278 5278 5282 5282 5282 5281 5281 5281 5278 5278 5278 5283 5283 5283 5282 5282 5282 5284 5284 5284 5286 5286 5286 5285 5285 5285 5284 5284 5284 5287 5287 5287 5286 5286 5286 5284 5284 5284 5288 5288 5288 5287 5287 5287 5284 5284 5284 5289 5289 5289 5288 5288 5288 5284 5284 5284 5290 5290 5290 5289 5289 5289 5284 5284 5284 5291 5291 5291 5290 5290 5290 5292 5292 5292 5294 5294 5294 5293 5293 5293 5292 5292 5292 5295 5295 5295 5294 5294 5294 5296 5296 5296 5298 5298 5298 5297 5297 5297 5296 5296 5296 5299 5299 5299 5298 5298 5298 5300 5300 5300 5302 5302 5302 5301 5301 5301 5300 5300 5300 5303 5303 5303 5302 5302 5302 5300 5300 5300 5304 5304 5304 5303 5303 5303 5300 5300 5300 5305 5305 5305 5304 5304 5304 5306 5306 5306 5308 5308 5308 5307 5307 5307 5306 5306 5306 5309 5309 5309 5308 5308 5308 5306 5306 5306 5310 5310 5310 5309 5309 5309 5306 5306 5306 5311 5311 5311 5310 5310 5310 5306 5306 5306 5312 5312 5312 5311 5311 5311 5306 5306 5306 5313 5313 5313 5312 5312 5312 5314 5314 5314 5316 5316 5316 5315 5315 5315 5314 5314 5314 5317 5317 5317 5316 5316 5316 5318 5318 5318 5320 5320 5320 5319 5319 5319 5318 5318 5318 5321 5321 5321 5320 5320 5320 5322 5322 5322 5324 5324 5324 5323 5323 5323 5322 5322 5322 5325 5325 5325 5324 5324 5324 5322 5322 5322 5326 5326 5326 5325 5325 5325 5322 5322 5322 5327 5327 5327 5326 5326 5326 5328 5328 5328 5330 5330 5330 5329 5329 5329 5328 5328 5328 5331 5331 5331 5330 5330 5330 5328 5328 5328 5332 5332 5332 5331 5331 5331 5328 5328 5328 5333 5333 5333 5332 5332 5332 5328 5328 5328 5334 5334 5334 5333 5333 5333 5328 5328 5328 5335 5335 5335 5334 5334 5334 5336 5336 5336 5338 5338 5338 5337 5337 5337 5336 5336 5336 5339 5339 5339 5338 5338 5338 5336 5336 5336 5340 5340 5340 5339 5339 5339 5336 5336 5336 5341 5341 5341 5340 5340 5340 5342 5342 5342 5344 5344 5344 5343 5343 5343 5342 5342 5342 5345 5345 5345 5344 5344 5344 5342 5342 5342 5346 5346 5346 5345 5345 5345 5342 5342 5342 5347 5347 5347 5346 5346 5346 5342 5342 5342 5348 5348 5348 5347 5347 5347 5342 5342 5342 5349 5349 5349 5348 5348 5348 5350 5350 5350 5352 5352 5352 5351 5351 5351 5350 5350 5350 5353 5353 5353 5352 5352 5352 5354 5354 5354 5356 5356 5356 5355 5355 5355 5354 5354 5354 5357 5357 5357 5356 5356 5356 5358 5358 5358 5360 5360 5360 5359 5359 5359 5358 5358 5358 5361 5361 5361 5360 5360 5360 5362 5362 5362 5364 5364 5364 5363 5363 5363 5362 5362 5362 5365 5365 5365 5364 5364 5364 5362 5362 5362 5366 5366 5366 5365 5365 5365 5362 5362 5362 5367 5367 5367 5366 5366 5366 5362 5362 5362 5368 5368 5368 5367 5367 5367 5362 5362 5362 5369 5369 5369 5368 5368 5368 5370 5370 5370 5372 5372 5372 5371 5371 5371 5370 5370 5370 5373 5373 5373 5372 5372 5372 5370 5370 5370 5374 5374 5374 5373 5373 5373 5370 5370 5370 5375 5375 5375 5374 5374 5374 5376 5376 5376 5378 5378 5378 5377 5377 5377 5376 5376 5376 5379 5379 5379 5378 5378 5378 5380 5380 5380 5382 5382 5382 5381 5381 5381 5380 5380 5380 5383 5383 5383 5382 5382 5382 5380 5380 5380 5384 5384 5384 5383 5383 5383 5380 5380 5380 5385 5385 5385 5384 5384 5384 5386 5386 5386 5388 5388 5388 5387 5387 5387 5386 5386 5386 5389 5389 5389 5388 5388 5388 5390 5390 5390 5392 5392 5392 5391 5391 5391 5390 5390 5390 5393 5393 5393 5392 5392 5392 5394 5394 5394 5396 5396 5396 5395 5395 5395 5394 5394 5394 5397 5397 5397 5396 5396 5396 5394 5394 5394 5398 5398 5398 5397 5397 5397 5394 5394 5394 5399 5399 5399 5398 5398 5398 5394 5394 5394 5400 5400 5400 5399 5399 5399 5394 5394 5394 5401 5401 5401 5400 5400 5400 5402 5402 5402 5404 5404 5404 5403 5403 5403 5402 5402 5402 5405 5405 5405 5404 5404 5404 5406 5406 5406 5408 5408 5408 5407 5407 5407 5406 5406 5406 5409 5409 5409 5408 5408 5408 5410 5410 5410 5412 5412 5412 5411 5411 5411 5410 5410 5410 5413 5413 5413 5412 5412 5412 5414 5414 5414 5416 5416 5416 5415 5415 5415 5414 5414 5414 5417 5417 5417 5416 5416 5416 5414 5414 5414 5418 5418 5418 5417 5417 5417 5414 5414 5414 5419 5419 5419 5418 5418 5418 5420 5420 5420 5422 5422 5422 5421 5421 5421 5420 5420 5420 5423 5423 5423 5422 5422 5422 5420 5420 5420 5424 5424 5424 5423 5423 5423 5420 5420 5420 5425 5425 5425 5424 5424 5424 5426 5426 5426 5428 5428 5428 5427 5427 5427 5426 5426 5426 5429 5429 5429 5428 5428 5428 5426 5426 5426 5430 5430 5430 5429 5429 5429 5426 5426 5426 5431 5431 5431 5430 5430 5430 5432 5432 5432 5434 5434 5434 5433 5433 5433 5432 5432 5432 5435 5435 5435 5434 5434 5434 5432 5432 5432 5436 5436 5436 5435 5435 5435 5432 5432 5432 5437 5437 5437 5436 5436 5436 5438 5438 5438 5440 5440 5440 5439 5439 5439 5438 5438 5438 5441 5441 5441 5440 5440 5440 5438 5438 5438 5442 5442 5442 5441 5441 5441 5438 5438 5438 5443 5443 5443 5442 5442 5442 5444 5444 5444 5446 5446 5446 5445 5445 5445 5444 5444 5444 5447 5447 5447 5446 5446 5446 5444 5444 5444 5448 5448 5448 5447 5447 5447 5444 5444 5444 5449 5449 5449 5448 5448 5448 5450 5450 5450 5452 5452 5452 5451 5451 5451 5450 5450 5450 5453 5453 5453 5452 5452 5452 5450 5450 5450 5454 5454 5454 5453 5453 5453 5450 5450 5450 5455 5455 5455 5454 5454 5454 5456 5456 5456 5458 5458 5458 5457 5457 5457 5456 5456 5456 5459 5459 5459 5458 5458 5458 5456 5456 5456 5460 5460 5460 5459 5459 5459 5456 5456 5456 5461 5461 5461 5460 5460 5460 5462 5462 5462 5464 5464 5464 5463 5463 5463 5462 5462 5462 5465 5465 5465 5464 5464 5464 5462 5462 5462 5466 5466 5466 5465 5465 5465 5462 5462 5462 5467 5467 5467 5466 5466 5466 5468 5468 5468 5470 5470 5470 5469 5469 5469 5468 5468 5468 5471 5471 5471 5470 5470 5470 5468 5468 5468 5472 5472 5472 5471 5471 5471 5468 5468 5468 5473 5473 5473 5472 5472 5472 5474 5474 5474 5476 5476 5476 5475 5475 5475 5474 5474 5474 5477 5477 5477 5476 5476 5476 5474 5474 5474 5478 5478 5478 5477 5477 5477 5474 5474 5474 5479 5479 5479 5478 5478 5478 5480 5480 5480 5482 5482 5482 5481 5481 5481 5480 5480 5480 5483 5483 5483 5482 5482 5482 5480 5480 5480 5484 5484 5484 5483 5483 5483 5480 5480 5480 5485 5485 5485 5484 5484 5484 5486 5486 5486 5488 5488 5488 5487 5487 5487 5486 5486 5486 5489 5489 5489 5488 5488 5488 5486 5486 5486 5490 5490 5490 5489 5489 5489 5486 5486 5486 5491 5491 5491 5490 5490 5490 5492 5492 5492 5494 5494 5494 5493 5493 5493 5492 5492 5492 5495 5495 5495 5494 5494 5494 5492 5492 5492 5496 5496 5496 5495 5495 5495 5492 5492 5492 5497 5497 5497 5496 5496 5496 5498 5498 5498 5500 5500 5500 5499 5499 5499 5498 5498 5498 5501 5501 5501 5500 5500 5500 5498 5498 5498 5502 5502 5502 5501 5501 5501 5498 5498 5498 5503 5503 5503 5502 5502 5502 5504 5504 5504 5506 5506 5506 5505 5505 5505 5504 5504 5504 5507 5507 5507 5506 5506 5506 5504 5504 5504 5508 5508 5508 5507 5507 5507 5504 5504 5504 5509 5509 5509 5508 5508 5508 5510 5510 5510 5512 5512 5512 5511 5511 5511 5510 5510 5510 5513 5513 5513 5512 5512 5512 5510 5510 5510 5514 5514 5514 5513 5513 5513 5510 5510 5510 5515 5515 5515 5514 5514 5514 5516 5516 5516 5518 5518 5518 5517 5517 5517 5516 5516 5516 5519 5519 5519 5518 5518 5518 5516 5516 5516 5520 5520 5520 5519 5519 5519 5516 5516 5516 5521 5521 5521 5520 5520 5520 5522 5522 5522 5524 5524 5524 5523 5523 5523 5522 5522 5522 5525 5525 5525 5524 5524 5524 5522 5522 5522 5526 5526 5526 5525 5525 5525 5522 5522 5522 5527 5527 5527 5526 5526 5526 5528 5528 5528 5530 5530 5530 5529 5529 5529 5528 5528 5528 5531 5531 5531 5530 5530 5530 5528 5528 5528 5532 5532 5532 5531 5531 5531 5528 5528 5528 5533 5533 5533 5532 5532 5532 5534 5534 5534 5536 5536 5536 5535 5535 5535 5534 5534 5534 5537 5537 5537 5536 5536 5536 5534 5534 5534 5538 5538 5538 5537 5537 5537 5534 5534 5534 5539 5539 5539 5538 5538 5538 5540 5540 5540 5542 5542 5542 5541 5541 5541 5540 5540 5540 5543 5543 5543 5542 5542 5542 5540 5540 5540 5544 5544 5544 5543 5543 5543 5540 5540 5540 5545 5545 5545 5544 5544 5544 5546 5546 5546 5548 5548 5548 5547 5547 5547 5546 5546 5546 5549 5549 5549 5548 5548 5548 5546 5546 5546 5550 5550 5550 5549 5549 5549 5546 5546 5546 5551 5551 5551 5550 5550 5550 5552 5552 5552 5554 5554 5554 5553 5553 5553 5552 5552 5552 5555 5555 5555 5554 5554 5554 5552 5552 5552 5556 5556 5556 5555 5555 5555 5552 5552 5552 5557 5557 5557 5556 5556 5556 5558 5558 5558 5560 5560 5560 5559 5559 5559 5558 5558 5558 5561 5561 5561 5560 5560 5560 5562 5562 5562 5564 5564 5564 5563 5563 5563 5562 5562 5562 5565 5565 5565 5564 5564 5564 5562 5562 5562 5566 5566 5566 5565 5565 5565 5562 5562 5562 5567 5567 5567 5566 5566 5566 5562 5562 5562 5568 5568 5568 5567 5567 5567 5562 5562 5562 5569 5569 5569 5568 5568 5568 5570 5570 5570 5572 5572 5572 5571 5571 5571 5570 5570 5570 5573 5573 5573 5572 5572 5572 5570 5570 5570 5574 5574 5574 5573 5573 5573 5570 5570 5570 5575 5575 5575 5574 5574 5574 5570 5570 5570 5576 5576 5576 5575 5575 5575 5570 5570 5570 5577 5577 5577 5576 5576 5576 5578 5578 5578 5580 5580 5580 5579 5579 5579 5578 5578 5578 5581 5581 5581 5580 5580 5580 5582 5582 5582 5584 5584 5584 5583 5583 5583 5582 5582 5582 5585 5585 5585 5584 5584 5584 5582 5582 5582 5586 5586 5586 5585 5585 5585 5582 5582 5582 5587 5587 5587 5586 5586 5586 5582 5582 5582 5588 5588 5588 5587 5587 5587 5582 5582 5582 5589 5589 5589 5588 5588 5588 5590 5590 5590 5592 5592 5592 5591 5591 5591 5590 5590 5590 5593 5593 5593 5592 5592 5592 5594 5594 5594 5596 5596 5596 5595 5595 5595 5594 5594 5594 5597 5597 5597 5596 5596 5596 5594 5594 5594 5598 5598 5598 5597 5597 5597 5594 5594 5594 5599 5599 5599 5598 5598 5598 5594 5594 5594 5600 5600 5600 5599 5599 5599 5594 5594 5594 5601 5601 5601 5600 5600 5600 5602 5602 5602 5604 5604 5604 5603 5603 5603 5602 5602 5602 5605 5605 5605 5604 5604 5604 5606 5606 5606 5608 5608 5608 5607 5607 5607 5606 5606 5606 5609 5609 5609 5608 5608 5608 5610 5610 5610 5612 5612 5612 5611 5611 5611 5610 5610 5610 5613 5613 5613 5612 5612 5612 5614 5614 5614 5616 5616 5616 5615 5615 5615 5614 5614 5614 5617 5617 5617 5616 5616 5616 5618 5618 5618 5620 5620 5620 5619 5619 5619 5618 5618 5618 5621 5621 5621 5620 5620 5620 5622 5622 5622 5624 5624 5624 5623 5623 5623 5622 5622 5622 5625 5625 5625 5624 5624 5624 5626 5626 5626 5628 5628 5628 5627 5627 5627 5626 5626 5626 5629 5629 5629 5628 5628 5628 5626 5626 5626 5630 5630 5630 5629 5629 5629 5626 5626 5626 5631 5631 5631 5630 5630 5630 5626 5626 5626 5632 5632 5632 5631 5631 5631 5626 5626 5626 5633 5633 5633 5632 5632 5632 5634 5634 5634 5636 5636 5636 5635 5635 5635 5634 5634 5634 5637 5637 5637 5636 5636 5636 5634 5634 5634 5638 5638 5638 5637 5637 5637 5634 5634 5634 5639 5639 5639 5638 5638 5638 5634 5634 5634 5640 5640 5640 5639 5639 5639 5634 5634 5634 5641 5641 5641 5640 5640 5640 5642 5642 5642 5644 5644 5644 5643 5643 5643 5642 5642 5642 5645 5645 5645 5644 5644 5644 5646 5646 5646 5648 5648 5648 5647 5647 5647 5646 5646 5646 5649 5649 5649 5648 5648 5648 5650 5650 5650 5652 5652 5652 5651 5651 5651 5650 5650 5650 5653 5653 5653 5652 5652 5652 5654 5654 5654 5656 5656 5656 5655 5655 5655 5654 5654 5654 5657 5657 5657 5656 5656 5656 5658 5658 5658 5660 5660 5660 5659 5659 5659 5658 5658 5658 5661 5661 5661 5660 5660 5660 5662 5662 5662 5664 5664 5664 5663 5663 5663 5662 5662 5662 5665 5665 5665 5664 5664 5664 5666 5666 5666 5668 5668 5668 5667 5667 5667 5666 5666 5666 5669 5669 5669 5668 5668 5668 5670 5670 5670 5672 5672 5672 5671 5671 5671 5670 5670 5670 5673 5673 5673 5672 5672 5672 5674 5674 5674 5676 5676 5676 5675 5675 5675 5674 5674 5674 5677 5677 5677 5676 5676 5676 5678 5678 5678 5680 5680 5680 5679 5679 5679 5678 5678 5678 5681 5681 5681 5680 5680 5680 5682 5682 5682 5684 5684 5684 5683 5683 5683 5682 5682 5682 5685 5685 5685 5684 5684 5684 5686 5686 5686 5688 5688 5688 5687 5687 5687 5686 5686 5686 5689 5689 5689 5688 5688 5688 5690 5690 5690 5692 5692 5692 5691 5691 5691 5690 5690 5690 5693 5693 5693 5692 5692 5692 5694 5694 5694 5696 5696 5696 5695 5695 5695 5694 5694 5694 5697 5697 5697 5696 5696 5696 5698 5698 5698 5700 5700 5700 5699 5699 5699 5698 5698 5698 5701 5701 5701 5700 5700 5700 5702 5702 5702 5704 5704 5704 5703 5703 5703 5702 5702 5702 5705 5705 5705 5704 5704 5704 5706 5706 5706 5708 5708 5708 5707 5707 5707 5706 5706 5706 5709 5709 5709 5708 5708 5708 5710 5710 5710 5712 5712 5712 5711 5711 5711 5710 5710 5710 5713 5713 5713 5712 5712 5712 5714 5714 5714 5716 5716 5716 5715 5715 5715 5714 5714 5714 5717 5717 5717 5716 5716 5716 5718 5718 5718 5720 5720 5720 5719 5719 5719 5718 5718 5718 5721 5721 5721 5720 5720 5720</p>
        </triangles>
        <triangles material="mat-10" count="679">
          <input semantic="VERTEX" offset="0" source="#Detail0-mesh-vertices"/>
          <input semantic="NORMAL" offset="1" source="#Detail0-mesh-normals"/>
          <input semantic="TEXCOORD" offset="2" source="#Detail0-mesh-map0" set="0"/>
          <p>5722 5722 5722 5724 5724 5724 5723 5723 5723 5722 5722 5722 5725 5725 5725 5724 5724 5724 5722 5722 5722 5726 5726 5726 5725 5725 5725 5722 5722 5722 5727 5727 5727 5726 5726 5726 5722 5722 5722 5728 5728 5728 5727 5727 5727 5722 5722 5722 5729 5729 5729 5728 5728 5728 5722 5722 5722 5730 5730 5730 5729 5729 5729 5731 5731 5731 5733 5733 5733 5732 5732 5732 5731 5731 5731 5734 5734 5734 5733 5733 5733 5735 5735 5735 5737 5737 5737 5736 5736 5736 5735 5735 5735 5738 5738 5738 5737 5737 5737 5735 5735 5735 5739 5739 5739 5738 5738 5738 5740 5740 5740 5742 5742 5742 5741 5741 5741 5740 5740 5740 5743 5743 5743 5742 5742 5742 5740 5740 5740 5744 5744 5744 5743 5743 5743 5745 5745 5745 5747 5747 5747 5746 5746 5746 5745 5745 5745 5748 5748 5748 5747 5747 5747 5745 5745 5745 5749 5749 5749 5748 5748 5748 5745 5745 5745 5750 5750 5750 5749 5749 5749 5751 5751 5751 5753 5753 5753 5752 5752 5752 5751 5751 5751 5754 5754 5754 5753 5753 5753 5755 5755 5755 5757 5757 5757 5756 5756 5756 5755 5755 5755 5758 5758 5758 5757 5757 5757 5759 5759 5759 5761 5761 5761 5760 5760 5760 5759 5759 5759 5762 5762 5762 5761 5761 5761 5763 5763 5763 5765 5765 5765 5764 5764 5764 5766 5766 5766 5768 5768 5768 5767 5767 5767 5766 5766 5766 5769 5769 5769 5768 5768 5768 5770 5770 5770 5772 5772 5772 5771 5771 5771 5770 5770 5770 5773 5773 5773 5772 5772 5772 5774 5774 5774 5776 5776 5776 5775 5775 5775 5774 5774 5774 5777 5777 5777 5776 5776 5776 5774 5774 5774 5778 5778 5778 5777 5777 5777 5779 5779 5779 5781 5781 5781 5780 5780 5780 5779 5779 5779 5782 5782 5782 5781 5781 5781 5779 5779 5779 5783 5783 5783 5782 5782 5782 5779 5779 5779 5784 5784 5784 5783 5783 5783 5785 5785 5785 5787 5787 5787 5786 5786 5786 5785 5785 5785 5788 5788 5788 5787 5787 5787 5789 5789 5789 5791 5791 5791 5790 5790 5790 5789 5789 5789 5792 5792 5792 5791 5791 5791 5793 5793 5793 5795 5795 5795 5794 5794 5794 5793 5793 5793 5796 5796 5796 5795 5795 5795 5797 5797 5797 5799 5799 5799 5798 5798 5798 5797 5797 5797 5800 5800 5800 5799 5799 5799 5797 5797 5797 5801 5801 5801 5800 5800 5800 5802 5802 5802 5804 5804 5804 5803 5803 5803 5805 5805 5805 5807 5807 5807 5806 5806 5806 5805 5805 5805 5808 5808 5808 5807 5807 5807 5805 5805 5805 5809 5809 5809 5808 5808 5808 5805 5805 5805 5810 5810 5810 5809 5809 5809 5811 5811 5811 5813 5813 5813 5812 5812 5812 5811 5811 5811 5814 5814 5814 5813 5813 5813 5811 5811 5811 5815 5815 5815 5814 5814 5814 5816 5816 5816 5818 5818 5818 5817 5817 5817 5816 5816 5816 5819 5819 5819 5818 5818 5818 5820 5820 5820 5822 5822 5822 5821 5821 5821 5823 5823 5823 5825 5825 5825 5824 5824 5824 5823 5823 5823 5826 5826 5826 5825 5825 5825 5827 5827 5827 5829 5829 5829 5828 5828 5828 5827 5827 5827 5830 5830 5830 5829 5829 5829 5831 5831 5831 5833 5833 5833 5832 5832 5832 5831 5831 5831 5834 5834 5834 5833 5833 5833 5831 5831 5831 5835 5835 5835 5834 5834 5834 5836 5836 5836 5838 5838 5838 5837 5837 5837 5836 5836 5836 5839 5839 5839 5838 5838 5838 5836 5836 5836 5840 5840 5840 5839 5839 5839 5836 5836 5836 5841 5841 5841 5840 5840 5840 5836 5836 5836 5842 5842 5842 5841 5841 5841 5836 5836 5836 5843 5843 5843 5842 5842 5842 5844 5844 5844 5846 5846 5846 5845 5845 5845 5844 5844 5844 5847 5847 5847 5846 5846 5846 5844 5844 5844 5848 5848 5848 5847 5847 5847 5844 5844 5844 5849 5849 5849 5848 5848 5848 5850 5850 5850 5852 5852 5852 5851 5851 5851 5850 5850 5850 5853 5853 5853 5852 5852 5852 5854 5854 5854 5856 5856 5856 5855 5855 5855 5854 5854 5854 5857 5857 5857 5856 5856 5856 5858 5858 5858 5860 5860 5860 5859 5859 5859 5858 5858 5858 5861 5861 5861 5860 5860 5860 5862 5862 5862 5864 5864 5864 5863 5863 5863 5862 5862 5862 5865 5865 5865 5864 5864 5864 5862 5862 5862 5866 5866 5866 5865 5865 5865 5862 5862 5862 5867 5867 5867 5866 5866 5866 5862 5862 5862 5868 5868 5868 5867 5867 5867 5862 5862 5862 5869 5869 5869 5868 5868 5868 5870 5870 5870 5872 5872 5872 5871 5871 5871 5870 5870 5870 5873 5873 5873 5872 5872 5872 5870 5870 5870 5874 5874 5874 5873 5873 5873 5875 5875 5875 5877 5877 5877 5876 5876 5876 5875 5875 5875 5878 5878 5878 5877 5877 5877 5875 5875 5875 5879 5879 5879 5878 5878 5878 5880 5880 5880 5882 5882 5882 5881 5881 5881 5880 5880 5880 5883 5883 5883 5882 5882 5882 5884 5884 5884 5886 5886 5886 5885 5885 5885 5887 5887 5887 5889 5889 5889 5888 5888 5888 5887 5887 5887 5890 5890 5890 5889 5889 5889 5887 5887 5887 5891 5891 5891 5890 5890 5890 5892 5892 5892 5894 5894 5894 5893 5893 5893 5892 5892 5892 5895 5895 5895 5894 5894 5894 5892 5892 5892 5896 5896 5896 5895 5895 5895 5897 5897 5897 5899 5899 5899 5898 5898 5898 5897 5897 5897 5900 5900 5900 5899 5899 5899 5897 5897 5897 5901 5901 5901 5900 5900 5900 5897 5897 5897 5902 5902 5902 5901 5901 5901 5897 5897 5897 5903 5903 5903 5902 5902 5902 5897 5897 5897 5904 5904 5904 5903 5903 5903 5905 5905 5905 5907 5907 5907 5906 5906 5906 5905 5905 5905 5908 5908 5908 5907 5907 5907 5905 5905 5905 5909 5909 5909 5908 5908 5908 5905 5905 5905 5910 5910 5910 5909 5909 5909 5905 5905 5905 5911 5911 5911 5910 5910 5910 5912 5912 5912 5914 5914 5914 5913 5913 5913 5912 5912 5912 5915 5915 5915 5914 5914 5914 5912 5912 5912 5916 5916 5916 5915 5915 5915 5917 5917 5917 5919 5919 5919 5918 5918 5918 5917 5917 5917 5920 5920 5920 5919 5919 5919 5917 5917 5917 5921 5921 5921 5920 5920 5920 5922 5922 5922 5924 5924 5924 5923 5923 5923 5922 5922 5922 5925 5925 5925 5924 5924 5924 5926 5926 5926 5928 5928 5928 5927 5927 5927 5926 5926 5926 5929 5929 5929 5928 5928 5928 5926 5926 5926 5930 5930 5930 5929 5929 5929 5926 5926 5926 5931 5931 5931 5930 5930 5930 5926 5926 5926 5932 5932 5932 5931 5931 5931 5933 5933 5933 5935 5935 5935 5934 5934 5934 5933 5933 5933 5936 5936 5936 5935 5935 5935 5933 5933 5933 5937 5937 5937 5936 5936 5936 5938 5938 5938 5940 5940 5940 5939 5939 5939 5938 5938 5938 5941 5941 5941 5940 5940 5940 5942 5942 5942 5944 5944 5944 5943 5943 5943 5942 5942 5942 5945 5945 5945 5944 5944 5944 5942 5942 5942 5946 5946 5946 5945 5945 5945 5942 5942 5942 5947 5947 5947 5946 5946 5946 5948 5948 5948 5950 5950 5950 5949 5949 5949 5948 5948 5948 5951 5951 5951 5950 5950 5950 5952 5952 5952 5954 5954 5954 5953 5953 5953 5952 5952 5952 5955 5955 5955 5954 5954 5954 5956 5956 5956 5958 5958 5958 5957 5957 5957 5956 5956 5956 5959 5959 5959 5958 5958 5958 5960 5960 5960 5962 5962 5962 5961 5961 5961 5960 5960 5960 5963 5963 5963 5962 5962 5962 5960 5960 5960 5964 5964 5964 5963 5963 5963 5965 5965 5965 5967 5967 5967 5966 5966 5966 5965 5965 5965 5968 5968 5968 5967 5967 5967 5965 5965 5965 5969 5969 5969 5968 5968 5968 5965 5965 5965 5970 5970 5970 5969 5969 5969 5971 5971 5971 5973 5973 5973 5972 5972 5972 5971 5971 5971 5974 5974 5974 5973 5973 5973 5971 5971 5971 5975 5975 5975 5974 5974 5974 5976 5976 5976 5978 5978 5978 5977 5977 5977 5976 5976 5976 5979 5979 5979 5978 5978 5978 5980 5980 5980 5982 5982 5982 5981 5981 5981 5980 5980 5980 5983 5983 5983 5982 5982 5982 5984 5984 5984 5986 5986 5986 5985 5985 5985 5984 5984 5984 5987 5987 5987 5986 5986 5986 5988 5988 5988 5990 5990 5990 5989 5989 5989 5988 5988 5988 5991 5991 5991 5990 5990 5990 5992 5992 5992 5994 5994 5994 5993 5993 5993 5992 5992 5992 5995 5995 5995 5994 5994 5994 5992 5992 5992 5996 5996 5996 5995 5995 5995 5997 5997 5997 5999 5999 5999 5998 5998 5998 5997 5997 5997 6000 6000 6000 5999 5999 5999 6001 6001 6001 6003 6003 6003 6002 6002 6002 6001 6001 6001 6004 6004 6004 6003 6003 6003 6001 6001 6001 6005 6005 6005 6004 6004 6004 6006 6006 6006 6008 6008 6008 6007 6007 6007 6006 6006 6006 6009 6009 6009 6008 6008 6008 6010 6010 6010 6012 6012 6012 6011 6011 6011 6010 6010 6010 6013 6013 6013 6012 6012 6012 6010 6010 6010 6014 6014 6014 6013 6013 6013 6015 6015 6015 6017 6017 6017 6016 6016 6016 6015 6015 6015 6018 6018 6018 6017 6017 6017 6015 6015 6015 6019 6019 6019 6018 6018 6018 6015 6015 6015 6020 6020 6020 6019 6019 6019 6015 6015 6015 6021 6021 6021 6020 6020 6020 6022 6022 6022 6024 6024 6024 6023 6023 6023 6025 6025 6025 6027 6027 6027 6026 6026 6026 6028 6028 6028 6030 6030 6030 6029 6029 6029 6028 6028 6028 6031 6031 6031 6030 6030 6030 6028 6028 6028 6032 6032 6032 6031 6031 6031 6028 6028 6028 6033 6033 6033 6032 6032 6032 6028 6028 6028 6034 6034 6034 6033 6033 6033 6028 6028 6028 6035 6035 6035 6034 6034 6034 6028 6028 6028 6036 6036 6036 6035 6035 6035 6037 6037 6037 6039 6039 6039 6038 6038 6038 6037 6037 6037 6040 6040 6040 6039 6039 6039 6037 6037 6037 6041 6041 6041 6040 6040 6040 6042 6042 6042 6044 6044 6044 6043 6043 6043 6042 6042 6042 6045 6045 6045 6044 6044 6044 6042 6042 6042 6046 6046 6046 6045 6045 6045 6047 6047 6047 6049 6049 6049 6048 6048 6048 6047 6047 6047 6050 6050 6050 6049 6049 6049 6047 6047 6047 6051 6051 6051 6050 6050 6050 6047 6047 6047 6052 6052 6052 6051 6051 6051 6053 6053 6053 6055 6055 6055 6054 6054 6054 6053 6053 6053 6056 6056 6056 6055 6055 6055 6053 6053 6053 6057 6057 6057 6056 6056 6056 6058 6058 6058 6060 6060 6060 6059 6059 6059 6058 6058 6058 6061 6061 6061 6060 6060 6060 6062 6062 6062 6064 6064 6064 6063 6063 6063 6062 6062 6062 6065 6065 6065 6064 6064 6064 6062 6062 6062 6066 6066 6066 6065 6065 6065 6067 6067 6067 6069 6069 6069 6068 6068 6068 6067 6067 6067 6070 6070 6070 6069 6069 6069 6071 6071 6071 6073 6073 6073 6072 6072 6072 6071 6071 6071 6074 6074 6074 6073 6073 6073 6075 6075 6075 6077 6077 6077 6076 6076 6076 6075 6075 6075 6078 6078 6078 6077 6077 6077 6075 6075 6075 6079 6079 6079 6078 6078 6078 6075 6075 6075 6080 6080 6080 6079 6079 6079 6081 6081 6081 6083 6083 6083 6082 6082 6082 6081 6081 6081 6084 6084 6084 6083 6083 6083 6081 6081 6081 6085 6085 6085 6084 6084 6084 6081 6081 6081 6086 6086 6086 6085 6085 6085 6087 6087 6087 6089 6089 6089 6088 6088 6088 6087 6087 6087 6090 6090 6090 6089 6089 6089 6087 6087 6087 6091 6091 6091 6090 6090 6090 6087 6087 6087 6092 6092 6092 6091 6091 6091 6093 6093 6093 6095 6095 6095 6094 6094 6094 6093 6093 6093 6096 6096 6096 6095 6095 6095 6097 6097 6097 6099 6099 6099 6098 6098 6098 6097 6097 6097 6100 6100 6100 6099 6099 6099 6097 6097 6097 6101 6101 6101 6100 6100 6100 6097 6097 6097 6102 6102 6102 6101 6101 6101 6103 6103 6103 6105 6105 6105 6104 6104 6104 6103 6103 6103 6106 6106 6106 6105 6105 6105 6107 6107 6107 6109 6109 6109 6108 6108 6108 6107 6107 6107 6110 6110 6110 6109 6109 6109 6111 6111 6111 6113 6113 6113 6112 6112 6112 6111 6111 6111 6114 6114 6114 6113 6113 6113 6115 6115 6115 6117 6117 6117 6116 6116 6116 6115 6115 6115 6118 6118 6118 6117 6117 6117 6119 6119 6119 6121 6121 6121 6120 6120 6120 6119 6119 6119 6122 6122 6122 6121 6121 6121 6119 6119 6119 6123 6123 6123 6122 6122 6122 6119 6119 6119 6124 6124 6124 6123 6123 6123 6125 6125 6125 6127 6127 6127 6126 6126 6126 6125 6125 6125 6128 6128 6128 6127 6127 6127 6125 6125 6125 6129 6129 6129 6128 6128 6128 6125 6125 6125 6130 6130 6130 6129 6129 6129 6131 6131 6131 6133 6133 6133 6132 6132 6132 6131 6131 6131 6134 6134 6134 6133 6133 6133 6131 6131 6131 6135 6135 6135 6134 6134 6134 6131 6131 6131 6136 6136 6136 6135 6135 6135 6131 6131 6131 6137 6137 6137 6136 6136 6136 6131 6131 6131 6138 6138 6138 6137 6137 6137 6139 6139 6139 6141 6141 6141 6140 6140 6140 6139 6139 6139 6142 6142 6142 6141 6141 6141 6143 6143 6143 6145 6145 6145 6144 6144 6144 6143 6143 6143 6146 6146 6146 6145 6145 6145 6147 6147 6147 6149 6149 6149 6148 6148 6148 6147 6147 6147 6150 6150 6150 6149 6149 6149 6151 6151 6151 6153 6153 6153 6152 6152 6152 6151 6151 6151 6154 6154 6154 6153 6153 6153 6151 6151 6151 6155 6155 6155 6154 6154 6154 6151 6151 6151 6156 6156 6156 6155 6155 6155 6151 6151 6151 6157 6157 6157 6156 6156 6156 6151 6151 6151 6158 6158 6158 6157 6157 6157 6159 6159 6159 6161 6161 6161 6160 6160 6160 6159 6159 6159 6162 6162 6162 6161 6161 6161 6159 6159 6159 6163 6163 6163 6162 6162 6162 6164 6164 6164 6166 6166 6166 6165 6165 6165 6164 6164 6164 6167 6167 6167 6166 6166 6166 6164 6164 6164 6168 6168 6168 6167 6167 6167 6169 6169 6169 6171 6171 6171 6170 6170 6170 6169 6169 6169 6172 6172 6172 6171 6171 6171 6173 6173 6173 6175 6175 6175 6174 6174 6174 6173 6173 6173 6176 6176 6176 6175 6175 6175 6177 6177 6177 6179 6179 6179 6178 6178 6178 6177 6177 6177 6180 6180 6180 6179 6179 6179 6181 6181 6181 6183 6183 6183 6182 6182 6182 6181 6181 6181 6184 6184 6184 6183 6183 6183 6185 6185 6185 6187 6187 6187 6186 6186 6186 6185 6185 6185 6188 6188 6188 6187 6187 6187 6189 6189 6189 6191 6191 6191 6190 6190 6190 6189 6189 6189 6192 6192 6192 6191 6191 6191 6193 6193 6193 6195 6195 6195 6194 6194 6194 6193 6193 6193 6196 6196 6196 6195 6195 6195 6193 6193 6193 6197 6197 6197 6196 6196 6196 6193 6193 6193 6198 6198 6198 6197 6197 6197 6193 6193 6193 6199 6199 6199 6198 6198 6198 6193 6193 6193 6200 6200 6200 6199 6199 6199 6201 6201 6201 6203 6203 6203 6202 6202 6202 6201 6201 6201 6204 6204 6204 6203 6203 6203 6201 6201 6201 6205 6205 6205 6204 6204 6204 6201 6201 6201 6206 6206 6206 6205 6205 6205 6201 6201 6201 6207 6207 6207 6206 6206 6206 6208 6208 6208 6210 6210 6210 6209 6209 6209 6208 6208 6208 6211 6211 6211 6210 6210 6210 6208 6208 6208 6212 6212 6212 6211 6211 6211 6213 6213 6213 6215 6215 6215 6214 6214 6214 6213 6213 6213 6216 6216 6216 6215 6215 6215 6213 6213 6213 6217 6217 6217 6216 6216 6216 6218 6218 6218 6220 6220 6220 6219 6219 6219 6218 6218 6218 6221 6221 6221 6220 6220 6220 6222 6222 6222 6224 6224 6224 6223 6223 6223 6222 6222 6222 6225 6225 6225 6224 6224 6224 6222 6222 6222 6226 6226 6226 6225 6225 6225 6222 6222 6222 6227 6227 6227 6226 6226 6226 6228 6228 6228 6230 6230 6230 6229 6229 6229 6228 6228 6228 6231 6231 6231 6230 6230 6230 6232 6232 6232 6234 6234 6234 6233 6233 6233 6232 6232 6232 6235 6235 6235 6234 6234 6234 6236 6236 6236 6238 6238 6238 6237 6237 6237 6236 6236 6236 6239 6239 6239 6238 6238 6238 6236 6236 6236 6240 6240 6240 6239 6239 6239 6241 6241 6241 6243 6243 6243 6242 6242 6242 6241 6241 6241 6244 6244 6244 6243 6243 6243 6241 6241 6241 6245 6245 6245 6244 6244 6244 6241 6241 6241 6246 6246 6246 6245 6245 6245 6241 6241 6241 6247 6247 6247 6246 6246 6246 6248 6248 6248 6250 6250 6250 6249 6249 6249 6248 6248 6248 6251 6251 6251 6250 6250 6250 6252 6252 6252 6254 6254 6254 6253 6253 6253 6252 6252 6252 6255 6255 6255 6254 6254 6254 6256 6256 6256 6258 6258 6258 6257 6257 6257 6256 6256 6256 6259 6259 6259 6258 6258 6258 6256 6256 6256 6260 6260 6260 6259 6259 6259 6261 6261 6261 6263 6263 6263 6262 6262 6262 6261 6261 6261 6264 6264 6264 6263 6263 6263 6261 6261 6261 6265 6265 6265 6264 6264 6264 6261 6261 6261 6266 6266 6266 6265 6265 6265 6267 6267 6267 6269 6269 6269 6268 6268 6268 6267 6267 6267 6270 6270 6270 6269 6269 6269 6267 6267 6267 6271 6271 6271 6270 6270 6270 6272 6272 6272 6274 6274 6274 6273 6273 6273 6272 6272 6272 6275 6275 6275 6274 6274 6274 6276 6276 6276 6278 6278 6278 6277 6277 6277 6276 6276 6276 6279 6279 6279 6278 6278 6278 6280 6280 6280 6282 6282 6282 6281 6281 6281 6280 6280 6280 6283 6283 6283 6282 6282 6282 6284 6284 6284 6286 6286 6286 6285 6285 6285 6284 6284 6284 6287 6287 6287 6286 6286 6286 6288 6288 6288 6290 6290 6290 6289 6289 6289 6288 6288 6288 6291 6291 6291 6290 6290 6290 6288 6288 6288 6292 6292 6292 6291 6291 6291 6293 6293 6293 6295 6295 6295 6294 6294 6294 6293 6293 6293 6296 6296 6296 6295 6295 6295 6297 6297 6297 6299 6299 6299 6298 6298 6298 6297 6297 6297 6300 6300 6300 6299 6299 6299 6301 6301 6301 6303 6303 6303 6302 6302 6302 6301 6301 6301 6304 6304 6304 6303 6303 6303 6305 6305 6305 6307 6307 6307 6306 6306 6306 6305 6305 6305 6308 6308 6308 6307 6307 6307 6309 6309 6309 6311 6311 6311 6310 6310 6310 6309 6309 6309 6312 6312 6312 6311 6311 6311 6309 6309 6309 6313 6313 6313 6312 6312 6312 6309 6309 6309 6314 6314 6314 6313 6313 6313 6315 6315 6315 6317 6317 6317 6316 6316 6316 6315 6315 6315 6318 6318 6318 6317 6317 6317 6315 6315 6315 6319 6319 6319 6318 6318 6318 6320 6320 6320 6322 6322 6322 6321 6321 6321 6320 6320 6320 6323 6323 6323 6322 6322 6322 6324 6324 6324 6326 6326 6326 6325 6325 6325 6324 6324 6324 6327 6327 6327 6326 6326 6326 6328 6328 6328 6330 6330 6330 6329 6329 6329 6328 6328 6328 6331 6331 6331 6330 6330 6330 6328 6328 6328 6332 6332 6332 6331 6331 6331 6333 6333 6333 6335 6335 6335 6334 6334 6334 6333 6333 6333 6336 6336 6336 6335 6335 6335 6333 6333 6333 6337 6337 6337 6336 6336 6336 6338 6338 6338 6340 6340 6340 6339 6339 6339 6341 6341 6341 6343 6343 6343 6342 6342 6342 6341 6341 6341 6344 6344 6344 6343 6343 6343 6341 6341 6341 6345 6345 6345 6344 6344 6344 6346 6346 6346 6348 6348 6348 6347 6347 6347 6346 6346 6346 6349 6349 6349 6348 6348 6348 6346 6346 6346 6350 6350 6350 6349 6349 6349 6351 6351 6351 6353 6353 6353 6352 6352 6352 6351 6351 6351 6354 6354 6354 6353 6353 6353 6355 6355 6355 6357 6357 6357 6356 6356 6356 6355 6355 6355 6358 6358 6358 6357 6357 6357 6355 6355 6355 6359 6359 6359 6358 6358 6358 6360 6360 6360 6362 6362 6362 6361 6361 6361 6360 6360 6360 6363 6363 6363 6362 6362 6362 6360 6360 6360 6364 6364 6364 6363 6363 6363 6365 6365 6365 6367 6367 6367 6366 6366 6366 6365 6365 6365 6368 6368 6368 6367 6367 6367 6365 6365 6365 6369 6369 6369 6368 6368 6368 6370 6370 6370 6372 6372 6372 6371 6371 6371 6370 6370 6370 6373 6373 6373 6372 6372 6372 6370 6370 6370 6374 6374 6374 6373 6373 6373 6375 6375 6375 6377 6377 6377 6376 6376 6376 6375 6375 6375 6378 6378 6378 6377 6377 6377 6379 6379 6379 6381 6381 6381 6380 6380 6380 6379 6379 6379 6382 6382 6382 6381 6381 6381 6379 6379 6379 6383 6383 6383 6382 6382 6382 6379 6379 6379 6384 6384 6384 6383 6383 6383 6379 6379 6379 6385 6385 6385 6384 6384 6384 6379 6379 6379 6386 6386 6386 6385 6385 6385 6387 6387 6387 6389 6389 6389 6388 6388 6388 6387 6387 6387 6390 6390 6390 6389 6389 6389 6391 6391 6391 6393 6393 6393 6392 6392 6392 6391 6391 6391 6394 6394 6394 6393 6393 6393 6391 6391 6391 6395 6395 6395 6394 6394 6394 6391 6391 6391 6396 6396 6396 6395 6395 6395 6397 6397 6397 6399 6399 6399 6398 6398 6398 6397 6397 6397 6400 6400 6400 6399 6399 6399 6397 6397 6397 6401 6401 6401 6400 6400 6400 6402 6402 6402 6404 6404 6404 6403 6403 6403 6402 6402 6402 6405 6405 6405 6404 6404 6404 6402 6402 6402 6406 6406 6406 6405 6405 6405 6402 6402 6402 6407 6407 6407 6406 6406 6406 6402 6402 6402 6408 6408 6408 6407 6407 6407 6402 6402 6402 6409 6409 6409 6408 6408 6408 6410 6410 6410 6412 6412 6412 6411 6411 6411 6413 6413 6413 6415 6415 6415 6414 6414 6414 6413 6413 6413 6416 6416 6416 6415 6415 6415 6417 6417 6417 6419 6419 6419 6418 6418 6418 6417 6417 6417 6420 6420 6420 6419 6419 6419 6421 6421 6421 6423 6423 6423 6422 6422 6422 6421 6421 6421 6424 6424 6424 6423 6423 6423 6421 6421 6421 6425 6425 6425 6424 6424 6424 6426 6426 6426 6428 6428 6428 6427 6427 6427 6426 6426 6426 6429 6429 6429 6428 6428 6428 6430 6430 6430 6432 6432 6432 6431 6431 6431 6430 6430 6430 6433 6433 6433 6432 6432 6432 6434 6434 6434 6436 6436 6436 6435 6435 6435 6434 6434 6434 6437 6437 6437 6436 6436 6436 6434 6434 6434 6438 6438 6438 6437 6437 6437 6434 6434 6434 6439 6439 6439 6438 6438 6438 6440 6440 6440 6442 6442 6442 6441 6441 6441 6440 6440 6440 6443 6443 6443 6442 6442 6442 6440 6440 6440 6444 6444 6444 6443 6443 6443 6440 6440 6440 6445 6445 6445 6444 6444 6444 6446 6446 6446 6448 6448 6448 6447 6447 6447 6446 6446 6446 6449 6449 6449 6448 6448 6448 6446 6446 6446 6450 6450 6450 6449 6449 6449 6451 6451 6451 6453 6453 6453 6452 6452 6452 6451 6451 6451 6454 6454 6454 6453 6453 6453 6455 6455 6455 6457 6457 6457 6456 6456 6456 6455 6455 6455 6458 6458 6458 6457 6457 6457 6455 6455 6455 6459 6459 6459 6458 6458 6458 6460 6460 6460 6462 6462 6462 6461 6461 6461 6460 6460 6460 6463 6463 6463 6462 6462 6462 6464 6464 6464 6466 6466 6466 6465 6465 6465 6464 6464 6464 6467 6467 6467 6466 6466 6466 6464 6464 6464 6468 6468 6468 6467 6467 6467 6464 6464 6464 6469 6469 6469 6468 6468 6468 6470 6470 6470 6472 6472 6472 6471 6471 6471 6470 6470 6470 6473 6473 6473 6472 6472 6472 6470 6470 6470 6474 6474 6474 6473 6473 6473 6475 6475 6475 6477 6477 6477 6476 6476 6476 6475 6475 6475 6478 6478 6478 6477 6477 6477 6479 6479 6479 6481 6481 6481 6480 6480 6480 6479 6479 6479 6482 6482 6482 6481 6481 6481 6483 6483 6483 6485 6485 6485 6484 6484 6484 6486 6486 6486 6488 6488 6488 6487 6487 6487 6486 6486 6486 6489 6489 6489 6488 6488 6488 6490 6490 6490 6492 6492 6492 6491 6491 6491 6493 6493 6493 6495 6495 6495 6494 6494 6494 6493 6493 6493 6496 6496 6496 6495 6495 6495 6493 6493 6493 6497 6497 6497 6496 6496 6496 6498 6498 6498 6500 6500 6500 6499 6499 6499 6498 6498 6498 6501 6501 6501 6500 6500 6500 6498 6498 6498 6502 6502 6502 6501 6501 6501 6503 6503 6503 6505 6505 6505 6504 6504 6504 6503 6503 6503 6506 6506 6506 6505 6505 6505 6507 6507 6507 6509 6509 6509 6508 6508 6508 6507 6507 6507 6510 6510 6510 6509 6509 6509 6507 6507 6507 6511 6511 6511 6510 6510 6510 6507 6507 6507 6512 6512 6512 6511 6511 6511 6507 6507 6507 6513 6513 6513 6512 6512 6512 6507 6507 6507 6514 6514 6514 6513 6513 6513 6507 6507 6507 6515 6515 6515 6514 6514 6514 6516 6516 6516 6518 6518 6518 6517 6517 6517 6516 6516 6516 6519 6519 6519 6518 6518 6518 6520 6520 6520 6522 6522 6522 6521 6521 6521 6520 6520 6520 6523 6523 6523 6522 6522 6522 6520 6520 6520 6524 6524 6524 6523 6523 6523 6520 6520 6520 6525 6525 6525 6524 6524 6524 6520 6520 6520 6526 6526 6526 6525 6525 6525 6520 6520 6520 6527 6527 6527 6526 6526 6526 6520 6520 6520 6528 6528 6528 6527 6527 6527 6529 6529 6529 6531 6531 6531 6530 6530 6530 6529 6529 6529 6532 6532 6532 6531 6531 6531 6529 6529 6529 6533 6533 6533 6532 6532 6532 6534 6534 6534 6536 6536 6536 6535 6535 6535 6534 6534 6534 6537 6537 6537 6536 6536 6536 6538 6538 6538 6540 6540 6540 6539 6539 6539 6538 6538 6538 6541 6541 6541 6540 6540 6540 6542 6542 6542 6544 6544 6544 6543 6543 6543 6542 6542 6542 6545 6545 6545 6544 6544 6544 6546 6546 6546 6548 6548 6548 6547 6547 6547 6546 6546 6546 6549 6549 6549 6548 6548 6548 6550 6550 6550 6552 6552 6552 6551 6551 6551 6550 6550 6550 6553 6553 6553 6552 6552 6552 6554 6554 6554 6556 6556 6556 6555 6555 6555 6554 6554 6554 6557 6557 6557 6556 6556 6556 6558 6558 6558 6560 6560 6560 6559 6559 6559 6558 6558 6558 6561 6561 6561 6560 6560 6560 6558 6558 6558 6562 6562 6562 6561 6561 6561 6558 6558 6558 6563 6563 6563 6562 6562 6562 6558 6558 6558 6564 6564 6564 6563 6563 6563 6558 6558 6558 6565 6565 6565 6564 6564 6564 6566 6566 6566 6568 6568 6568 6567 6567 6567 6566 6566 6566 6569 6569 6569 6568 6568 6568 6570 6570 6570 6572 6572 6572 6571 6571 6571 6573 6573 6573 6575 6575 6575 6574 6574 6574 6573 6573 6573 6576 6576 6576 6575 6575 6575 6573 6573 6573 6577 6577 6577 6576 6576 6576 6578 6578 6578 6580 6580 6580 6579 6579 6579 6578 6578 6578 6581 6581 6581 6580 6580 6580 6582 6582 6582 6584 6584 6584 6583 6583 6583 6582 6582 6582 6585 6585 6585 6584 6584 6584 6586 6586 6586 6588 6588 6588 6587 6587 6587 6586 6586 6586 6589 6589 6589 6588 6588 6588 6586 6586 6586 6590 6590 6590 6589 6589 6589 6586 6586 6586 6591 6591 6591 6590 6590 6590 6592 6592 6592 6594 6594 6594 6593 6593 6593 6592 6592 6592 6595 6595 6595 6594 6594 6594 6596 6596 6596 6598 6598 6598 6597 6597 6597 6596 6596 6596 6599 6599 6599 6598 6598 6598 6600 6600 6600 6602 6602 6602 6601 6601 6601 6600 6600 6600 6603 6603 6603 6602 6602 6602 6604 6604 6604 6606 6606 6606 6605 6605 6605 6604 6604 6604 6607 6607 6607 6606 6606 6606 6608 6608 6608 6610 6610 6610 6609 6609 6609 6608 6608 6608 6611 6611 6611 6610 6610 6610 6612 6612 6612 6614 6614 6614 6613 6613 6613 6612 6612 6612 6615 6615 6615 6614 6614 6614 6612 6612 6612 6616 6616 6616 6615 6615 6615 6612 6612 6612 6617 6617 6617 6616 6616 6616 6618 6618 6618 6620 6620 6620 6619 6619 6619 6618 6618 6618 6621 6621 6621 6620 6620 6620 6618 6618 6618 6622 6622 6622 6621 6621 6621 6623 6623 6623 6625 6625 6625 6624 6624 6624 6623 6623 6623 6626 6626 6626 6625 6625 6625 6627 6627 6627 6629 6629 6629 6628 6628 6628 6627 6627 6627 6630 6630 6630 6629 6629 6629 6631 6631 6631 6633 6633 6633 6632 6632 6632 6631 6631 6631 6634 6634 6634 6633 6633 6633 6631 6631 6631 6635 6635 6635 6634 6634 6634 6636 6636 6636 6638 6638 6638 6637 6637 6637 6636 6636 6636 6639 6639 6639 6638 6638 6638 6636 6636 6636 6640 6640 6640 6639 6639 6639 6641 6641 6641 6643 6643 6643 6642 6642 6642 6641 6641 6641 6644 6644 6644 6643 6643 6643 6645 6645 6645 6647 6647 6647 6646 6646 6646 6645 6645 6645 6648 6648 6648 6647 6647 6647 6649 6649 6649 6651 6651 6651 6650 6650 6650 6649 6649 6649 6652 6652 6652 6651 6651 6651 6653 6653 6653 6655 6655 6655 6654 6654 6654 6656 6656 6656 6658 6658 6658 6657 6657 6657 6656 6656 6656 6659 6659 6659 6658 6658 6658 6660 6660 6660 6662 6662 6662 6661 6661 6661 6660 6660 6660 6663 6663 6663 6662 6662 6662 6664 6664 6664 6666 6666 6666 6665 6665 6665 6664 6664 6664 6667 6667 6667 6666 6666 6666 6664 6664 6664 6668 6668 6668 6667 6667 6667 6669 6669 6669 6671 6671 6671 6670 6670 6670 6669 6669 6669 6672 6672 6672 6671 6671 6671 6673 6673 6673 6675 6675 6675 6674 6674 6674 6673 6673 6673 6676 6676 6676 6675 6675 6675 6677 6677 6677 6679 6679 6679 6678 6678 6678 6677 6677 6677 6680 6680 6680 6679 6679 6679 6677 6677 6677 6681 6681 6681 6680 6680 6680 6677 6677 6677 6682 6682 6682 6681 6681 6681 6677 6677 6677 6683 6683 6683 6682 6682 6682 6677 6677 6677 6684 6684 6684 6683 6683 6683 6677 6677 6677 6685 6685 6685 6684 6684 6684 6686 6686 6686 6688 6688 6688 6687 6687 6687 6686 6686 6686 6689 6689 6689 6688 6688 6688 6686 6686 6686 6690 6690 6690 6689 6689 6689 6686 6686 6686 6691 6691 6691 6690 6690 6690 6686 6686 6686 6692 6692 6692 6691 6691 6691 6686 6686 6686 6693 6693 6693 6692 6692 6692 6686 6686 6686 6694 6694 6694 6693 6693 6693 6695 6695 6695 6697 6697 6697 6696 6696 6696 6695 6695 6695 6698 6698 6698 6697 6697 6697 6695 6695 6695 6699 6699 6699 6698 6698 6698 6700 6700 6700 6702 6702 6702 6701 6701 6701 6700 6700 6700 6703 6703 6703 6702 6702 6702 6700 6700 6700 6704 6704 6704 6703 6703 6703 6700 6700 6700 6705 6705 6705 6704 6704 6704 6700 6700 6700 6706 6706 6706 6705 6705 6705 6700 6700 6700 6707 6707 6707 6706 6706 6706 6708 6708 6708 6710 6710 6710 6709 6709 6709 6708 6708 6708 6711 6711 6711 6710 6710 6710 6712 6712 6712 6714 6714 6714 6713 6713 6713 6712 6712 6712 6715 6715 6715 6714 6714 6714 6716 6716 6716 6718 6718 6718 6717 6717 6717 6716 6716 6716 6719 6719 6719 6718 6718 6718 6720 6720 6720 6722 6722 6722 6721 6721 6721 6720 6720 6720 6723 6723 6723 6722 6722 6722 6724 6724 6724 6726 6726 6726 6725 6725 6725 6724 6724 6724 6727 6727 6727 6726 6726 6726 6728 6728 6728 6730 6730 6730 6729 6729 6729 6728 6728 6728 6731 6731 6731 6730 6730 6730 6732 6732 6732 6734 6734 6734 6733 6733 6733 6735 6735 6735 6737 6737 6737 6736 6736 6736 6735 6735 6735 6738 6738 6738 6737 6737 6737 6735 6735 6735 6739 6739 6739 6738 6738 6738 6740 6740 6740 6742 6742 6742 6741 6741 6741 6740 6740 6740 6743 6743 6743 6742 6742 6742 6744 6744 6744 6746 6746 6746 6745 6745 6745 6744 6744 6744 6747 6747 6747 6746 6746 6746 6748 6748 6748 6750 6750 6750 6749 6749 6749 6748 6748 6748 6751 6751 6751 6750 6750 6750 6748 6748 6748 6752 6752 6752 6751 6751 6751 6748 6748 6748 6753 6753 6753 6752 6752 6752 6754 6754 6754 6756 6756 6756 6755 6755 6755 6754 6754 6754 6757 6757 6757 6756 6756 6756 6758 6758 6758 6760 6760 6760 6759 6759 6759 6758 6758 6758 6761 6761 6761 6760 6760 6760 6762 6762 6762 6764 6764 6764 6763 6763 6763 6762 6762 6762 6765 6765 6765 6764 6764 6764 6766 6766 6766 6768 6768 6768 6767 6767 6767 6766 6766 6766 6769 6769 6769 6768 6768 6768 6770 6770 6770 6772 6772 6772 6771 6771 6771 6770 6770 6770 6773 6773 6773 6772 6772 6772 6774 6774 6774 6776 6776 6776 6775 6775 6775 6774 6774 6774 6777 6777 6777 6776 6776 6776 6774 6774 6774 6778 6778 6778 6777 6777 6777 6774 6774 6774 6779 6779 6779 6778 6778 6778 6780 6780 6780 6782 6782 6782 6781 6781 6781 6780 6780 6780 6783 6783 6783 6782 6782 6782 6784 6784 6784 6786 6786 6786 6785 6785 6785 6784 6784 6784 6787 6787 6787 6786 6786 6786 6784 6784 6784 6788 6788 6788 6787 6787 6787 6789 6789 6789 6791 6791 6791 6790 6790 6790 6792 6792 6792 6794 6794 6794 6793 6793 6793 6792 6792 6792 6795 6795 6795 6794 6794 6794 6792 6792 6792 6796 6796 6796 6795 6795 6795 6797 6797 6797 6799 6799 6799 6798 6798 6798 6800 6800 6800 6802 6802 6802 6801 6801 6801 6800 6800 6800 6803 6803 6803 6802 6802 6802 6800 6800 6800 6804 6804 6804 6803 6803 6803 6805 6805 6805 6807 6807 6807 6806 6806 6806 6805 6805 6805 6808 6808 6808 6807 6807 6807 6809 6809 6809 6811 6811 6811 6810 6810 6810 6809 6809 6809 6812 6812 6812 6811 6811 6811 6813 6813 6813 6815 6815 6815 6814 6814 6814 6813 6813 6813 6816 6816 6816 6815 6815 6815 6813 6813 6813 6817 6817 6817 6816 6816 6816 6818 6818 6818 6820 6820 6820 6819 6819 6819 6818 6818 6818 6821 6821 6821 6820 6820 6820 6818 6818 6818 6822 6822 6822 6821 6821 6821 6823 6823 6823 6825 6825 6825 6824 6824 6824 6823 6823 6823 6826 6826 6826 6825 6825 6825 6827 6827 6827 6829 6829 6829 6828 6828 6828 6830 6830 6830 6832 6832 6832 6831 6831 6831 6830 6830 6830 6833 6833 6833 6832 6832 6832 6834 6834 6834 6836 6836 6836 6835 6835 6835 6834 6834 6834 6837 6837 6837 6836 6836 6836 6834 6834 6834 6838 6838 6838 6837 6837 6837 6839 6839 6839 6841 6841 6841 6840 6840 6840 6839 6839 6839 6842 6842 6842 6841 6841 6841 6843 6843 6843 6845 6845 6845 6844 6844 6844 6843 6843 6843 6846 6846 6846 6845 6845 6845 6847 6847 6847 6849 6849 6849 6848 6848 6848 6847 6847 6847 6850 6850 6850 6849 6849 6849 6851 6851 6851 6853 6853 6853 6852 6852 6852 6851 6851 6851 6854 6854 6854 6853 6853 6853 6855 6855 6855 6857 6857 6857 6856 6856 6856 6855 6855 6855 6858 6858 6858 6857 6857 6857 6859 6859 6859 6861 6861 6861 6860 6860 6860 6859 6859 6859 6862 6862 6862 6861 6861 6861 6863 6863 6863 6865 6865 6865 6864 6864 6864 6863 6863 6863 6866 6866 6866 6865 6865 6865 6867 6867 6867 6869 6869 6869 6868 6868 6868 6867 6867 6867 6870 6870 6870 6869 6869 6869 6871 6871 6871 6873 6873 6873 6872 6872 6872 6871 6871 6871 6874 6874 6874 6873 6873 6873 6875 6875 6875 6877 6877 6877 6876 6876 6876 6875 6875 6875 6878 6878 6878 6877 6877 6877 6875 6875 6875 6879 6879 6879 6878 6878 6878 6880 6880 6880 6882 6882 6882 6881 6881 6881 6880 6880 6880 6883 6883 6883 6882 6882 6882 6880 6880 6880 6884 6884 6884 6883 6883 6883 6885 6885 6885 6887 6887 6887 6886 6886 6886 6885 6885 6885 6888 6888 6888 6887 6887 6887 6889 6889 6889 6891 6891 6891 6890 6890 6890 6889 6889 6889 6892 6892 6892 6891 6891 6891 6893 6893 6893 6895 6895 6895 6894 6894 6894 6893 6893 6893 6896 6896 6896 6895 6895 6895 6897 6897 6897 6899 6899 6899 6898 6898 6898 6897 6897 6897 6900 6900 6900 6899 6899 6899</p>
        </triangles>
        <triangles material="mat-11" count="183">
          <input semantic="VERTEX" offset="0" source="#Detail0-mesh-vertices"/>
          <input semantic="NORMAL" offset="1" source="#Detail0-mesh-normals"/>
          <input semantic="TEXCOORD" offset="2" source="#Detail0-mesh-map0" set="0"/>
          <p>6901 6901 6901 6903 6903 6903 6902 6902 6902 6901 6901 6901 6904 6904 6904 6903 6903 6903 6905 6905 6905 6907 6907 6907 6906 6906 6906 6905 6905 6905 6908 6908 6908 6907 6907 6907 6909 6909 6909 6911 6911 6911 6910 6910 6910 6909 6909 6909 6912 6912 6912 6911 6911 6911 6913 6913 6913 6915 6915 6915 6914 6914 6914 6913 6913 6913 6916 6916 6916 6915 6915 6915 6913 6913 6913 6917 6917 6917 6916 6916 6916 6913 6913 6913 6918 6918 6918 6917 6917 6917 6919 6919 6919 6921 6921 6921 6920 6920 6920 6919 6919 6919 6922 6922 6922 6921 6921 6921 6919 6919 6919 6923 6923 6923 6922 6922 6922 6924 6924 6924 6926 6926 6926 6925 6925 6925 6924 6924 6924 6927 6927 6927 6926 6926 6926 6928 6928 6928 6930 6930 6930 6929 6929 6929 6928 6928 6928 6931 6931 6931 6930 6930 6930 6928 6928 6928 6932 6932 6932 6931 6931 6931 6928 6928 6928 6933 6933 6933 6932 6932 6932 6934 6934 6934 6936 6936 6936 6935 6935 6935 6934 6934 6934 6937 6937 6937 6936 6936 6936 6938 6938 6938 6940 6940 6940 6939 6939 6939 6938 6938 6938 6941 6941 6941 6940 6940 6940 6942 6942 6942 6944 6944 6944 6943 6943 6943 6942 6942 6942 6945 6945 6945 6944 6944 6944 6946 6946 6946 6948 6948 6948 6947 6947 6947 6946 6946 6946 6949 6949 6949 6948 6948 6948 6950 6950 6950 6952 6952 6952 6951 6951 6951 6950 6950 6950 6953 6953 6953 6952 6952 6952 6954 6954 6954 6956 6956 6956 6955 6955 6955 6954 6954 6954 6957 6957 6957 6956 6956 6956 6954 6954 6954 6958 6958 6958 6957 6957 6957 6959 6959 6959 6961 6961 6961 6960 6960 6960 6959 6959 6959 6962 6962 6962 6961 6961 6961 6959 6959 6959 6963 6963 6963 6962 6962 6962 6964 6964 6964 6966 6966 6966 6965 6965 6965 6964 6964 6964 6967 6967 6967 6966 6966 6966 6964 6964 6964 6968 6968 6968 6967 6967 6967 6969 6969 6969 6971 6971 6971 6970 6970 6970 6969 6969 6969 6972 6972 6972 6971 6971 6971 6969 6969 6969 6973 6973 6973 6972 6972 6972 6969 6969 6969 6974 6974 6974 6973 6973 6973 6975 6975 6975 6977 6977 6977 6976 6976 6976 6975 6975 6975 6978 6978 6978 6977 6977 6977 6979 6979 6979 6981 6981 6981 6980 6980 6980 6979 6979 6979 6982 6982 6982 6981 6981 6981 6983 6983 6983 6985 6985 6985 6984 6984 6984 6983 6983 6983 6986 6986 6986 6985 6985 6985 6983 6983 6983 6987 6987 6987 6986 6986 6986 6983 6983 6983 6988 6988 6988 6987 6987 6987 6983 6983 6983 6989 6989 6989 6988 6988 6988 6983 6983 6983 6990 6990 6990 6989 6989 6989 6983 6983 6983 6991 6991 6991 6990 6990 6990 6992 6992 6992 6994 6994 6994 6993 6993 6993 6992 6992 6992 6995 6995 6995 6994 6994 6994 6996 6996 6996 6998 6998 6998 6997 6997 6997 6996 6996 6996 6999 6999 6999 6998 6998 6998 7000 7000 7000 7002 7002 7002 7001 7001 7001 7000 7000 7000 7003 7003 7003 7002 7002 7002 7004 7004 7004 7006 7006 7006 7005 7005 7005 7004 7004 7004 7007 7007 7007 7006 7006 7006 7008 7008 7008 7010 7010 7010 7009 7009 7009 7008 7008 7008 7011 7011 7011 7010 7010 7010 7012 7012 7012 7014 7014 7014 7013 7013 7013 7012 7012 7012 7015 7015 7015 7014 7014 7014 7016 7016 7016 7018 7018 7018 7017 7017 7017 7016 7016 7016 7019 7019 7019 7018 7018 7018 7020 7020 7020 7022 7022 7022 7021 7021 7021 7020 7020 7020 7023 7023 7023 7022 7022 7022 7024 7024 7024 7026 7026 7026 7025 7025 7025 7024 7024 7024 7027 7027 7027 7026 7026 7026 7028 7028 7028 7030 7030 7030 7029 7029 7029 7028 7028 7028 7031 7031 7031 7030 7030 7030 7028 7028 7028 7032 7032 7032 7031 7031 7031 7033 7033 7033 7035 7035 7035 7034 7034 7034 7033 7033 7033 7036 7036 7036 7035 7035 7035 7037 7037 7037 7039 7039 7039 7038 7038 7038 7037 7037 7037 7040 7040 7040 7039 7039 7039 7037 7037 7037 7041 7041 7041 7040 7040 7040 7042 7042 7042 7044 7044 7044 7043 7043 7043 7042 7042 7042 7045 7045 7045 7044 7044 7044 7042 7042 7042 7046 7046 7046 7045 7045 7045 7042 7042 7042 7047 7047 7047 7046 7046 7046 7048 7048 7048 7050 7050 7050 7049 7049 7049 7048 7048 7048 7051 7051 7051 7050 7050 7050 7052 7052 7052 7054 7054 7054 7053 7053 7053 7052 7052 7052 7055 7055 7055 7054 7054 7054 7056 7056 7056 7058 7058 7058 7057 7057 7057 7056 7056 7056 7059 7059 7059 7058 7058 7058 7060 7060 7060 7062 7062 7062 7061 7061 7061 7060 7060 7060 7063 7063 7063 7062 7062 7062 7060 7060 7060 7064 7064 7064 7063 7063 7063 7065 7065 7065 7067 7067 7067 7066 7066 7066 7065 7065 7065 7068 7068 7068 7067 7067 7067 7065 7065 7065 7069 7069 7069 7068 7068 7068 7065 7065 7065 7070 7070 7070 7069 7069 7069 7071 7071 7071 7073 7073 7073 7072 7072 7072 7071 7071 7071 7074 7074 7074 7073 7073 7073 7075 7075 7075 7077 7077 7077 7076 7076 7076 7075 7075 7075 7078 7078 7078 7077 7077 7077 7079 7079 7079 7081 7081 7081 7080 7080 7080 7079 7079 7079 7082 7082 7082 7081 7081 7081 7079 7079 7079 7083 7083 7083 7082 7082 7082 7084 7084 7084 7086 7086 7086 7085 7085 7085 7084 7084 7084 7087 7087 7087 7086 7086 7086 7084 7084 7084 7088 7088 7088 7087 7087 7087 7089 7089 7089 7091 7091 7091 7090 7090 7090 7089 7089 7089 7092 7092 7092 7091 7091 7091 7089 7089 7089 7093 7093 7093 7092 7092 7092 7094 7094 7094 7096 7096 7096 7095 7095 7095 7094 7094 7094 7097 7097 7097 7096 7096 7096 7094 7094 7094 7098 7098 7098 7097 7097 7097 7099 7099 7099 7101 7101 7101 7100 7100 7100 7099 7099 7099 7102 7102 7102 7101 7101 7101 7103 7103 7103 7105 7105 7105 7104 7104 7104 7103 7103 7103 7106 7106 7106 7105 7105 7105 7103 7103 7103 7107 7107 7107 7106 7106 7106 7103 7103 7103 7108 7108 7108 7107 7107 7107 7103 7103 7103 7109 7109 7109 7108 7108 7108 7110 7110 7110 7112 7112 7112 7111 7111 7111 7110 7110 7110 7113 7113 7113 7112 7112 7112 7114 7114 7114 7116 7116 7116 7115 7115 7115 7114 7114 7114 7117 7117 7117 7116 7116 7116 7118 7118 7118 7120 7120 7120 7119 7119 7119 7118 7118 7118 7121 7121 7121 7120 7120 7120 7118 7118 7118 7122 7122 7122 7121 7121 7121 7123 7123 7123 7125 7125 7125 7124 7124 7124 7123 7123 7123 7126 7126 7126 7125 7125 7125 7123 7123 7123 7127 7127 7127 7126 7126 7126 7128 7128 7128 7130 7130 7130 7129 7129 7129 7128 7128 7128 7131 7131 7131 7130 7130 7130 7128 7128 7128 7132 7132 7132 7131 7131 7131 7128 7128 7128 7133 7133 7133 7132 7132 7132 7134 7134 7134 7136 7136 7136 7135 7135 7135 7134 7134 7134 7137 7137 7137 7136 7136 7136 7134 7134 7134 7138 7138 7138 7137 7137 7137 7139 7139 7139 7141 7141 7141 7140 7140 7140 7139 7139 7139 7142 7142 7142 7141 7141 7141 7139 7139 7139 7143 7143 7143 7142 7142 7142 7144 7144 7144 7146 7146 7146 7145 7145 7145 7144 7144 7144 7147 7147 7147 7146 7146 7146 7148 7148 7148 7150 7150 7150 7149 7149 7149 7148 7148 7148 7151 7151 7151 7150 7150 7150 7152 7152 7152 7154 7154 7154 7153 7153 7153 7152 7152 7152 7155 7155 7155 7154 7154 7154 7152 7152 7152 7156 7156 7156 7155 7155 7155 7152 7152 7152 7157 7157 7157 7156 7156 7156 7152 7152 7152 7158 7158 7158 7157 7157 7157 7152 7152 7152 7159 7159 7159 7158 7158 7158 7152 7152 7152 7160 7160 7160 7159 7159 7159 7152 7152 7152 7161 7161 7161 7160 7160 7160 7162 7162 7162 7164 7164 7164 7163 7163 7163 7162 7162 7162 7165 7165 7165 7164 7164 7164 7166 7166 7166 7168 7168 7168 7167 7167 7167 7166 7166 7166 7169 7169 7169 7168 7168 7168 7170 7170 7170 7172 7172 7172 7171 7171 7171 7170 7170 7170 7173 7173 7173 7172 7172 7172 7174 7174 7174 7176 7176 7176 7175 7175 7175 7174 7174 7174 7177 7177 7177 7176 7176 7176 7178 7178 7178 7180 7180 7180 7179 7179 7179 7178 7178 7178 7181 7181 7181 7180 7180 7180 7182 7182 7182 7184 7184 7184 7183 7183 7183 7182 7182 7182 7185 7185 7185 7184 7184 7184 7186 7186 7186 7188 7188 7188 7187 7187 7187 7186 7186 7186 7189 7189 7189 7188 7188 7188 7190 7190 7190 7192 7192 7192 7191 7191 7191 7190 7190 7190 7193 7193 7193 7192 7192 7192 7190 7190 7190 7194 7194 7194 7193 7193 7193 7190 7190 7190 7195 7195 7195 7194 7194 7194 7196 7196 7196 7198 7198 7198 7197 7197 7197 7196 7196 7196 7199 7199 7199 7198 7198 7198 7196 7196 7196 7200 7200 7200 7199 7199 7199 7196 7196 7196 7201 7201 7201 7200 7200 7200 7202 7202 7202 7204 7204 7204 7203 7203 7203 7202 7202 7202 7205 7205 7205 7204 7204 7204 7206 7206 7206 7208 7208 7208 7207 7207 7207 7206 7206 7206 7209 7209 7209 7208 7208 7208 7206 7206 7206 7210 7210 7210 7209 7209 7209 7206 7206 7206 7211 7211 7211 7210 7210 7210 7212 7212 7212 7214 7214 7214 7213 7213 7213 7212 7212 7212 7215 7215 7215 7214 7214 7214 7216 7216 7216 7218 7218 7218 7217 7217 7217 7216 7216 7216 7219 7219 7219 7218 7218 7218</p>
        </triangles>
      </mesh>
    </geometry>
  </library_geometries>
  <library_visual_scenes>
    <visual_scene id="Scene" name="Scene">
      <node id="Detail0" name="Detail0" type="NODE">
        <instance_geometry url="#Detail0-mesh">
          <bind_material>
            <technique_common>
              <instance_material symbol="mat-0" target="#mat-0"/>
              <instance_material symbol="mat-1" target="#mat-1"/>
              <instance_material symbol="mat-2" target="#mat-2"/>
              <instance_material symbol="mat-3" target="#mat-3"/>
              <instance_material symbol="mat-4" target="#mat-4"/>
              <instance_material symbol="mat-5" target="#mat-5"/>
              <instance_material symbol="mat-6" target="#mat-6"/>
              <instance_material symbol="mat-7" target="#mat-7"/>
              <instance_material symbol="mat-8" target="#mat-8"/>
              <instance_material symbol="mat-9" target="#mat-9"/>
              <instance_material symbol="mat-10" target="#mat-10"/>
              <instance_material symbol="mat-11" target="#mat-11"/>
            </technique_common>
          </bind_material>
        </instance_geometry>
      </node>
    </visual_scene>
  </library_visual_scenes>
  <scene><instance_visual_scene url="#Scene"/></scene>
</COLLADA>
